"species","GCA","analysis_node","filtered_microRNA_score","N50","BUSCO_filled","BUSCO_Score","MirMachine.version","Total.families.searched","miRNA.score","Model"
"Orius_laevigatus","GCA_018703685.1","Neoptera",53.23,104060,"C:89.9%[S:87.0%,D:2.9%],F:1.1%,M:9.0%,n:2510",89.9,"0.2.13",62,55.9322,"proto"
"Mimas_tiliae","GCA_905332985.1","Lepidoptera",71.64,17797476,"C:94.6%[S:92.4%,D:2.2%],F:2.4%,M:3.0%,n:5286",94.6,"0.2.13",67,77.4194,"proto"
"Tupaia_chinensis","GCA_033439345.1","Euarchontoglires",72.15,3217288,"C:94.2%[S:92.9%,D:1.3%],F:1.4%,M:4.4%,n:12692",94.2,"0.2.13",219,83.1579,"deutero"
"Cliona_orientalis","GCA_963930775.1","Demospongiae",0,1978494,"C:87.2%[S:85.0%,D:2.2%],F:3.9%,M:8.9%,n:954",87.2,"0.2.13",6,0,"combined"
"Homo_sapiens","GCA_042030055.1","Catarrhini",74.29,109442972,"C:95.7%[S:95.1%,D:0.6%],F:0.4%,M:3.9%,n:13780",95.7,"0.2.13",245,87.5,"deutero"
"Nibea_albiflora","GCA_014281875.1","Clupeocephala",85.09,4420150,"C:95.5%[S:92.5%,D:3.0%],F:1.8%,M:2.7%,n:3640",95.5,"0.2.13",114,96.0396,"deutero"
"Cerceris_rybyensis","GCA_910591515.1","Endopterygota",67.19,15223619,"C:90.8%[S:90.7%,D:0.1%],F:3.2%,M:6.0%,n:5991",90.8,"0.2.13",64,70.4918,"proto"
"Homo_sapiens","GCA_018505835.1","Catarrhini",74.29,20158908,"C:95.7%[S:95.3%,D:0.4%],F:0.2%,M:4.1%,n:13780",95.7,"0.2.13",245,87.5,"deutero"
"Anabas_testudineus","GCA_900324465.1","Clupeocephala",85.96,7055436,"C:96.8%[S:95.3%,D:1.5%],F:1.1%,M:2.1%,n:3640",96.8,"0.2.13",114,97.0297,"deutero"
"Polyommatus_icarus","GCA_937629555.1","Lepidoptera",73.13,1715259,"C:95.7%[S:94.5%,D:1.2%],F:0.9%,M:3.4%,n:5286",95.7,"0.2.13",67,79.0323,"proto"
"Gorilla_gorilla_gorilla","GCA_029281585.2","Catarrhini",82.04,150804130,"C:97.5%[S:96.5%,D:1.0%],F:1.1%,M:1.4%,n:12692",97.5,"0.2.13",245,96.6346,"deutero"
"Miniopterus_schreibersii","GCA_964146895.1","Laurasiatheria",73.27,2292542,"C:96.9%[S:96.2%,D:0.7%],F:1.1%,M:2.0%,n:12234",96.9,"0.2.13",217,83.6842,"deutero"
"Miniopterus_schreibersii","GCA_964146895.1","Laurasiatheria",73.27,2292542,"C:96.9%[S:96.2%,D:0.7%],F:1.1%,M:2.0%,n:12234",96.9,"0.2.13",217,83.6842,"deutero"
"Miniopterus_schreibersii","GCA_964146895.1","Laurasiatheria",73.27,2292542,"C:96.9%[S:96.2%,D:0.7%],F:1.1%,M:2.0%,n:12234",96.9,"0.2.13",217,83.6842,"deutero"
"Miniopterus_schreibersii","GCA_964146895.1","Laurasiatheria",73.27,2292542,"C:96.9%[S:96.2%,D:0.7%],F:1.1%,M:2.0%,n:12234",96.9,"0.2.13",217,83.6842,"deutero"
"Lysandra_bellargus","GCA_905333045.1","Lepidoptera",71.64,2881691,"C:95.6%[S:94.9%,D:0.7%],F:0.9%,M:3.5%,n:5286",95.6,"0.2.13",67,77.4194,"proto"
"Polydrusus_tereticollis","GCA_963920685.1","Endopterygota",76.56,4992693,"C:96.3%[S:95.2%,D:1.1%],F:1.6%,M:2.1%,n:2124",96.3,"0.2.13",64,80.3279,"proto"
"Panzeria_rudis","GCA_956483635.1","Diptera",65.67,1593398,"C:93.3%[S:85.6%,D:7.7%],F:3.9%,M:2.8%,n:3285",93.3,"0.2.13",67,70.9677,"proto"
"Atethmia_centrago","GCA_905332945.1","Lepidoptera",68.66,170690,"C:86.9%[S:83.5%,D:3.4%],F:4.6%,M:8.5%,n:5286",86.9,"0.2.13",67,74.1935,"proto"
"Ovis_aries","GCA_022416725.1","Laurasiatheria",77.88,64464110,"C:96.6%[S:94.9%,D:1.7%],F:1.1%,M:2.3%,n:12234",96.6,"0.2.13",217,88.9474,"deutero"
"Aporophyla_lueneburgensis","GCA_932294405.1","Lepidoptera",65.67,1233955,"C:90.8%[S:89.8%,D:1.0%],F:1.4%,M:7.8%,n:5286",90.8,"0.2.13",67,70.9677,"proto"
"Pongo_abelii","GCA_002880775.3","Catarrhini",83.27,11074009,"C:96.6%[S:95.9%,D:0.7%],F:0.6%,M:2.8%,n:13780",96.6,"0.2.13",245,98.0769,"deutero"
"Microctonus_aethiopoides","GCA_030272935.1","Endopterygota",67.19,18731,"C:88.4%[S:87.9%,D:0.5%],F:4.3%,M:7.3%,n:5991",88.4,"0.2.13",64,70.4918,"proto"
"Biston_betularia","GCA_905404145.1","Lepidoptera",74.63,14013682,"C:96.3%[S:95.9%,D:0.4%],F:1.0%,M:2.7%,n:5286",96.3,"0.2.13",67,80.6452,"proto"
"Melitaea_cinxia","GCA_905220565.1","Lepidoptera",77.61,7977876,"C:95.8%[S:95.3%,D:0.5%],F:0.8%,M:3.4%,n:5286",95.8,"0.2.13",67,83.871,"proto"
"Elysia_crispata","GCA_963854125.1","Mollusca",48.08,67000,"C:77.2%[S:76.0%,D:1.2%],F:2.6%,M:20.2%,n:5295",77.2,"0.2.13",52,48.0769,"proto"
"Plotosus_lineatus","GCA_024760905.1","Clupeocephala",76.32,36883020,"C:95.2%[S:93.5%,D:1.7%],F:1.2%,M:3.6%,n:3640",95.2,"0.2.13",114,86.1386,"deutero"
"Labeo_rohita","GCA_022985175.1","Clupeocephala",83.33,1265157,"C:94.4%[S:93.1%,D:1.3%],F:1.4%,M:4.2%,n:3640",94.4,"0.2.13",114,94.0594,"deutero"
"Anorthoa_munda","GCA_945859665.1","Lepidoptera",71.64,14168957,"C:93.8%[S:90.8%,D:3.0%],F:3.0%,M:3.2%,n:5286",93.8,"0.2.13",67,77.4194,"proto"
"Scortum_barcoo","GCA_023238725.1","Clupeocephala",85.96,4248160,"C:94.6%[S:92.6%,D:2.0%],F:2.4%,M:3.0%,n:3640",94.6,"0.2.13",114,97.0297,"deutero"
"Syrphus_vitripennis","GCA_958431115.1","Diptera",76.12,2171258,"C:95.2%[S:94.2%,D:1.0%],F:1.2%,M:3.6%,n:3285",95.2,"0.2.13",67,82.2581,"proto"
"Alucita_hexadactyla","GCA_964059475.1","Lepidoptera",70.15,11547540,"C:92.8%[S:91.7%,D:1.1%],F:2.1%,M:5.1%,n:5286",92.8,"0.2.13",67,75.8065,"proto"
"Pieris_rapae","GCA_905147795.1","Lepidoptera",68.66,10651053,"C:92.9%[S:92.4%,D:0.5%],F:0.5%,M:6.6%,n:5286",92.9,"0.2.13",67,74.1935,"proto"
"Acomys_percivali","GCA_964186705.1","Muridae",67.37,26565,"C:95.5%[S:92.1%,D:3.4%],F:1.1%,M:3.4%,n:13798",95.5,"0.2.13",236,76.8116,"deutero"
"Endotricha_flammealis","GCA_905163395.2","Lepidoptera",76.12,3020129,"C:96.4%[S:93.8%,D:2.6%],F:1.9%,M:1.7%,n:5286",96.4,"0.2.13",67,82.2581,"proto"
"Equus_asinus","GCA_016077325.2","Laurasiatheria",80.65,25073460,"C:95.7%[S:95.1%,D:0.6%],F:1.7%,M:2.6%,n:12234",95.7,"0.2.13",217,92.1053,"deutero"
"Andrena_bucephala","GCA_947577245.1","Endopterygota",65.62,7988040,"C:93.7%[S:93.3%,D:0.4%],F:2.4%,M:3.9%,n:5991",93.7,"0.2.13",64,68.8525,"proto"
"Eupithecia_exiguata","GCA_947086475.1","Lepidoptera",67.16,441991,"C:93.1%[S:89.2%,D:3.9%],F:2.6%,M:4.3%,n:5286",93.1,"0.2.13",67,72.5806,"proto"
"Limnoperna_fortunei","GCA_944589985.1","Mollusca",90.38,1576211,"C:92.8%[S:82.2%,D:10.6%],F:1.7%,M:5.5%,n:5295",92.8,"0.2.13",52,90.3846,"proto"
"Macaca_thibetana_thibetana","GCA_024542745.1","Catarrhini",82.86,48622411,"C:96.0%[S:95.5%,D:0.5%],F:1.1%,M:2.9%,n:13780",96,"0.2.13",245,97.5962,"deutero"
"Stomorhina_lunata","GCA_933228635.1","Diptera",64.18,471405,"C:96.9%[S:95.4%,D:1.5%],F:0.9%,M:2.2%,n:3285",96.9,"0.2.13",67,69.3548,"proto"
"Abramis_brama","GCA_022829085.1","Clupeocephala",81.58,10167936,"C:95.7%[S:93.3%,D:2.4%],F:0.4%,M:3.9%,n:3640",95.7,"0.2.13",114,92.0792,"deutero"
"Lasius_platythorax","GCA_963971435.1","Endopterygota",67.19,570517,"C:93.9%[S:93.5%,D:0.4%],F:2.8%,M:3.3%,n:5991",93.9,"0.2.13",64,70.4918,"proto"
"Lasius_platythorax","GCA_963971435.1","Endopterygota",67.19,570517,"C:93.9%[S:93.5%,D:0.4%],F:2.8%,M:3.3%,n:5991",93.9,"0.2.13",64,70.4918,"proto"
"Lasius_platythorax","GCA_963971435.1","Endopterygota",67.19,570517,"C:93.9%[S:93.5%,D:0.4%],F:2.8%,M:3.3%,n:5991",93.9,"0.2.13",64,70.4918,"proto"
"Lasius_platythorax","GCA_963971435.1","Endopterygota",67.19,570517,"C:93.9%[S:93.5%,D:0.4%],F:2.8%,M:3.3%,n:5991",93.9,"0.2.13",64,70.4918,"proto"
"Neria_commutata","GCA_963457695.1","Diptera",71.64,3039449,"C:95.2%[S:84.6%,D:10.6%],F:1.2%,M:3.6%,n:3285",95.2,"0.2.13",67,77.4194,"proto"
"Pterostichus_niger","GCA_947425015.1","Endopterygota",70.31,2834613,"C:94.2%[S:93.6%,D:0.6%],F:0.5%,M:5.3%,n:2124",94.2,"0.2.13",64,73.7705,"proto"
"Homo_sapiens","GCA_042077745.1","Catarrhini",84.49,108605997,"C:98.9%[S:98.4%,D:0.5%],F:0.4%,M:0.7%,n:13780",98.9,"0.2.13",245,99.5192,"deutero"
"Aporia_crataegi","GCA_912999735.1","Lepidoptera",71.64,9626953,"C:96.4%[S:95.7%,D:0.7%],F:0.7%,M:2.9%,n:5286",96.4,"0.2.13",67,77.4194,"proto"
"Eupeodes_corollae","GCA_945859685.1","Diptera",76.12,2287194,"C:96.2%[S:95.3%,D:0.9%],F:0.8%,M:3.0%,n:3285",96.2,"0.2.13",67,82.2581,"proto"
"Furcula_furcula","GCA_911728485.2","Lepidoptera",71.64,1230990,"C:92.5%[S:89.5%,D:3.0%],F:3.2%,M:4.3%,n:5286",92.5,"0.2.13",67,77.4194,"proto"
"Andrena_minutula","GCA_929113085.1","Endopterygota",48.44,1544802,"C:70.1%[S:69.5%,D:0.6%],F:1.4%,M:28.5%,n:5991",70.1,"0.2.13",64,50.8197,"proto"
"Morus_bassanus","GCA_031468805.1","Neoaves",83.72,9126423,"C:91.8%[S:91.4%,D:0.4%],F:2.4%,M:5.8%,n:8338",91.8,"0.2.13",129,94.7368,"deutero"
"Apotomis_betuletana","GCA_932273875.1","Lepidoptera",73.13,1879891,"C:92.6%[S:89.9%,D:2.7%],F:2.9%,M:4.5%,n:5286",92.6,"0.2.13",67,79.0323,"proto"
"Gandaritis_pyraliata","GCA_947859175.1","Lepidoptera",68.66,8287154,"C:95.2%[S:91.9%,D:3.3%],F:1.8%,M:3.0%,n:5286",95.2,"0.2.13",67,74.1935,"proto"
"Cosmia_trapezina","GCA_905163495.2","Lepidoptera",70.15,7584852,"C:93.6%[S:90.6%,D:3.0%],F:2.8%,M:3.6%,n:5286",93.6,"0.2.13",67,75.8065,"proto"
"Bembecia_ichneumoniformis","GCA_910589565.1","Lepidoptera",47.76,331879,"C:80.5%[S:79.1%,D:1.4%],F:1.5%,M:18.0%,n:5286",80.5,"0.2.13",67,51.6129,"proto"
"Siderastrea_radians","GCA_964017195.1","Cnidaria",33.33,4187519,"C:94.9%[S:92.6%,D:2.3%],F:2.6%,M:2.5%,n:954",94.9,"0.2.13",3,33.3333,"combined"
"Plagiodera_versicolora","GCA_963584125.1","Endopterygota",75,4745322,"C:96.3%[S:95.5%,D:0.8%],F:1.0%,M:2.7%,n:2124",96.3,"0.2.13",64,78.6885,"proto"
"Marasmarcha_lunaedactyla","GCA_923062675.1","Lepidoptera",65.67,25480979,"C:91.7%[S:89.1%,D:2.6%],F:3.4%,M:4.9%,n:5286",91.7,"0.2.13",67,70.9677,"proto"
"Peromyscus_leucopus","GCA_004664715.1","Glires",72.27,4102727,"C:94.9%[S:92.8%,D:2.1%],F:1.3%,M:3.8%,n:12692",94.9,"0.2.13",220,83.2461,"deutero"
"Cybosia_mesomella","GCA_946251805.1","Lepidoptera",70.15,9050000,"C:91.1%[S:88.3%,D:2.8%],F:4.4%,M:4.5%,n:5286",91.1,"0.2.13",67,75.8065,"proto"
"Dimorphilus_gyrociliatus","GCA_904063045.1","Annelida",48.44,979161,"C:91.8%[S:89.5%,D:2.3%],F:1.3%,M:6.9%,n:954",91.8,"0.2.13",64,48.4375,"proto"
"Peromyscus_eremicus","GCA_902702925.1","Glires",68.64,64291,"C:85.8%[S:84.1%,D:1.7%],F:4.3%,M:9.9%,n:12692",85.8,"0.2.13",220,79.0576,"deutero"
"Lycia_hirtaria","GCA_947563715.1","Lepidoptera",70.15,11784587,"C:93.0%[S:89.6%,D:3.4%],F:2.9%,M:4.1%,n:5286",93,"0.2.13",67,75.8065,"proto"
"Apoderus_coryli","GCA_911728435.2","Endopterygota",71.88,15031106,"C:96.6%[S:90.7%,D:5.9%],F:1.8%,M:1.6%,n:2124",96.6,"0.2.13",64,75.4098,"proto"
"Andrena_marginata","GCA_963932335.1","Endopterygota",68.75,5295853,"C:92.0%[S:91.6%,D:0.4%],F:3.5%,M:4.5%,n:5991",92,"0.2.13",64,72.1311,"proto"
"Oryctolagus_cuniculus_cuniculus","GCA_013371645.1","Glires",79.09,1879078,"C:89.9%[S:87.5%,D:2.4%],F:3.1%,M:7.0%,n:13798",89.9,"0.2.13",220,91.0995,"deutero"
"Synanthedon_tipuliformis","GCA_947623395.1","Lepidoptera",70.15,9776511,"C:95.5%[S:94.7%,D:0.8%],F:0.8%,M:3.7%,n:5286",95.5,"0.2.13",67,75.8065,"proto"
"Erebia_aethiops","GCA_923060345.1","Lepidoptera",73.13,21423644,"C:94.0%[S:91.8%,D:2.2%],F:2.9%,M:3.1%,n:5286",94,"0.2.13",67,79.0323,"proto"
"Ovis_aries","GCA_018804185.1","Laurasiatheria",77.42,85264699,"C:96.3%[S:94.6%,D:1.7%],F:1.3%,M:2.4%,n:13335",96.3,"0.2.13",217,88.4211,"deutero"
"Lanistes_nyassanus","GCA_004794575.1","Mollusca",75,25785,"C:88.7%[S:87.5%,D:1.2%],F:2.3%,M:9.0%,n:5295",88.7,"0.2.13",52,75,"proto"
"Watsonalla_binaria","GCA_929442715.1","Lepidoptera",70.15,1095795,"C:89.7%[S:87.2%,D:2.5%],F:2.3%,M:8.0%,n:5286",89.7,"0.2.13",67,75.8065,"proto"
"Cheilosia_vernalis","GCA_949126925.1","Diptera",76.12,9620535,"C:94.0%[S:86.7%,D:7.3%],F:2.3%,M:3.7%,n:3285",94,"0.2.13",67,82.2581,"proto"
"Nysson_spinosus","GCA_910591465.1","Endopterygota",71.88,3134880,"C:94.8%[S:94.3%,D:0.5%],F:1.0%,M:4.2%,n:5991",94.8,"0.2.13",64,75.4098,"proto"
"Epinotia_bilunana","GCA_947049275.1","Lepidoptera",73.13,8321754,"C:90.1%[S:86.8%,D:3.3%],F:4.0%,M:5.9%,n:5286",90.1,"0.2.13",67,79.0323,"proto"
"Euclidia_mi","GCA_944738845.2","Lepidoptera",73.13,2616949,"C:94.3%[S:90.7%,D:3.6%],F:1.4%,M:4.3%,n:5286",94.3,"0.2.13",67,79.0323,"proto"
"Vanessa_atalanta","GCA_905147705.2","Lepidoptera",76.12,5095203,"C:91.7%[S:91.4%,D:0.3%],F:0.7%,M:7.6%,n:5286",91.7,"0.2.13",67,82.2581,"proto"
"Cheilosia_vulpina","GCA_916610125.1","Diptera",76.12,45551726,"C:94.2%[S:89.8%,D:4.4%],F:2.0%,M:3.8%,n:3285",94.2,"0.2.13",67,82.2581,"proto"
"Caradrina_clavipalpis","GCA_932526345.1","Lepidoptera",68.66,7940308,"C:97.3%[S:96.8%,D:0.5%],F:0.9%,M:1.8%,n:5286",97.3,"0.2.13",67,74.1935,"proto"
"Formica_aserva","GCA_037039905.1","Endopterygota",68.75,1209181,"C:94.3%[S:91.4%,D:2.9%],F:2.1%,M:3.6%,n:5991",94.3,"0.2.13",64,72.1311,"proto"
"Synanthedon_andrenaeformis","GCA_936446665.1","Lepidoptera",70.15,11320543,"C:94.0%[S:91.3%,D:2.7%],F:2.4%,M:3.6%,n:5286",94,"0.2.13",67,75.8065,"proto"
"Anguilla_rostrata","GCA_018555375.2","Neopterygii",81.98,5018377,"C:90.2%[S:81.9%,D:8.3%],F:3.9%,M:5.9%,n:3640",90.2,"0.2.13",111,92.8571,"deutero"
"Morus_bassanus","GCA_031468815.1","Neoaves",84.5,10178591,"C:91.6%[S:91.1%,D:0.5%],F:2.4%,M:6.0%,n:8338",91.6,"0.2.13",129,95.614,"deutero"
"Pan_paniscus","GCA_029289425.2","Catarrhini",83.27,147028407,"C:97.0%[S:96.2%,D:0.8%],F:1.4%,M:1.6%,n:12692",97,"0.2.13",245,98.0769,"deutero"
"Zeuzera_pyrina","GCA_907165255.1","Lepidoptera",71.64,342341,"C:85.7%[S:83.1%,D:2.6%],F:5.3%,M:9.0%,n:5286",85.7,"0.2.13",67,77.4194,"proto"
"Harpalus_rubripes","GCA_963082715.1","Endopterygota",75,5994626,"C:95.9%[S:91.1%,D:4.8%],F:2.1%,M:2.0%,n:2124",95.9,"0.2.13",64,78.6885,"proto"
"Orthosia_gracilis","GCA_947562075.1","Lepidoptera",71.64,14109635,"C:91.8%[S:87.6%,D:4.2%],F:3.3%,M:4.9%,n:5286",91.8,"0.2.13",67,77.4194,"proto"
"Cavia_tschudii","GCA_004027695.1","Glires",80,64807,"C:83.0%[S:82.3%,D:0.7%],F:6.3%,M:10.7%,n:12692",83,"0.2.13",220,92.1466,"deutero"
"Lateolabrax_maculatus","GCA_031216445.1","Clupeocephala",85.96,27954791,"C:96.6%[S:95.8%,D:0.8%],F:1.1%,M:2.3%,n:3640",96.6,"0.2.13",114,97.0297,"deutero"
"Phania_funesta","GCA_963932375.1","Diptera",70.15,11699856,"C:95.7%[S:91.2%,D:4.5%],F:2.7%,M:1.6%,n:3285",95.7,"0.2.13",67,75.8065,"proto"
"Anthocharis_cardamines","GCA_905404305.1","Lepidoptera",70.15,3354000,"C:90.2%[S:89.6%,D:0.6%],F:0.9%,M:8.9%,n:5286",90.2,"0.2.13",67,75.8065,"proto"
"Agapetus_fuscipes","GCA_951799405.1","Endopterygota",67.19,1629991,"C:95.2%[S:93.5%,D:1.7%],F:2.1%,M:2.7%,n:2124",95.2,"0.2.13",64,70.4918,"proto"
"Astyanax_mexicanus","GCA_023375975.1","Clupeocephala",78.07,47087582,"C:97.9%[S:96.9%,D:1.0%],F:0.7%,M:1.4%,n:3640",97.9,"0.2.13",114,88.1188,"deutero"
"Salarias_fasciatus","GCA_902148845.1","Clupeocephala",85.96,2597836,"C:92.4%[S:86.7%,D:5.7%],F:2.4%,M:5.2%,n:3640",92.4,"0.2.13",114,97.0297,"deutero"
"Homo_sapiens","GCA_009914755.4","Catarrhini",84.49,150617247,"C:99.1%[S:98.8%,D:0.3%],F:0.2%,M:0.7%,n:13780",99.1,"0.2.13",245,99.5192,"deutero"
"Erebia_aethiops","GCA_923062935.2","Lepidoptera",70.15,608288,"C:87.0%[S:84.3%,D:2.7%],F:2.5%,M:10.5%,n:5286",87,"0.2.13",67,75.8065,"proto"
"Tetheella_fluctuosa","GCA_951216915.1","Lepidoptera",76.12,8785854,"C:94.9%[S:91.6%,D:3.3%],F:2.2%,M:2.9%,n:5286",94.9,"0.2.13",67,82.2581,"proto"
"Idaea_dimidiata","GCA_949358575.1","Lepidoptera",68.66,4628752,"C:95.4%[S:91.9%,D:3.5%],F:1.8%,M:2.8%,n:5286",95.4,"0.2.13",67,74.1935,"proto"
"Liopterus_haemorrhoidalis","GCA_963971575.1","Endopterygota",70.31,2239306,"C:94.1%[S:92.6%,D:1.5%],F:2.6%,M:3.3%,n:2124",94.1,"0.2.13",64,73.7705,"proto"
"Liopterus_haemorrhoidalis","GCA_963971575.1","Endopterygota",70.31,2239306,"C:94.1%[S:92.6%,D:1.5%],F:2.6%,M:3.3%,n:2124",94.1,"0.2.13",64,73.7705,"proto"
"Liopterus_haemorrhoidalis","GCA_963971575.1","Endopterygota",70.31,2239306,"C:94.1%[S:92.6%,D:1.5%],F:2.6%,M:3.3%,n:2124",94.1,"0.2.13",64,73.7705,"proto"
"Liopterus_haemorrhoidalis","GCA_963971575.1","Endopterygota",70.31,2239306,"C:94.1%[S:92.6%,D:1.5%],F:2.6%,M:3.3%,n:2124",94.1,"0.2.13",64,73.7705,"proto"
"Callimorpha_dominula","GCA_949752705.1","Lepidoptera",74.63,9439834,"C:93.6%[S:89.8%,D:3.8%],F:3.0%,M:3.4%,n:5286",93.6,"0.2.13",67,80.6452,"proto"
"Lochmaea_capreae","GCA_949126875.1","Endopterygota",75,9517382,"C:97.3%[S:96.4%,D:0.9%],F:0.5%,M:2.2%,n:2124",97.3,"0.2.13",64,78.6885,"proto"
"Tholera_decimalis","GCA_943138885.1","Lepidoptera",70.15,9389367,"C:97.3%[S:96.3%,D:1.0%],F:0.9%,M:1.8%,n:5286",97.3,"0.2.13",67,75.8065,"proto"
"Bombylius_major","GCA_932526495.1","Diptera",73.13,18803170,"C:94.5%[S:93.3%,D:1.2%],F:0.7%,M:4.8%,n:3285",94.5,"0.2.13",67,79.0323,"proto"
"Homo_sapiens","GCA_018472595.1","Catarrhini",84.49,48061544,"C:99.0%[S:98.6%,D:0.4%],F:0.2%,M:0.8%,n:13780",99,"0.2.13",245,99.5192,"deutero"
"Philonthus_cognatus","GCA_932526585.1","Endopterygota",75,29486216,"C:92.6%[S:88.7%,D:3.9%],F:4.6%,M:2.8%,n:2124",92.6,"0.2.13",64,78.6885,"proto"
"Miichthys_miiuy","GCA_036365135.1","Clupeocephala",85.96,2496000,"C:93.1%[S:91.2%,D:1.9%],F:2.3%,M:4.6%,n:3640",93.1,"0.2.13",114,97.0297,"deutero"
"Epinotia_ramella","GCA_947578815.1","Lepidoptera",71.64,13995162,"C:90.6%[S:86.5%,D:4.1%],F:3.9%,M:5.5%,n:5286",90.6,"0.2.13",67,77.4194,"proto"
"Cydia_strobilella","GCA_947568895.1","Lepidoptera",74.63,2810164,"C:94.9%[S:93.7%,D:1.2%],F:1.2%,M:3.9%,n:5286",94.9,"0.2.13",67,80.6452,"proto"
"Ligdia_adustata","GCA_947049295.1","Lepidoptera",74.63,12895190,"C:94.0%[S:91.1%,D:2.9%],F:2.0%,M:4.0%,n:5286",94,"0.2.13",67,80.6452,"proto"
"Oryzias_latipes","GCA_947078835.1","Clupeocephala",80.7,1329554,"C:95.7%[S:94.7%,D:1.0%],F:1.5%,M:2.8%,n:3640",95.7,"0.2.13",114,91.0891,"deutero"
"Oxyura_jamaicensis","GCA_011077185.1","Neognathae",78.12,128592,"C:93.6%[S:92.4%,D:1.2%],F:2.4%,M:4.0%,n:8338",93.6,"0.2.13",128,88.4956,"deutero"
"Yponomeuta_cagnagella","GCA_947310355.1","Lepidoptera",64.18,3172057,"C:90.0%[S:89.2%,D:0.8%],F:1.0%,M:9.0%,n:5286",90,"0.2.13",67,69.3548,"proto"
"Yponomeuta_plumbellus","GCA_947310575.1","Lepidoptera",70.15,679964,"C:93.3%[S:91.7%,D:1.6%],F:1.3%,M:5.4%,n:5286",93.3,"0.2.13",67,75.8065,"proto"
"Homo_sapiens","GCA_018504055.1","Catarrhini",84.49,24285731,"C:98.8%[S:98.4%,D:0.4%],F:0.2%,M:1.0%,n:13780",98.8,"0.2.13",245,99.5192,"deutero"
"Teleiodes_luculella","GCA_948473455.1","Lepidoptera",68.66,520963,"C:91.7%[S:85.7%,D:6.0%],F:2.6%,M:5.7%,n:5286",91.7,"0.2.13",67,74.1935,"proto"
"Amphipyra_berbera","GCA_910595045.1","Lepidoptera",71.64,7817512,"C:97.0%[S:96.4%,D:0.6%],F:0.9%,M:2.1%,n:5286",97,"0.2.13",67,77.4194,"proto"
"Eupeodes_luniger","GCA_951509635.1","Diptera",76.12,5195795,"C:93.9%[S:86.6%,D:7.3%],F:2.3%,M:3.8%,n:3285",93.9,"0.2.13",67,82.2581,"proto"
"Lithophane_semibrunnea","GCA_947363905.1","Lepidoptera",70.15,2743605,"C:94.4%[S:90.6%,D:3.8%],F:2.5%,M:3.1%,n:5286",94.4,"0.2.13",67,75.8065,"proto"
"Cantharis_nigra","GCA_958510845.1","Endopterygota",71.88,10907000,"C:97.1%[S:91.1%,D:6.0%],F:1.4%,M:1.5%,n:2124",97.1,"0.2.13",64,75.4098,"proto"
"Petrophora_chlorosata","GCA_951640565.1","Lepidoptera",71.64,8688886,"C:95.1%[S:91.6%,D:3.5%],F:1.8%,M:3.1%,n:5286",95.1,"0.2.13",67,77.4194,"proto"
"Lampris_incognitus","GCA_022059245.1","Clupeocephala",80.7,3708147,"C:92.1%[S:90.3%,D:1.8%],F:2.8%,M:5.1%,n:3640",92.1,"0.2.13",114,91.0891,"deutero"
"Homo_sapiens","GCA_018504645.1","Catarrhini",74.29,30220240,"C:95.7%[S:95.3%,D:0.4%],F:0.2%,M:4.1%,n:13780",95.7,"0.2.13",245,87.5,"deutero"
"Cantharis_rustica","GCA_911387805.1","Endopterygota",71.88,17823022,"C:96.4%[S:92.4%,D:4.0%],F:1.7%,M:1.9%,n:2124",96.4,"0.2.13",64,75.4098,"proto"
"Aplocera_efformata","GCA_921293045.1","Lepidoptera",67.16,12527553,"C:97.1%[S:96.6%,D:0.5%],F:0.9%,M:2.0%,n:5286",97.1,"0.2.13",67,72.5806,"proto"
"Aquila_chrysaetos_chrysaetos","GCA_900496995.4","Neoaves",82.17,21924221,"C:95.9%[S:95.3%,D:0.6%],F:0.9%,M:3.2%,n:8338",95.9,"0.2.13",129,92.9825,"deutero"
"Mytilus_edulis","GCA_019925275.1","Mollusca",82.69,490737,"C:81.8%[S:70.7%,D:11.1%],F:3.0%,M:15.2%,n:5295",81.8,"0.2.13",52,82.6923,"proto"
"Bombylius_discolor","GCA_939192785.1","Diptera",64.18,185253,"C:80.1%[S:78.5%,D:1.6%],F:1.7%,M:18.2%,n:3285",80.1,"0.2.13",67,69.3548,"proto"
"Andrena_dorsata","GCA_929114765.1","Endopterygota",57.81,3163234,"C:74.7%[S:74.1%,D:0.6%],F:1.2%,M:24.1%,n:5991",74.7,"0.2.13",64,60.6557,"proto"
"Ostrea_denselamellosa","GCA_024699665.1","Mollusca",96.15,13952798,"C:85.7%[S:85.1%,D:0.6%],F:3.6%,M:10.7%,n:5295",85.7,"0.2.13",52,96.1538,"proto"
"Gambusia_affinis","GCA_019740435.1","Clupeocephala",82.46,12906370,"C:95.5%[S:94.1%,D:1.4%],F:1.1%,M:3.4%,n:3640",95.5,"0.2.13",114,93.0693,"deutero"
"Dendrolimus_pini","GCA_949752895.1","Lepidoptera",73.13,6867045,"C:93.3%[S:92.7%,D:0.6%],F:1.5%,M:5.2%,n:5286",93.3,"0.2.13",67,79.0323,"proto"
"Bombus_confusus","GCA_014737475.1","Endopterygota",68.75,411713,"C:93.7%[S:93.5%,D:0.2%],F:2.4%,M:3.9%,n:5991",93.7,"0.2.13",64,72.1311,"proto"
"Eumetopias_jubatus","GCA_037043125.1","Laurasiatheria",81.11,61020890,"C:95.9%[S:93.2%,D:2.7%],F:0.5%,M:3.6%,n:14502",95.9,"0.2.13",217,92.6316,"deutero"
"Vanessa_atalanta","GCA_905147765.2","Lepidoptera",77.61,12152710,"C:95.8%[S:95.6%,D:0.2%],F:0.8%,M:3.4%,n:5286",95.8,"0.2.13",67,83.871,"proto"
"Sturmia_bella","GCA_963662145.1","Diptera",70.15,8855949,"C:95.8%[S:92.3%,D:3.5%],F:2.6%,M:1.6%,n:3285",95.8,"0.2.13",67,75.8065,"proto"
"Homo_sapiens","GCA_018472585.1","Catarrhini",74.29,34669379,"C:95.7%[S:95.3%,D:0.4%],F:0.2%,M:4.1%,n:13780",95.7,"0.2.13",245,87.5,"deutero"
"Candidula_unifasciata","GCA_905116865.2","Mollusca",78.85,246413,"C:86.2%[S:73.3%,D:12.9%],F:2.7%,M:11.1%,n:5295",86.2,"0.2.13",52,78.8462,"proto"
"Polymixis_flavicincta","GCA_949987655.1","Lepidoptera",73.13,11995485,"C:94.5%[S:94.0%,D:0.5%],F:1.1%,M:4.4%,n:5286",94.5,"0.2.13",67,79.0323,"proto"
"Tachina_grossa","GCA_949987645.1","Diptera",67.16,29528263,"C:95.5%[S:94.8%,D:0.7%],F:1.2%,M:3.3%,n:3285",95.5,"0.2.13",67,72.5806,"proto"
"Bicyclus_anynana","GCA_947172395.1","Lepidoptera",71.64,1166575,"C:95.5%[S:94.6%,D:0.9%],F:1.1%,M:3.4%,n:5286",95.5,"0.2.13",67,77.4194,"proto"
"Limanda_limanda","GCA_963576545.1","Clupeocephala",83.33,3420448,"C:96.1%[S:94.2%,D:1.9%],F:1.0%,M:2.9%,n:3640",96.1,"0.2.13",114,94.0594,"deutero"
"Ophion_slaviceki","GCA_944452655.1","Endopterygota",59.38,197158,"C:83.2%[S:81.1%,D:2.1%],F:7.6%,M:9.2%,n:5991",83.2,"0.2.13",64,62.2951,"proto"
"Cosmia_trapezina","GCA_905163495.3","Lepidoptera",70.15,7584852,"C:93.3%[S:90.4%,D:2.9%],F:2.6%,M:4.1%,n:5286",93.3,"0.2.13",67,75.8065,"proto"
"Antedon_bifida","GCA_963402885.1","Echinodermata",58.97,10359000,"C:97.4%[S:96.9%,D:0.5%],F:1.6%,M:1.0%,n:954",97.4,"0.2.13",39,58.9744,"deutero"
"Ceutorhynchus_assimilis","GCA_917834065.1","Endopterygota",71.88,3538480,"C:94.2%[S:91.4%,D:2.8%],F:1.4%,M:4.4%,n:2124",94.2,"0.2.13",64,75.4098,"proto"
"Glyptemys_insculpta","GCA_032172135.1","Archelosauria",88.98,95749198,"C:90.7%[S:88.9%,D:1.8%],F:2.1%,M:7.2%,n:7480",90.7,"0.2.13",118,98.1308,"deutero"
"Polydrusus_cervinus","GCA_935413205.1","Endopterygota",81.25,19113408,"C:93.5%[S:90.1%,D:3.4%],F:3.6%,M:2.9%,n:2124",93.5,"0.2.13",64,85.2459,"proto"
"Onychomys_leucogaster","GCA_949786395.1","Glires",64.09,20532404,"C:94.4%[S:93.9%,D:0.5%],F:0.8%,M:4.8%,n:13798",94.4,"0.2.13",220,73.822,"deutero"
"Epinephelus_moara","GCA_006386435.1","Clupeocephala",85.96,76174,"C:96.8%[S:95.9%,D:0.9%],F:1.0%,M:2.2%,n:3640",96.8,"0.2.13",114,97.0297,"deutero"
"Orthosia_incerta","GCA_948252205.1","Lepidoptera",73.13,5146806,"C:91.7%[S:87.8%,D:3.9%],F:3.7%,M:4.6%,n:5286",91.7,"0.2.13",67,79.0323,"proto"
"Falco_peregrinus","GCA_023634155.1","Neoaves",83.72,15744644,"C:93.4%[S:92.7%,D:0.7%],F:2.5%,M:4.1%,n:8338",93.4,"0.2.13",129,94.7368,"deutero"
"Protocalliphora_azurea","GCA_932273785.1","Diptera",71.64,1535847,"C:96.8%[S:95.9%,D:0.9%],F:0.7%,M:2.5%,n:3285",96.8,"0.2.13",67,77.4194,"proto"
"Nymphalis_urticae","GCA_905147175.2","Lepidoptera",76.12,12914721,"C:97.0%[S:96.7%,D:0.3%],F:0.6%,M:2.4%,n:5286",97,"0.2.13",67,82.2581,"proto"
"Syritta_pipiens","GCA_905187475.1","Diptera",71.64,28212948,"C:96.0%[S:95.4%,D:0.6%],F:0.9%,M:3.1%,n:3285",96,"0.2.13",67,77.4194,"proto"
"Polydrusus_pterygomalis","GCA_963969555.1","Endopterygota",81.25,23161000,"C:96.0%[S:95.1%,D:0.9%],F:2.1%,M:1.9%,n:2124",96,"0.2.13",64,85.2459,"proto"
"Eristalis_tenax","GCA_905231855.1","Diptera",73.13,6649640,"C:96.0%[S:95.2%,D:0.8%],F:0.7%,M:3.3%,n:3285",96,"0.2.13",67,79.0323,"proto"
"Homo_sapiens","GCA_042077735.1","Catarrhini",84.49,135341326,"C:98.9%[S:98.3%,D:0.6%],F:0.4%,M:0.7%,n:13780",98.9,"0.2.13",245,99.5192,"deutero"
"Eristalis_arbustorum","GCA_916610145.1","Diptera",71.64,1235116,"C:95.9%[S:95.2%,D:0.7%],F:0.7%,M:3.4%,n:3285",95.9,"0.2.13",67,77.4194,"proto"
"Unio_pictorum","GCA_030141615.1","Mollusca",90.38,10612599,"C:82.2%[S:79.4%,D:2.8%],F:3.7%,M:14.1%,n:5295",82.2,"0.2.13",52,90.3846,"proto"
"Unio_pictorum","GCA_030141615.1","Mollusca",90.38,10612599,"C:82.2%[S:79.4%,D:2.8%],F:3.7%,M:14.1%,n:5295",82.2,"0.2.13",52,90.3846,"proto"
"Unio_pictorum","GCA_030141615.1","Mollusca",90.38,10612599,"C:82.2%[S:79.4%,D:2.8%],F:3.7%,M:14.1%,n:5295",82.2,"0.2.13",52,90.3846,"proto"
"Unio_pictorum","GCA_030141615.1","Mollusca",90.38,10612599,"C:82.2%[S:79.4%,D:2.8%],F:3.7%,M:14.1%,n:5295",82.2,"0.2.13",52,90.3846,"proto"
"Calliphora_vomitoria","GCA_942486065.2","Diptera",67.16,14560000,"C:96.6%[S:96.0%,D:0.6%],F:0.6%,M:2.8%,n:3285",96.6,"0.2.13",67,72.5806,"proto"
"Agrotis_puta","GCA_943137145.2","Lepidoptera",70.15,637518,"C:95.3%[S:94.1%,D:1.2%],F:1.0%,M:3.7%,n:5286",95.3,"0.2.13",67,75.8065,"proto"
"Sialis_lutaria","GCA_949319165.1","Endopterygota",75,6710782,"C:96.6%[S:95.7%,D:0.9%],F:1.1%,M:2.3%,n:2124",96.6,"0.2.13",64,78.6885,"proto"
"Aethina_tumida","GCA_024364635.1","Endopterygota",43.75,840799,"C:50.6%[S:48.9%,D:1.7%],F:1.3%,M:48.1%,n:2124",50.6,"0.2.13",64,45.9016,"proto"
"Hypophthalmichthys_molitrix","GCA_022817975.1","Clupeocephala",80.7,21629,"C:93.3%[S:91.8%,D:1.5%],F:2.5%,M:4.2%,n:3640",93.3,"0.2.13",114,91.0891,"deutero"
"Thyatira_batis","GCA_905147785.1","Lepidoptera",74.63,7458081,"C:97.1%[S:96.8%,D:0.3%],F:0.8%,M:2.1%,n:5286",97.1,"0.2.13",67,80.6452,"proto"
"Plutella_xylostella","GCA_932276165.1","Lepidoptera",70.15,10961940,"C:96.1%[S:95.2%,D:0.9%],F:1.1%,M:2.8%,n:5286",96.1,"0.2.13",67,75.8065,"proto"
"Acipenser_ruthenus","GCA_902713435.2","Gnathostomata",83.67,8948077,"C:94.1%[S:32.6%,D:61.5%],F:1.3%,M:4.6%,n:3640",94.1,"0.2.13",98,91.1111,"deutero"
"Pieris_napi","GCA_905475465.2","Lepidoptera",70.15,8327096,"C:96.7%[S:96.0%,D:0.7%],F:0.8%,M:2.5%,n:5286",96.7,"0.2.13",67,75.8065,"proto"
"Homo_sapiens","GCA_018471075.1","Catarrhini",74.29,57173280,"C:95.8%[S:95.4%,D:0.4%],F:0.2%,M:4.0%,n:13780",95.8,"0.2.13",245,87.5,"deutero"
"Mythimna_ferrago","GCA_910589285.2","Lepidoptera",71.64,27190380,"C:96.9%[S:96.2%,D:0.7%],F:0.9%,M:2.2%,n:5286",96.9,"0.2.13",67,77.4194,"proto"
"Aethina_tumida","GCA_024364675.1","Endopterygota",75,11742490,"C:96.1%[S:94.2%,D:1.9%],F:0.8%,M:3.1%,n:2124",96.1,"0.2.13",64,78.6885,"proto"
"Aethina_tumida","GCA_024364675.1","Endopterygota",75,11742490,"C:99.3%[S:97.4%,D:1.9%],F:0.1%,M:0.6%,n:2124",99.3,"0.2.13",64,78.6885,"proto"
"Clostera_curtula","GCA_905475355.2","Lepidoptera",74.63,6772994,"C:96.6%[S:96.1%,D:0.5%],F:1.1%,M:2.3%,n:5286",96.6,"0.2.13",67,80.6452,"proto"
"Xestia_ashworthii","GCA_950022955.1","Lepidoptera",71.64,8046000,"C:94.3%[S:93.3%,D:1.0%],F:1.4%,M:4.3%,n:5286",94.3,"0.2.13",67,77.4194,"proto"
"Lagenorhynchus_albirostris","GCA_949774975.1","Laurasiatheria",77.42,3398034,"C:95.3%[S:94.0%,D:1.3%],F:0.7%,M:4.0%,n:13335",95.3,"0.2.13",217,88.4211,"deutero"
"Harpalus_rufipes","GCA_951394225.1","Endopterygota",73.44,8784621,"C:96.8%[S:95.6%,D:1.2%],F:0.5%,M:2.7%,n:2124",96.8,"0.2.13",64,77.0492,"proto"
"Pterostichus_madidus","GCA_911728475.2","Endopterygota",71.88,15821749,"C:93.8%[S:92.9%,D:0.9%],F:1.8%,M:4.4%,n:2124",93.8,"0.2.13",64,75.4098,"proto"
"Pycnomerus_fuliginosus","GCA_963924575.1","Endopterygota",78.12,7625985,"C:95.6%[S:94.7%,D:0.9%],F:1.5%,M:2.9%,n:2124",95.6,"0.2.13",64,81.9672,"proto"
"Channallabes_apus","GCA_030522415.1","Clupeocephala",78.95,8077467,"C:95.6%[S:93.5%,D:2.1%],F:0.9%,M:3.5%,n:3640",95.6,"0.2.13",114,89.1089,"deutero"
"Tinea_trinotella","GCA_905220625.1","Lepidoptera",68.66,5200664,"C:92.9%[S:92.1%,D:0.8%],F:1.9%,M:5.2%,n:5286",92.9,"0.2.13",67,74.1935,"proto"
"Aphidecta_obliterata","GCA_963966015.1","Endopterygota",67.19,4463513,"C:94.0%[S:90.2%,D:3.8%],F:2.3%,M:3.7%,n:2124",94,"0.2.13",64,70.4918,"proto"
"Homo_sapiens","GCA_042076825.1","Catarrhini",84.49,134873989,"C:98.8%[S:98.3%,D:0.5%],F:0.4%,M:0.8%,n:13780",98.8,"0.2.13",245,99.5192,"deutero"
"Operophtera_brumata","GCA_932527175.1","Lepidoptera",70.15,24133000,"C:94.6%[S:93.4%,D:1.2%],F:1.7%,M:3.7%,n:5286",94.6,"0.2.13",67,75.8065,"proto"
"Gavia_stellata","GCA_030936135.1","Neoaves",85.27,13765203,"C:92.9%[S:92.4%,D:0.5%],F:1.8%,M:5.3%,n:8338",92.9,"0.2.13",129,96.4912,"deutero"
"Lampropteryx_suffumata","GCA_948098925.1","Lepidoptera",67.16,1254367,"C:90.6%[S:89.1%,D:1.5%],F:1.1%,M:8.3%,n:5286",90.6,"0.2.13",67,72.5806,"proto"
"Eudonia_lacustrata","GCA_947562085.1","Lepidoptera",71.64,5522000,"C:91.6%[S:87.7%,D:3.9%],F:3.6%,M:4.8%,n:5286",91.6,"0.2.13",67,77.4194,"proto"
"Kryptolebias_hermaphroditus","GCA_007896545.1","Clupeocephala",82.46,46411,"C:95.5%[S:94.5%,D:1.0%],F:1.6%,M:2.9%,n:3640",95.5,"0.2.13",114,93.0693,"deutero"
"Panorpa_germanica","GCA_963678705.1","Endopterygota",67.19,4982906,"C:96.6%[S:93.8%,D:2.8%],F:1.1%,M:2.3%,n:2124",96.6,"0.2.13",64,70.4918,"proto"
"Tipula_lateralis","GCA_963932295.1","Diptera",68.66,3514814,"C:90.8%[S:89.6%,D:1.2%],F:1.4%,M:7.8%,n:3285",90.8,"0.2.13",67,74.1935,"proto"
"Apamea_crenata","GCA_949629175.1","Lepidoptera",68.66,4601725,"C:91.0%[S:90.5%,D:0.5%],F:1.1%,M:7.9%,n:5286",91,"0.2.13",67,74.1935,"proto"
"Hyperoplus_lanceolatus","GCA_026929865.2","Clupeocephala",82.46,31308663,"C:95.1%[S:93.8%,D:1.3%],F:1.2%,M:3.7%,n:3640",95.1,"0.2.13",114,93.0693,"deutero"
"Stratiomys_singularior","GCA_954870665.1","Diptera",71.64,35958556,"C:94.4%[S:93.4%,D:1.0%],F:0.8%,M:4.8%,n:3285",94.4,"0.2.13",67,77.4194,"proto"
"Agrochola_circellaris","GCA_914767685.1","Lepidoptera",70.15,9795968,"C:94.1%[S:91.2%,D:2.9%],F:2.5%,M:3.4%,n:5286",94.1,"0.2.13",67,75.8065,"proto"
"Nematopogon_swammerdamellus","GCA_946902875.1","Lepidoptera",68.66,5510598,"C:86.4%[S:85.4%,D:1.0%],F:2.8%,M:10.8%,n:5286",86.4,"0.2.13",67,74.1935,"proto"
"Geotrupes_spiniger","GCA_959613385.1","Endopterygota",73.44,7348763,"C:96.8%[S:95.7%,D:1.1%],F:0.7%,M:2.5%,n:2124",96.8,"0.2.13",64,77.0492,"proto"
"Exaiptasia_diaphana","GCA_024322265.1","Cnidaria",33.33,15556,"C:91.7%[S:86.8%,D:4.9%],F:3.9%,M:4.4%,n:954",91.7,"0.2.13",3,33.3333,"combined"
"Exephanes_ischioxanthus","GCA_958510785.1","Endopterygota",67.19,1080685,"C:91.8%[S:87.6%,D:4.2%],F:4.2%,M:4.0%,n:5991",91.8,"0.2.13",64,70.4918,"proto"
"Notamacropus_eugenii","GCA_028372415.1","Theria",76.8,15255043,"C:94.6%[S:92.5%,D:2.1%],F:0.7%,M:4.7%,n:9226",94.6,"0.2.13",125,93.2039,"deutero"
"Lordithon_lunulatus","GCA_963942505.1","Endopterygota",76.56,4216376,"C:91.6%[S:88.3%,D:3.3%],F:4.2%,M:4.2%,n:2124",91.6,"0.2.13",64,80.3279,"proto"
"Myrrha_octodecimguttata","GCA_958510865.1","Endopterygota",68.75,9660000,"C:92.3%[S:87.7%,D:4.6%],F:3.7%,M:4.0%,n:2124",92.3,"0.2.13",64,72.1311,"proto"
"Hedya_salicella","GCA_905404275.2","Lepidoptera",70.15,25550971,"C:96.6%[S:96.1%,D:0.5%],F:1.0%,M:2.4%,n:5286",96.6,"0.2.13",67,75.8065,"proto"
"Antilocapra_americana","GCA_007570785.1","Laurasiatheria",76.96,220431,"C:96.1%[S:93.1%,D:3.0%],F:0.8%,M:3.1%,n:13335",96.1,"0.2.13",217,87.8947,"deutero"
"Hirundo_rustica","GCA_015227805.3","Neoaves",81.4,2794774,"C:92.1%[S:91.6%,D:0.5%],F:1.2%,M:6.7%,n:10844",92.1,"0.2.13",129,92.1053,"deutero"
"Pterostichus_madidus","GCA_911728475.1","Endopterygota",71.88,15821749,"C:93.6%[S:92.7%,D:0.9%],F:2.1%,M:4.3%,n:2124",93.6,"0.2.13",64,75.4098,"proto"
"Agriphila_tristella","GCA_928269145.1","Lepidoptera",73.13,15285950,"C:94.0%[S:90.7%,D:3.3%],F:3.0%,M:3.0%,n:5286",94,"0.2.13",67,79.0323,"proto"
"Phyllostomus_discolor","GCA_004126475.3","Laurasiatheria",65.9,6892556,"C:93.6%[S:92.9%,D:0.7%],F:1.4%,M:5.0%,n:12234",93.6,"0.2.13",217,75.2632,"deutero"
"Hesperia_comma","GCA_905404135.1","Lepidoptera",68.66,10272607,"C:91.0%[S:88.6%,D:2.4%],F:3.4%,M:5.6%,n:5286",91,"0.2.13",67,74.1935,"proto"
"Melinaea_menophilus_n._ssp._AW-2005","GCA_918358695.1","Lepidoptera",71.64,17395838,"C:96.8%[S:96.0%,D:0.8%],F:0.5%,M:2.7%,n:5286",96.8,"0.2.13",67,77.4194,"proto"
"Rhingia_campestris","GCA_932526435.1","Diptera",74.63,2712162,"C:92.2%[S:88.2%,D:4.0%],F:2.5%,M:5.3%,n:3285",92.2,"0.2.13",67,80.6452,"proto"
"Podabrus_alpinus","GCA_932274525.1","Endopterygota",73.44,9879682,"C:95.9%[S:88.6%,D:7.3%],F:2.4%,M:1.7%,n:2124",95.9,"0.2.13",64,77.0492,"proto"
"Taurulus_bubalis","GCA_910589615.1","Clupeocephala",82.46,13037006,"C:91.0%[S:89.6%,D:1.4%],F:2.7%,M:6.3%,n:3640",91,"0.2.13",114,93.0693,"deutero"
"Pherbina_coryleti","GCA_943735905.1","Diptera",71.64,557358,"C:91.9%[S:85.6%,D:6.3%],F:3.5%,M:4.6%,n:3285",91.9,"0.2.13",67,77.4194,"proto"
"Geothlypis_trichas","GCA_009764595.1","Neoaves",79.07,3247339,"C:90.0%[S:89.1%,D:0.9%],F:1.8%,M:8.2%,n:10844",90,"0.2.13",129,89.4737,"deutero"
"Microchrysa_polita","GCA_949715475.1","Diptera",67.16,2833571,"C:93.2%[S:89.3%,D:3.9%],F:2.4%,M:4.4%,n:3285",93.2,"0.2.13",67,72.5806,"proto"
"Epinephelus_lanceolatus","GCA_005281545.1","Clupeocephala",85.09,159800,"C:95.7%[S:94.2%,D:1.5%],F:1.4%,M:2.9%,n:3640",95.7,"0.2.13",114,96.0396,"deutero"
"Echeneis_naucrates","GCA_900963305.1","Clupeocephala",84.21,12371513,"C:95.9%[S:94.8%,D:1.1%],F:1.6%,M:2.5%,n:3640",95.9,"0.2.13",114,95.0495,"deutero"
"Coregonus_clupeaformis","GCA_018398675.1","Clupeocephala",80.7,5728271,"C:95.9%[S:54.0%,D:41.9%],F:1.3%,M:2.8%,n:3640",95.9,"0.2.13",114,91.0891,"deutero"
"Anopheles_aquasalis","GCA_943734665.1","Diptera",67.16,38496358,"C:95.3%[S:94.8%,D:0.5%],F:1.0%,M:3.7%,n:3285",95.3,"0.2.13",67,72.5806,"proto"
"Polydactylus_sextarius","GCA_016801845.1","Clupeocephala",84.21,18418211,"C:91.6%[S:90.6%,D:1.0%],F:2.1%,M:6.3%,n:3640",91.6,"0.2.13",114,95.0495,"deutero"
"Aythya_fuligula","GCA_009819795.1","Neognathae",78.91,17816505,"C:96.0%[S:95.5%,D:0.5%],F:1.0%,M:3.0%,n:8338",96,"0.2.13",128,89.3805,"deutero"
"Hirtodrosophila_cameraria","GCA_949708635.1","Diptera",82.09,1033460,"C:97.3%[S:86.0%,D:11.3%],F:1.1%,M:1.6%,n:3285",97.3,"0.2.13",67,88.7097,"proto"
"Montipora_capitata","GCA_949126865.1","Cnidaria",33.33,2047503,"C:94.2%[S:93.5%,D:0.7%],F:2.4%,M:3.4%,n:954",94.2,"0.2.13",3,33.3333,"combined"
"Venusia_cambrica","GCA_951394065.1","Lepidoptera",68.66,8875562,"C:91.6%[S:88.4%,D:3.2%],F:3.0%,M:5.4%,n:5286",91.6,"0.2.13",67,74.1935,"proto"
"Cryptus_armator","GCA_963971235.1","Endopterygota",65.62,2928000,"C:95.4%[S:93.2%,D:2.2%],F:2.2%,M:2.4%,n:5991",95.4,"0.2.13",64,68.8525,"proto"
"Synanthedon_andrenaeformis","GCA_936446665.2","Lepidoptera",70.15,10560084,"C:95.6%[S:94.7%,D:0.9%],F:0.6%,M:3.8%,n:5286",95.6,"0.2.13",67,75.8065,"proto"
"Noctua_fimbriata","GCA_905163425.1","Lepidoptera",70.15,753227,"C:87.0%[S:84.4%,D:2.6%],F:3.1%,M:9.9%,n:5286",87,"0.2.13",67,75.8065,"proto"
"Bombus_vosnesenskii","GCA_011952255.1","Endopterygota",70.31,2733020,"C:94.3%[S:94.0%,D:0.3%],F:1.7%,M:4.0%,n:5991",94.3,"0.2.13",64,73.7705,"proto"
"Macomangulus_tenuis","GCA_964059405.1","Mollusca",76.92,11832636,"C:77.9%[S:76.6%,D:1.3%],F:4.2%,M:17.9%,n:5295",77.9,"0.2.13",52,76.9231,"proto"
"Lymantria_monacha","GCA_905163515.2","Lepidoptera",76.12,33489103,"C:96.8%[S:96.2%,D:0.6%],F:1.1%,M:2.1%,n:5286",96.8,"0.2.13",67,82.2581,"proto"
"Eudemis_profundana","GCA_947034915.1","Lepidoptera",73.13,1755860,"C:92.9%[S:88.4%,D:4.5%],F:3.2%,M:3.9%,n:5286",92.9,"0.2.13",67,79.0323,"proto"
"Hypsopygia_costalis","GCA_937001695.1","Lepidoptera",71.64,1320289,"C:91.6%[S:88.9%,D:2.7%],F:3.1%,M:5.3%,n:5286",91.6,"0.2.13",67,77.4194,"proto"
"Homo_sapiens","GCA_042030025.1","Catarrhini",74.29,104609862,"C:95.6%[S:95.1%,D:0.5%],F:0.4%,M:4.0%,n:13780",95.6,"0.2.13",245,87.5,"deutero"
"Plebejus_argus","GCA_905404155.1","Lepidoptera",71.64,3678063,"C:94.7%[S:94.2%,D:0.5%],F:0.9%,M:4.4%,n:5286",94.7,"0.2.13",67,77.4194,"proto"
"Dermochelys_coriacea","GCA_009764565.4","Archelosauria",88.14,7029801,"C:94.8%[S:93.9%,D:0.9%],F:1.4%,M:3.8%,n:7480",94.8,"0.2.13",118,97.1963,"deutero"
"Stomoxys_calcitrans","GCA_963082655.1","Diptera",70.15,1592967,"C:96.4%[S:95.5%,D:0.9%],F:0.8%,M:2.8%,n:3285",96.4,"0.2.13",67,75.8065,"proto"
"Nymphalis_urticae","GCA_905147055.1","Lepidoptera",76.12,13174285,"C:96.8%[S:96.4%,D:0.4%],F:0.9%,M:2.3%,n:5286",96.8,"0.2.13",67,82.2581,"proto"
"Zerene_cesonia","GCA_012273895.2","Lepidoptera",73.13,43484,"C:95.1%[S:92.4%,D:2.7%],F:1.0%,M:3.9%,n:5286",95.1,"0.2.13",67,79.0323,"proto"
"Zerene_cesonia","GCA_012273895.2","Lepidoptera",73.13,43484,"C:96.5%[S:93.5%,D:3.0%],F:0.9%,M:2.6%,n:5286",96.5,"0.2.13",67,79.0323,"proto"
"Anomoia_purmunda","GCA_951828415.1","Diptera",67.16,7442008,"C:96.9%[S:96.2%,D:0.7%],F:0.7%,M:2.4%,n:3285",96.9,"0.2.13",67,72.5806,"proto"
"Seriola_aureovittata","GCA_023856345.1","Clupeocephala",85.96,22205002,"C:96.9%[S:96.2%,D:0.7%],F:1.3%,M:1.8%,n:3640",96.9,"0.2.13",114,97.0297,"deutero"
"Acleris_literana","GCA_946894065.1","Lepidoptera",76.12,20431359,"C:94.9%[S:94.0%,D:0.9%],F:1.2%,M:3.9%,n:5286",94.9,"0.2.13",67,82.2581,"proto"
"Valencia_hispanica","GCA_963556495.2","Clupeocephala",81.58,38296799,"C:83.4%[S:82.4%,D:1.0%],F:2.2%,M:14.4%,n:15213",83.4,"0.2.13",114,92.0792,"deutero"
"Cyclophora_albipunctata","GCA_963082685.1","Lepidoptera",71.64,8283592,"C:93.7%[S:90.3%,D:3.4%],F:2.4%,M:3.9%,n:5286",93.7,"0.2.13",67,77.4194,"proto"
"Anopheles_coustani","GCA_943734705.1","Diptera",68.66,27992483,"C:95.4%[S:94.7%,D:0.7%],F:0.9%,M:3.7%,n:3285",95.4,"0.2.13",67,74.1935,"proto"
"Machimus_atricapillus","GCA_933228815.1","Diptera",70.15,25934730,"C:96.1%[S:94.6%,D:1.5%],F:0.8%,M:3.1%,n:3285",96.1,"0.2.13",67,75.8065,"proto"
"Ecdyonurus_torrentis","GCA_949318235.1","Pancrustacea",79.25,968624,"C:97.0%[S:95.8%,D:1.2%],F:1.4%,M:1.6%,n:1367",97,"0.2.13",53,80.7692,"proto"
"Amphiprion_clarkii","GCA_027123335.1","Clupeocephala",85.09,1159304,"C:96.6%[S:95.8%,D:0.8%],F:1.5%,M:1.9%,n:3640",96.6,"0.2.13",114,96.0396,"deutero"
"Lutjanus_erythropterus","GCA_020091685.1","Clupeocephala",85.96,2781023,"C:95.8%[S:94.8%,D:1.0%],F:1.9%,M:2.3%,n:3640",95.8,"0.2.13",114,97.0297,"deutero"
"Malachius_bipustulatus","GCA_910589365.1","Endopterygota",76.56,945557,"C:90.8%[S:87.6%,D:3.2%],F:3.2%,M:6.0%,n:2124",90.8,"0.2.13",64,80.3279,"proto"
"Hydriomena_furcata","GCA_912999755.1","Lepidoptera",71.64,5188503,"C:95.8%[S:93.3%,D:2.5%],F:1.9%,M:2.3%,n:5286",95.8,"0.2.13",67,77.4194,"proto"
"Lineus_longissimus","GCA_910592395.2","Lophotrochozoa",89.8,9910080,"C:98.1%[S:97.6%,D:0.5%],F:0.9%,M:1.0%,n:954",98.1,"0.2.13",49,89.7959,"proto"
"Mastacembelus_armatus","GCA_900324485.1","Clupeocephala",85.09,8014513,"C:96.4%[S:95.5%,D:0.9%],F:1.3%,M:2.3%,n:3640",96.4,"0.2.13",114,96.0396,"deutero"
"Nesoenas_mayeri","GCA_963082525.1","Neoaves",84.5,4840756,"C:92.0%[S:91.5%,D:0.5%],F:2.9%,M:5.1%,n:8338",92,"0.2.13",129,95.614,"deutero"
"Hypanus_sabinus","GCA_030144855.1","Chondrichthyes",81.63,4266932,"C:95.6%[S:92.6%,D:3.0%],F:1.3%,M:3.1%,n:3354",95.6,"0.2.13",98,88.8889,"deutero"
"Acropora_hyacinthus","GCA_020536085.1","Cnidaria",33.33,2162224,"C:83.8%[S:0.5%,D:83.3%],F:7.0%,M:9.2%,n:954",83.8,"0.2.13",3,33.3333,"combined"
"Brassicogethes_aeneus","GCA_921294245.1","Endopterygota",71.88,24416959,"C:95.2%[S:93.3%,D:1.9%],F:0.8%,M:4.0%,n:2124",95.2,"0.2.13",64,75.4098,"proto"
"Calliphora_vicina","GCA_958450345.1","Diptera",68.66,35250151,"C:97.1%[S:96.4%,D:0.7%],F:0.5%,M:2.4%,n:3285",97.1,"0.2.13",67,74.1935,"proto"
"Scophthalmus_maximus","GCA_022379125.1","Clupeocephala",85.09,25762658,"C:96.0%[S:95.2%,D:0.8%],F:1.7%,M:2.3%,n:3640",96,"0.2.13",114,96.0396,"deutero"
"Melanostoma_mellinum","GCA_914767615.1","Diptera",76.12,4565599,"C:95.5%[S:91.3%,D:4.2%],F:1.3%,M:3.2%,n:3285",95.5,"0.2.13",67,82.2581,"proto"
"Camelus_ferus","GCA_009834535.1","Laurasiatheria",79.72,5365398,"C:93.9%[S:93.4%,D:0.5%],F:1.3%,M:4.8%,n:13335",93.9,"0.2.13",217,91.0526,"deutero"
"Homo_sapiens","GCA_018469675.1","Catarrhini",74.29,49858426,"C:95.7%[S:95.3%,D:0.4%],F:0.2%,M:4.1%,n:13780",95.7,"0.2.13",245,87.5,"deutero"
"Crocallis_elinguaria","GCA_907269065.1","Lepidoptera",71.64,28485152,"C:94.1%[S:91.8%,D:2.3%],F:2.7%,M:3.2%,n:5286",94.1,"0.2.13",67,77.4194,"proto"
"Argyresthia_goedartella","GCA_949825045.1","Lepidoptera",65.67,11054590,"C:95.0%[S:93.6%,D:1.4%],F:1.2%,M:3.8%,n:5286",95,"0.2.13",67,70.9677,"proto"
"Noctua_janthe","GCA_910589505.1","Lepidoptera",71.64,1210196,"C:91.4%[S:88.6%,D:2.8%],F:3.3%,M:5.3%,n:5286",91.4,"0.2.13",67,77.4194,"proto"
"Takifugu_flavidus","GCA_003711565.2","Clupeocephala",82.46,4357567,"C:93.5%[S:92.5%,D:1.0%],F:1.6%,M:4.9%,n:3640",93.5,"0.2.13",114,93.0693,"deutero"
"Melanargia_galathea","GCA_920103875.1","Lepidoptera",71.64,1106272,"C:92.0%[S:90.7%,D:1.3%],F:1.3%,M:6.7%,n:5286",92,"0.2.13",67,77.4194,"proto"
"Balaenoptera_ricei","GCA_028023285.1","Laurasiatheria",78.34,36541936,"C:96.3%[S:94.6%,D:1.7%],F:0.5%,M:3.2%,n:13335",96.3,"0.2.13",217,89.4737,"deutero"
"Catocala_nupta","GCA_963675205.1","Lepidoptera",74.63,11316672,"C:95.4%[S:94.5%,D:0.9%],F:1.1%,M:3.5%,n:5286",95.4,"0.2.13",67,80.6452,"proto"
"Muscina_levida","GCA_964034835.1","Diptera",65.67,1877730,"C:96.6%[S:95.6%,D:1.0%],F:0.8%,M:2.6%,n:3285",96.6,"0.2.13",67,70.9677,"proto"
"Pinctada_margaritifera","GCA_964021215.1","Mollusca",86.54,41951,"C:76.6%[S:64.6%,D:12.0%],F:5.7%,M:17.7%,n:5295",76.6,"0.2.13",52,86.5385,"proto"
"Pinctada_margaritifera","GCA_964021215.1","Mollusca",86.54,41951,"C:76.6%[S:64.6%,D:12.0%],F:5.7%,M:17.7%,n:5295",76.6,"0.2.13",52,86.5385,"proto"
"Pinctada_margaritifera","GCA_964021215.1","Mollusca",86.54,41951,"C:76.6%[S:64.6%,D:12.0%],F:5.7%,M:17.7%,n:5295",76.6,"0.2.13",52,86.5385,"proto"
"Pinctada_margaritifera","GCA_964021215.1","Mollusca",86.54,41951,"C:76.6%[S:64.6%,D:12.0%],F:5.7%,M:17.7%,n:5295",76.6,"0.2.13",52,86.5385,"proto"
"Acomys_cahirinus","GCA_029890205.1","Muridae",68.64,55022522,"C:97.9%[S:96.9%,D:1.0%],F:0.8%,M:1.3%,n:13798",97.9,"0.2.13",236,78.2609,"deutero"
"Tachina_lurida","GCA_944452685.1","Diptera",67.16,502210,"C:92.7%[S:91.8%,D:0.9%],F:1.4%,M:5.9%,n:3285",92.7,"0.2.13",67,72.5806,"proto"
"Polyploca_ridens","GCA_951394255.1","Lepidoptera",68.66,570469,"C:91.7%[S:90.2%,D:1.5%],F:1.9%,M:6.4%,n:5286",91.7,"0.2.13",67,74.1935,"proto"
"Megalops_atlanticus","GCA_019176425.1","Neopterygii",83.78,17756893,"C:91.6%[S:80.3%,D:11.3%],F:0.8%,M:7.6%,n:3640",91.6,"0.2.13",111,94.898,"deutero"
"Gorsachius_magnificus","GCA_034008185.1","Neoaves",81.4,18463888,"C:93.2%[S:92.9%,D:0.3%],F:1.9%,M:4.9%,n:8338",93.2,"0.2.13",129,92.1053,"deutero"
"Homo_sapiens","GCA_018469865.1","Catarrhini",84.49,48753445,"C:99.0%[S:98.6%,D:0.4%],F:0.2%,M:0.8%,n:13780",99,"0.2.13",245,99.5192,"deutero"
"Xylota_sylvarum","GCA_905220405.1","Diptera",73.13,2273631,"C:92.7%[S:92.0%,D:0.7%],F:0.9%,M:6.4%,n:3285",92.7,"0.2.13",67,79.0323,"proto"
"Apeltes_quadracus","GCA_021346845.1","Clupeocephala",82.46,5710868,"C:94.4%[S:93.5%,D:0.9%],F:2.3%,M:3.3%,n:3640",94.4,"0.2.13",114,93.0693,"deutero"
"Serinus_canaria","GCA_022539315.2","Neoaves",80.62,12206373,"C:95.7%[S:95.4%,D:0.3%],F:1.4%,M:2.9%,n:10844",95.7,"0.2.13",129,91.2281,"deutero"
"Notothenia_rossii","GCA_949606895.1","Clupeocephala",83.33,383412,"C:93.5%[S:92.6%,D:0.9%],F:2.1%,M:4.4%,n:3640",93.5,"0.2.13",114,94.0594,"deutero"
"Hemiscyllium_ocellatum","GCA_020745735.1","Chondrichthyes",85.71,8845575,"C:96.7%[S:94.0%,D:2.7%],F:1.1%,M:2.2%,n:3354",96.7,"0.2.13",98,93.3333,"deutero"
"Thymelicus_sylvestris","GCA_911387775.1","Lepidoptera",68.66,16606550,"C:95.5%[S:94.9%,D:0.6%],F:0.9%,M:3.6%,n:5286",95.5,"0.2.13",67,74.1935,"proto"
"Agelaius_phoeniceus","GCA_020745825.3","Neoaves",79.84,22833505,"C:89.3%[S:88.8%,D:0.5%],F:2.7%,M:8.0%,n:10844",89.3,"0.2.13",129,90.3509,"deutero"
"Dromaius_novaehollandiae","GCA_016128335.2","Archosauria",84.87,15904022,"C:95.9%[S:95.5%,D:0.4%],F:1.0%,M:3.1%,n:8338",95.9,"0.2.13",119,96.1905,"deutero"
"Elopichthys_bambusa","GCA_037101425.1","Clupeocephala",82.46,9879208,"C:94.8%[S:93.2%,D:1.6%],F:1.1%,M:4.1%,n:3640",94.8,"0.2.13",114,93.0693,"deutero"
"Centropristis_striata","GCA_030273125.1","Clupeocephala",83.33,9508883,"C:95.9%[S:94.8%,D:1.1%],F:1.0%,M:3.1%,n:3640",95.9,"0.2.13",114,94.0594,"deutero"
"Erebia_aethiops","GCA_923060345.2","Lepidoptera",73.13,21423644,"C:93.9%[S:91.4%,D:2.5%],F:2.9%,M:3.2%,n:5286",93.9,"0.2.13",67,79.0323,"proto"
"Atrina_japonica","GCA_030159075.1","Mollusca",94.23,911473,"C:93.3%[S:92.5%,D:0.8%],F:1.9%,M:4.8%,n:5295",93.3,"0.2.13",52,94.2308,"proto"
"Xiphophorus_birchmanni","GCA_036418095.1","Clupeocephala",82.46,26085954,"C:96.5%[S:95.4%,D:1.1%],F:0.9%,M:2.6%,n:3640",96.5,"0.2.13",114,93.0693,"deutero"
"Beris_chalybata","GCA_949128145.1","Diptera",67.16,1134158,"C:90.1%[S:82.3%,D:7.8%],F:2.9%,M:7.0%,n:3285",90.1,"0.2.13",67,72.5806,"proto"
"Mythimna_albipuncta","GCA_929113785.1","Lepidoptera",71.64,7596532,"C:97.0%[S:95.3%,D:1.7%],F:0.9%,M:2.1%,n:5286",97,"0.2.13",67,77.4194,"proto"
"Molothrus_ater","GCA_012460135.3","Neoaves",81.4,13273966,"C:90.1%[S:89.5%,D:0.6%],F:2.1%,M:7.8%,n:10844",90.1,"0.2.13",129,92.1053,"deutero"
"Diarsia_dahlii","GCA_949775195.1","Lepidoptera",70.15,10073000,"C:94.6%[S:94.0%,D:0.6%],F:1.1%,M:4.3%,n:5286",94.6,"0.2.13",67,75.8065,"proto"
"Polypterus_senegalus","GCA_016835505.1","Gnathostomata",81.63,4528139,"C:90.5%[S:87.3%,D:3.2%],F:1.5%,M:8.0%,n:3640",90.5,"0.2.13",98,88.8889,"deutero"
"Oryzias_latipes","GCA_947078825.1","Clupeocephala",80.7,1347261,"C:93.1%[S:58.1%,D:35.0%],F:1.1%,M:5.8%,n:3640",93.1,"0.2.13",114,91.0891,"deutero"
"Spisula_solida","GCA_947247005.1","Mollusca",80.77,15021671,"C:74.4%[S:73.3%,D:1.1%],F:3.8%,M:21.8%,n:5295",74.4,"0.2.13",52,80.7692,"proto"
"Panthera_leo_x_Panthera_tigris","GCA_018350215.1","Laurasiatheria",70.97,77781637,"C:90.9%[S:90.3%,D:0.6%],F:1.0%,M:8.1%,n:14502",90.9,"0.2.13",217,81.0526,"deutero"
"Carassius_gibelio","GCA_023724105.1","Clupeocephala",83.33,5134100,"C:96.8%[S:43.6%,D:53.2%],F:0.7%,M:2.5%,n:3640",96.8,"0.2.13",114,94.0594,"deutero"
"Hyles_euphorbiae","GCA_023078785.1","Lepidoptera",71.64,2758341,"C:97.0%[S:96.6%,D:0.4%],F:0.8%,M:2.2%,n:5286",97,"0.2.13",67,77.4194,"proto"
"Euproctis_similis","GCA_905147225.1","Lepidoptera",67.16,21398081,"C:96.5%[S:95.6%,D:0.9%],F:1.2%,M:2.3%,n:5286",96.5,"0.2.13",67,72.5806,"proto"
"Acleris_sparsana","GCA_923062465.1","Lepidoptera",76.12,18942093,"C:87.7%[S:84.9%,D:2.8%],F:5.1%,M:7.2%,n:5286",87.7,"0.2.13",67,82.2581,"proto"
"Panthera_leo_x_Panthera_tigris","GCA_018350195.1","Laurasiatheria",80.18,74391967,"C:93.7%[S:93.2%,D:0.5%],F:1.0%,M:5.3%,n:14502",93.7,"0.2.13",217,91.5789,"deutero"
"Homo_sapiens","GCA_018473295.1","Catarrhini",84.49,30474809,"C:98.9%[S:98.5%,D:0.4%],F:0.2%,M:0.9%,n:13780",98.9,"0.2.13",245,99.5192,"deutero"
"Monodelphis_domestica","GCA_027887165.1","Theria",76,3910714,"C:93.5%[S:79.8%,D:13.7%],F:1.5%,M:5.0%,n:9226",93.5,"0.2.13",125,92.233,"deutero"
"Epinephelus_fuscoguttatus","GCA_011397635.1","Clupeocephala",85.96,13857438,"C:97.2%[S:95.9%,D:1.3%],F:1.1%,M:1.7%,n:3640",97.2,"0.2.13",114,97.0297,"deutero"
"Dromius_quadrimaculatus","GCA_963989225.1","Endopterygota",76.56,25783000,"C:95.9%[S:92.0%,D:3.9%],F:2.1%,M:2.0%,n:2124",95.9,"0.2.13",64,80.3279,"proto"
"Dromius_quadrimaculatus","GCA_963989225.1","Endopterygota",76.56,25783000,"C:95.9%[S:92.0%,D:3.9%],F:2.1%,M:2.0%,n:2124",95.9,"0.2.13",64,80.3279,"proto"
"Dromius_quadrimaculatus","GCA_963989225.1","Endopterygota",76.56,25783000,"C:95.9%[S:92.0%,D:3.9%],F:2.1%,M:2.0%,n:2124",95.9,"0.2.13",64,80.3279,"proto"
"Dromius_quadrimaculatus","GCA_963989225.1","Endopterygota",76.56,25783000,"C:95.9%[S:92.0%,D:3.9%],F:2.1%,M:2.0%,n:2124",95.9,"0.2.13",64,80.3279,"proto"
"Ateles_geoffroyi","GCA_004024785.1","Euarchontoglires",78.08,59033,"C:65.8%[S:64.9%,D:0.9%],F:4.2%,M:30.0%,n:13780",65.8,"0.2.13",219,90,"deutero"
"Agrilus_biguttatus","GCA_963921985.1","Endopterygota",76.56,11522278,"C:96.6%[S:95.6%,D:1.0%],F:0.7%,M:2.7%,n:2124",96.6,"0.2.13",64,80.3279,"proto"
"Euclidia_mi","GCA_944739405.1","Lepidoptera",73.13,2270016,"C:97.3%[S:94.9%,D:2.4%],F:1.0%,M:1.7%,n:5286",97.3,"0.2.13",67,79.0323,"proto"
"Rhagium_mordax","GCA_963680705.1","Endopterygota",78.12,2857000,"C:96.0%[S:94.2%,D:1.8%],F:2.1%,M:1.9%,n:2124",96,"0.2.13",64,81.9672,"proto"
"Hemithea_aestivaria","GCA_947507615.1","Lepidoptera",71.64,2591731,"C:94.8%[S:91.3%,D:3.5%],F:2.4%,M:2.8%,n:5286",94.8,"0.2.13",67,77.4194,"proto"
"Gekko_gecko","GCA_029375565.1","Lepidosauria",83.9,10858724,"C:95.8%[S:93.8%,D:2.0%],F:1.4%,M:2.8%,n:7480",95.8,"0.2.13",118,92.5234,"deutero"
"Homo_sapiens","GCA_018469705.1","Catarrhini",84.49,47178056,"C:99.0%[S:98.6%,D:0.4%],F:0.2%,M:0.8%,n:13780",99,"0.2.13",245,99.5192,"deutero"
"Melanchra_persicariae","GCA_947386135.1","Lepidoptera",73.13,11584858,"C:91.0%[S:87.4%,D:3.6%],F:3.2%,M:5.8%,n:5286",91,"0.2.13",67,79.0323,"proto"
"Mechanitis_messenoides","GCA_959347415.1","Lepidoptera",71.64,9193493,"C:94.9%[S:94.1%,D:0.8%],F:0.8%,M:4.3%,n:5286",94.9,"0.2.13",67,77.4194,"proto"
"Limnephilus_marmoratus","GCA_917880885.1","Endopterygota",68.75,8018677,"C:94.1%[S:92.6%,D:1.5%],F:2.8%,M:3.1%,n:2124",94.1,"0.2.13",64,72.1311,"proto"
"Homo_sapiens","GCA_018852615.1","Catarrhini",84.49,72699918,"C:99.1%[S:98.6%,D:0.5%],F:0.1%,M:0.8%,n:13780",99.1,"0.2.13",245,99.5192,"deutero"
"Phasia_obesa","GCA_949628195.1","Diptera",68.66,472295,"C:94.0%[S:85.5%,D:8.5%],F:3.5%,M:2.5%,n:3285",94,"0.2.13",67,74.1935,"proto"
"Philereme_transversata","GCA_963924445.1","Lepidoptera",67.16,9520689,"C:95.1%[S:94.6%,D:0.5%],F:1.2%,M:3.7%,n:5286",95.1,"0.2.13",67,72.5806,"proto"
"Homo_sapiens","GCA_042078065.1","Catarrhini",74.29,136634561,"C:95.6%[S:95.1%,D:0.5%],F:0.4%,M:4.0%,n:13780",95.6,"0.2.13",245,87.5,"deutero"
"Chironomus_tentans","GCA_963573255.1","Diptera",38.81,7509135,"C:90.2%[S:88.7%,D:1.5%],F:1.2%,M:8.6%,n:3285",90.2,"0.2.13",67,41.9355,"proto"
"Homo_sapiens","GCA_042077995.1","Catarrhini",84.49,135982360,"C:98.8%[S:98.3%,D:0.5%],F:0.4%,M:0.8%,n:13780",98.8,"0.2.13",245,99.5192,"deutero"
"Opisthograptis_luteolata","GCA_931315375.1","Lepidoptera",70.15,13097472,"C:93.7%[S:91.4%,D:2.3%],F:2.3%,M:4.0%,n:5286",93.7,"0.2.13",67,75.8065,"proto"
"Turritopsis_rubra","GCA_025167575.1","Cnidaria",0,40797,"C:85.1%[S:0.0%,D:85.1%],F:6.3%,M:8.6%,n:954",85.1,"0.2.13",3,0,"combined"
"Pyrochroa_serraticornis","GCA_905333035.1","Endopterygota",78.12,288810,"C:87.5%[S:82.7%,D:4.8%],F:1.6%,M:10.9%,n:2124",87.5,"0.2.13",64,81.9672,"proto"
"Leistus_spinibarbis","GCA_933228885.1","Endopterygota",71.88,7480091,"C:96.7%[S:93.5%,D:3.2%],F:1.8%,M:1.5%,n:2124",96.7,"0.2.13",64,75.4098,"proto"
"Phragmatobia_fuliginosa","GCA_932526455.1","Lepidoptera",74.63,7519488,"C:97.3%[S:96.1%,D:1.2%],F:0.8%,M:1.9%,n:5286",97.3,"0.2.13",67,80.6452,"proto"
"Marisa_cornuarietis","GCA_004794655.1","Mollusca",75,4359112,"C:92.8%[S:91.3%,D:1.5%],F:1.4%,M:5.8%,n:5295",92.8,"0.2.13",52,75,"proto"
"Marisa_cornuarietis","GCA_004794655.1","Mollusca",75,4359112,"C:92.8%[S:91.3%,D:1.5%],F:1.4%,M:5.8%,n:5295",92.8,"0.2.13",52,75,"proto"
"Marisa_cornuarietis","GCA_004794655.1","Mollusca",75,4359112,"C:92.8%[S:91.3%,D:1.5%],F:1.4%,M:5.8%,n:5295",92.8,"0.2.13",52,75,"proto"
"Marisa_cornuarietis","GCA_004794655.1","Mollusca",75,4359112,"C:92.8%[S:91.3%,D:1.5%],F:1.4%,M:5.8%,n:5295",92.8,"0.2.13",52,75,"proto"
"Philereme_vetulata","GCA_918857605.2","Lepidoptera",68.66,6322953,"C:91.8%[S:88.7%,D:3.1%],F:3.9%,M:4.3%,n:5286",91.8,"0.2.13",67,74.1935,"proto"
"Rhaphigaster_nebulosa","GCA_948150685.1","Neoptera",62.9,1716941,"C:89.7%[S:85.9%,D:3.8%],F:4.4%,M:5.9%,n:2510",89.7,"0.2.13",62,66.1017,"proto"
"Pieris_rapae","GCA_905147735.1","Lepidoptera",64.18,10308461,"C:88.9%[S:88.6%,D:0.3%],F:0.5%,M:10.6%,n:5286",88.9,"0.2.13",67,69.3548,"proto"
"Pocillopora_verrucosa","GCA_030620025.1","Cnidaria",33.33,519438,"C:95.6%[S:92.8%,D:2.8%],F:2.2%,M:2.2%,n:954",95.6,"0.2.13",3,33.3333,"combined"
"Phaedon_cochleariae","GCA_918026855.1","Endopterygota",76.56,1950330,"C:93.4%[S:86.9%,D:6.5%],F:1.9%,M:4.7%,n:2124",93.4,"0.2.13",64,80.3279,"proto"
"Siphlonurus_alternatus","GCA_949825025.1","Pancrustacea",79.25,1841543,"C:98.1%[S:96.2%,D:1.9%],F:1.0%,M:0.9%,n:1367",98.1,"0.2.13",53,80.7692,"proto"
"Ennomos_fuscantarius","GCA_905220475.3","Lepidoptera",73.13,15530408,"C:95.2%[S:94.6%,D:0.6%],F:0.9%,M:3.9%,n:5286",95.2,"0.2.13",67,79.0323,"proto"
"Platichthys_stellatus","GCA_016801935.1","Clupeocephala",81.58,33203,"C:95.3%[S:94.0%,D:1.3%],F:1.3%,M:3.4%,n:3640",95.3,"0.2.13",114,92.0792,"deutero"
"Ectemnius_cavifrons","GCA_964023945.1","Endopterygota",64.06,1300186,"C:90.9%[S:90.8%,D:0.1%],F:3.0%,M:6.1%,n:5991",90.9,"0.2.13",64,67.2131,"proto"
"Harmonia_axyridis","GCA_914767665.1","Endopterygota",70.31,22915403,"C:95.6%[S:93.2%,D:2.4%],F:0.8%,M:3.6%,n:2124",95.6,"0.2.13",64,73.7705,"proto"
"Rattus_norvegicus","GCA_036323735.1","Muridae",77.12,64250101,"C:97.7%[S:96.1%,D:1.6%],F:0.6%,M:1.7%,n:13798",97.7,"0.2.13",236,87.9227,"deutero"
"Priocnemis_perturbator","GCA_963942575.1","Endopterygota",62.5,2392700,"C:87.2%[S:84.9%,D:2.3%],F:6.0%,M:6.8%,n:5991",87.2,"0.2.13",64,65.5738,"proto"
"Trogon_surrucura","GCA_020746105.1","Neoaves",79.07,16237294,"C:92.6%[S:92.0%,D:0.6%],F:1.8%,M:5.6%,n:8338",92.6,"0.2.13",129,89.4737,"deutero"
"Sarcophaga_rosellei","GCA_930367235.1","Diptera",68.66,44792449,"C:97.6%[S:97.0%,D:0.6%],F:0.4%,M:2.0%,n:3285",97.6,"0.2.13",67,74.1935,"proto"
"Heterocephalus_glaber","GCA_944319725.1","Glires",75.91,2890005,"C:90.0%[S:87.8%,D:2.2%],F:2.4%,M:7.6%,n:13798",90,"0.2.13",220,87.4346,"deutero"
"Sphaerophoria_taeniata","GCA_943590905.1","Diptera",71.64,9215195,"C:93.3%[S:87.4%,D:5.9%],F:2.4%,M:4.3%,n:3285",93.3,"0.2.13",67,77.4194,"proto"
"Oryzias_curvinotus","GCA_023969325.1","Clupeocephala",81.58,1405576,"C:94.1%[S:89.8%,D:4.3%],F:1.7%,M:4.2%,n:3640",94.1,"0.2.13",114,92.0792,"deutero"
"Idaea_dimidiata","GCA_949358125.1","Lepidoptera",68.66,13150441,"C:95.0%[S:91.5%,D:3.5%],F:2.1%,M:2.9%,n:5286",95,"0.2.13",67,74.1935,"proto"
"Gallus_gallus","GCA_027557775.1","Neognathae",82.03,5465831,"C:97.5%[S:97.1%,D:0.4%],F:0.6%,M:1.9%,n:8338",97.5,"0.2.13",128,92.9204,"deutero"
"Elysia_marginata","GCA_019649035.1","Mollusca",82.69,6205,"C:78.9%[S:77.8%,D:1.1%],F:4.6%,M:16.5%,n:5295",78.9,"0.2.13",52,82.6923,"proto"
"Sarcophaga_rosellei","GCA_930367195.1","Diptera",68.66,5483563,"C:97.3%[S:96.6%,D:0.7%],F:0.5%,M:2.2%,n:3285",97.3,"0.2.13",67,74.1935,"proto"
"Stylophora_pistillata","GCA_002571385.2","Cnidaria",33.33,20684,"C:84.7%[S:0.8%,D:83.9%],F:8.4%,M:6.9%,n:954",84.7,"0.2.13",3,33.3333,"combined"
"Pectinophora_gossypiella","GCA_024362825.1","Lepidoptera",58.21,358484,"C:70.4%[S:69.7%,D:0.7%],F:1.5%,M:28.1%,n:5286",70.4,"0.2.13",67,62.9032,"proto"
"Cerastoderma_edule","GCA_963989375.1","Mollusca",82.69,1425749,"C:91.2%[S:89.4%,D:1.8%],F:1.1%,M:7.7%,n:5295",91.2,"0.2.13",52,82.6923,"proto"
"Erebia_aethiops","GCA_923062935.1","Lepidoptera",70.15,608288,"C:87.2%[S:84.6%,D:2.6%],F:2.6%,M:10.2%,n:5286",87.2,"0.2.13",67,75.8065,"proto"
"Sphenella_marginata","GCA_951509705.1","Diptera",61.19,175669,"C:94.3%[S:92.8%,D:1.5%],F:1.7%,M:4.0%,n:3285",94.3,"0.2.13",67,66.129,"proto"
"Pollenia_amentaria","GCA_943735935.1","Diptera",71.64,2047907,"C:97.2%[S:96.1%,D:1.1%],F:1.2%,M:1.6%,n:3285",97.2,"0.2.13",67,77.4194,"proto"
"Vespa_velutina","GCA_912470025.1","Endopterygota",65.62,1520875,"C:93.2%[S:92.8%,D:0.4%],F:2.4%,M:4.4%,n:5991",93.2,"0.2.13",64,68.8525,"proto"
"Bos_taurus","GCA_002263795.4","Laurasiatheria",82.49,26402946,"C:96.7%[S:95.4%,D:1.3%],F:1.1%,M:2.2%,n:13335",96.7,"0.2.13",217,94.2105,"deutero"
"Esox_lucius","GCA_011004845.1","Clupeocephala",80.7,22630263,"C:97.5%[S:96.0%,D:1.5%],F:1.3%,M:1.2%,n:3640",97.5,"0.2.13",114,91.0891,"deutero"
"Misgurnus_anguillicaudatus","GCA_027580225.1","Clupeocephala",78.07,3833009,"C:93.3%[S:90.3%,D:3.0%],F:1.3%,M:5.4%,n:3640",93.3,"0.2.13",114,88.1188,"deutero"
"Tiphia_femorata","GCA_944319705.1","Endopterygota",62.5,657099,"C:88.2%[S:87.0%,D:1.2%],F:1.7%,M:10.1%,n:5991",88.2,"0.2.13",64,65.5738,"proto"
"Erynnis_tages","GCA_905147245.1","Lepidoptera",67.16,3235590,"C:85.6%[S:83.4%,D:2.2%],F:3.5%,M:10.9%,n:5286",85.6,"0.2.13",67,72.5806,"proto"
"Scyliorhinus_canicula","GCA_902713615.2","Chondrichthyes",84.69,1862211,"C:91.8%[S:88.3%,D:3.5%],F:2.7%,M:5.5%,n:3354",91.8,"0.2.13",98,92.2222,"deutero"
"Lutraria_lutraria","GCA_964023205.1","Mollusca",78.85,1075722,"C:75.5%[S:74.5%,D:1.0%],F:3.9%,M:20.6%,n:5295",75.5,"0.2.13",52,78.8462,"proto"
"Lacanobia_wlatinum","GCA_947578705.1","Lepidoptera",71.64,22037973,"C:91.9%[S:88.1%,D:3.8%],F:3.0%,M:5.1%,n:5286",91.9,"0.2.13",67,77.4194,"proto"
"Desmodus_rotundus","GCA_002940915.1","Laurasiatheria",64.98,79994,"C:95.4%[S:94.8%,D:0.6%],F:1.3%,M:3.3%,n:12234",95.4,"0.2.13",217,74.2105,"deutero"
"Xestia_xanthographa","GCA_913789945.1","Lepidoptera",71.64,9149592,"C:96.9%[S:96.1%,D:0.8%],F:1.0%,M:2.1%,n:5286",96.9,"0.2.13",67,77.4194,"proto"
"Solea_senegalensis","GCA_919967415.2","Clupeocephala",83.33,23439045,"C:97.5%[S:96.3%,D:1.2%],F:0.8%,M:1.7%,n:3640",97.5,"0.2.13",114,94.0594,"deutero"
"Canis_lupus_familiaris","GCA_004886185.2","Laurasiatheria",79.26,3131423,"C:91.2%[S:89.3%,D:1.9%],F:1.7%,M:7.1%,n:14502",91.2,"0.2.13",217,90.5263,"deutero"
"Dryobotodes_eremita","GCA_917490515.1","Lepidoptera",68.66,2544718,"C:89.8%[S:87.6%,D:2.2%],F:2.4%,M:7.8%,n:5286",89.8,"0.2.13",67,74.1935,"proto"
"Baccha_elongata","GCA_951217065.1","Diptera",74.63,3383207,"C:95.0%[S:93.4%,D:1.6%],F:1.1%,M:3.9%,n:3285",95,"0.2.13",67,80.6452,"proto"
"Tipula_unca","GCA_951394425.1","Diptera",67.16,4468842,"C:91.2%[S:89.8%,D:1.4%],F:0.9%,M:7.9%,n:3285",91.2,"0.2.13",67,72.5806,"proto"
"Sphecodes_monilicornis","GCA_913789915.3","Endopterygota",68.75,7420798,"C:95.1%[S:94.2%,D:0.9%],F:1.2%,M:3.7%,n:5991",95.1,"0.2.13",64,72.1311,"proto"
"Grapholita_molesta","GCA_022674325.1","Lepidoptera",71.64,1485233,"C:94.2%[S:90.4%,D:3.8%],F:1.5%,M:4.3%,n:5286",94.2,"0.2.13",67,77.4194,"proto"
"Hylobates_pileatus","GCA_021498465.1","Catarrhini",79.18,17385161,"C:93.8%[S:93.2%,D:0.6%],F:1.0%,M:5.2%,n:13780",93.8,"0.2.13",245,93.2692,"deutero"
"Suillia_variegata","GCA_949128005.1","Diptera",73.13,803292,"C:96.2%[S:86.1%,D:10.1%],F:1.4%,M:2.4%,n:3285",96.2,"0.2.13",67,79.0323,"proto"
"Gymnocheta_viridis","GCA_956483585.1","Diptera",68.66,2916000,"C:97.0%[S:96.5%,D:0.5%],F:0.6%,M:2.4%,n:3285",97,"0.2.13",67,74.1935,"proto"
"Sus_scrofa_domesticus","GCA_017957985.1","Laurasiatheria",76.5,51011532,"C:94.4%[S:93.9%,D:0.5%],F:1.4%,M:4.2%,n:13335",94.4,"0.2.13",217,87.3684,"deutero"
"Myathropa_florea","GCA_930367245.1","Diptera",70.15,1820910,"C:86.2%[S:82.3%,D:3.9%],F:2.6%,M:11.2%,n:3285",86.2,"0.2.13",67,75.8065,"proto"
"Vespula_vulgaris","GCA_905475345.1","Endopterygota",65.62,8516319,"C:92.8%[S:92.5%,D:0.3%],F:2.6%,M:4.6%,n:5991",92.8,"0.2.13",64,68.8525,"proto"
"Grus_americana","GCA_028858705.1","Neoaves",83.72,28324902,"C:94.1%[S:93.6%,D:0.5%],F:1.2%,M:4.7%,n:8338",94.1,"0.2.13",129,94.7368,"deutero"
"Homo_sapiens","GCA_018467015.1","Catarrhini",84.49,55069743,"C:98.9%[S:98.6%,D:0.3%],F:0.2%,M:0.9%,n:13780",98.9,"0.2.13",245,99.5192,"deutero"
"Omphiscola_glabra","GCA_964017045.1","Mollusca",80.77,3669713,"C:93.2%[S:92.0%,D:1.2%],F:1.4%,M:5.4%,n:5295",93.2,"0.2.13",52,80.7692,"proto"
"Omphiscola_glabra","GCA_964017045.1","Mollusca",80.77,3669713,"C:93.2%[S:92.0%,D:1.2%],F:1.4%,M:5.4%,n:5295",93.2,"0.2.13",52,80.7692,"proto"
"Omphiscola_glabra","GCA_964017045.1","Mollusca",80.77,3669713,"C:93.2%[S:92.0%,D:1.2%],F:1.4%,M:5.4%,n:5295",93.2,"0.2.13",52,80.7692,"proto"
"Omphiscola_glabra","GCA_964017045.1","Mollusca",80.77,3669713,"C:93.2%[S:92.0%,D:1.2%],F:1.4%,M:5.4%,n:5295",93.2,"0.2.13",52,80.7692,"proto"
"Nomada_fabriciana","GCA_907165305.1","Endopterygota",67.19,1481663,"C:93.1%[S:91.8%,D:1.3%],F:1.8%,M:5.1%,n:5991",93.1,"0.2.13",64,70.4918,"proto"
"Tinea_semifulvella","GCA_910589645.1","Lepidoptera",70.15,12032256,"C:93.0%[S:92.1%,D:0.9%],F:1.7%,M:5.3%,n:5286",93,"0.2.13",67,75.8065,"proto"
"Cantharis_lateralis","GCA_963170105.1","Endopterygota",70.31,10697386,"C:95.5%[S:93.2%,D:2.3%],F:0.8%,M:3.7%,n:2124",95.5,"0.2.13",64,73.7705,"proto"
"Tholera_decimalis","GCA_943138885.2","Lepidoptera",70.15,10165913,"C:94.8%[S:93.6%,D:1.2%],F:1.3%,M:3.9%,n:5286",94.8,"0.2.13",67,75.8065,"proto"
"Bellardia_bayeri","GCA_950370525.1","Diptera",68.66,6993595,"C:97.0%[S:87.8%,D:9.2%],F:1.7%,M:1.3%,n:3285",97,"0.2.13",67,74.1935,"proto"
"Pyrausta_nigrata","GCA_949316185.1","Lepidoptera",73.13,9299199,"C:95.1%[S:94.7%,D:0.4%],F:1.0%,M:3.9%,n:5286",95.1,"0.2.13",67,79.0323,"proto"
"Clivina_fossor","GCA_963966155.1","Endopterygota",76.56,4843297,"C:96.7%[S:89.2%,D:7.5%],F:1.6%,M:1.7%,n:2124",96.7,"0.2.13",64,80.3279,"proto"
"Lathamus_discolor","GCA_037157495.1","Neoaves",81.4,19972387,"C:95.4%[S:94.4%,D:1.0%],F:1.1%,M:3.5%,n:8338",95.4,"0.2.13",129,92.1053,"deutero"
"Mythimna_albipuncta","GCA_929112965.1","Lepidoptera",71.64,23732277,"C:97.1%[S:96.3%,D:0.8%],F:0.6%,M:2.3%,n:5286",97.1,"0.2.13",67,77.4194,"proto"
"Adalia_bipunctata","GCA_910592335.1","Endopterygota",70.31,18317171,"C:95.3%[S:93.8%,D:1.5%],F:0.8%,M:3.9%,n:2124",95.3,"0.2.13",64,73.7705,"proto"
"Nycteola_revayana","GCA_947037095.1","Lepidoptera",74.63,11315063,"C:94.9%[S:91.5%,D:3.4%],F:2.3%,M:2.8%,n:5286",94.9,"0.2.13",67,80.6452,"proto"
"Orthosia_gothica","GCA_949775005.1","Lepidoptera",73.13,2254692,"C:94.5%[S:92.5%,D:2.0%],F:1.3%,M:4.2%,n:5286",94.5,"0.2.13",67,79.0323,"proto"
"Homo_sapiens","GCA_042077885.1","Catarrhini",84.49,128757022,"C:98.8%[S:98.2%,D:0.6%],F:0.4%,M:0.8%,n:13780",98.8,"0.2.13",245,99.5192,"deutero"
"Cerastoderma_edule","GCA_947846245.1","Mollusca",82.69,1015184,"C:90.8%[S:89.3%,D:1.5%],F:1.1%,M:8.1%,n:5295",90.8,"0.2.13",52,82.6923,"proto"
"Cerastoderma_edule","GCA_947846245.1","Mollusca",82.69,1015184,"C:90.8%[S:89.3%,D:1.5%],F:1.1%,M:8.1%,n:5295",90.8,"0.2.13",52,82.6923,"proto"
"Cerastoderma_edule","GCA_947846245.1","Mollusca",82.69,1015184,"C:90.8%[S:89.3%,D:1.5%],F:1.1%,M:8.1%,n:5295",90.8,"0.2.13",52,82.6923,"proto"
"Cerastoderma_edule","GCA_947846245.1","Mollusca",82.69,1015184,"C:90.8%[S:89.3%,D:1.5%],F:1.1%,M:8.1%,n:5295",90.8,"0.2.13",52,82.6923,"proto"
"Leptogaster_cylindrica","GCA_963082835.1","Diptera",70.15,1374445,"C:94.8%[S:93.6%,D:1.2%],F:0.7%,M:4.5%,n:3285",94.8,"0.2.13",67,75.8065,"proto"
"Pollenia_angustigena","GCA_930374645.1","Diptera",70.15,1800473,"C:96.9%[S:96.0%,D:0.9%],F:1.0%,M:2.1%,n:3285",96.9,"0.2.13",67,75.8065,"proto"
"Mimachlamys_varia","GCA_947623455.1","Mollusca",86.54,19361000,"C:94.3%[S:93.5%,D:0.8%],F:1.5%,M:4.2%,n:5295",94.3,"0.2.13",52,86.5385,"proto"
"Sesia_apiformis","GCA_914767545.1","Lepidoptera",74.63,19957231,"C:89.5%[S:87.5%,D:2.0%],F:4.2%,M:6.3%,n:5286",89.5,"0.2.13",67,80.6452,"proto"
"Parascotia_fuliginaria","GCA_963082885.1","Lepidoptera",73.13,8688707,"C:94.4%[S:91.0%,D:3.4%],F:2.5%,M:3.1%,n:5286",94.4,"0.2.13",67,79.0323,"proto"
"Nysson_spinosus","GCA_910591585.2","Endopterygota",71.88,7396645,"C:92.4%[S:92.3%,D:0.1%],F:2.8%,M:4.8%,n:5991",92.4,"0.2.13",64,75.4098,"proto"
"Laspeyria_flexula","GCA_905147015.1","Lepidoptera",71.64,12239498,"C:96.7%[S:95.8%,D:0.9%],F:0.8%,M:2.5%,n:5286",96.7,"0.2.13",67,77.4194,"proto"
"Hybos_culiciformis","GCA_964007475.1","Diptera",64.18,431149,"C:94.0%[S:88.4%,D:5.6%],F:2.1%,M:3.9%,n:3285",94,"0.2.13",67,69.3548,"proto"
"Hybos_culiciformis","GCA_964007475.1","Diptera",64.18,431149,"C:94.0%[S:88.4%,D:5.6%],F:2.1%,M:3.9%,n:3285",94,"0.2.13",67,69.3548,"proto"
"Hybos_culiciformis","GCA_964007475.1","Diptera",64.18,431149,"C:94.0%[S:88.4%,D:5.6%],F:2.1%,M:3.9%,n:3285",94,"0.2.13",67,69.3548,"proto"
"Hybos_culiciformis","GCA_964007475.1","Diptera",64.18,431149,"C:94.0%[S:88.4%,D:5.6%],F:2.1%,M:3.9%,n:3285",94,"0.2.13",67,69.3548,"proto"
"Leptidea_sinapis","GCA_905404315.1","Lepidoptera",65.67,14011732,"C:95.9%[S:95.0%,D:0.9%],F:0.9%,M:3.2%,n:5286",95.9,"0.2.13",67,70.9677,"proto"
"Gerris_lacustris","GCA_951217055.1","Neoptera",61.29,3828687,"C:94.5%[S:90.7%,D:3.8%],F:2.0%,M:3.5%,n:2510",94.5,"0.2.13",62,64.4068,"proto"
"Scaeva_pyrastri","GCA_905147095.1","Diptera",76.12,2652713,"C:96.2%[S:95.3%,D:0.9%],F:0.6%,M:3.2%,n:3285",96.2,"0.2.13",67,82.2581,"proto"
"Eptesicus_fuscus","GCA_027574615.1","Laurasiatheria",68.2,49033427,"C:97.0%[S:95.9%,D:1.1%],F:0.9%,M:2.1%,n:12234",97,"0.2.13",217,77.8947,"deutero"
"Eptesicus_fuscus","GCA_027574615.1","Laurasiatheria",68.2,49033427,"C:97.0%[S:95.9%,D:1.1%],F:0.9%,M:2.1%,n:12234",97,"0.2.13",217,77.8947,"deutero"
"Eptesicus_fuscus","GCA_027574615.1","Laurasiatheria",68.2,49033427,"C:97.0%[S:95.9%,D:1.1%],F:0.9%,M:2.1%,n:12234",97,"0.2.13",217,77.8947,"deutero"
"Eptesicus_fuscus","GCA_027574615.1","Laurasiatheria",68.2,49033427,"C:97.0%[S:95.9%,D:1.1%],F:0.9%,M:2.1%,n:12234",97,"0.2.13",217,77.8947,"deutero"
"Tivela_stultorum","GCA_041429975.1","Mollusca",80.77,15649718,"C:82.4%[S:79.8%,D:2.6%],F:1.5%,M:16.1%,n:5295",82.4,"0.2.13",52,80.7692,"proto"
"Tivela_stultorum","GCA_041429975.1","Mollusca",80.77,15649718,"C:82.4%[S:79.8%,D:2.6%],F:1.5%,M:16.1%,n:5295",82.4,"0.2.13",52,80.7692,"proto"
"Tivela_stultorum","GCA_041429975.1","Mollusca",80.77,15649718,"C:82.4%[S:79.8%,D:2.6%],F:1.5%,M:16.1%,n:5295",82.4,"0.2.13",52,80.7692,"proto"
"Tivela_stultorum","GCA_041429975.1","Mollusca",80.77,15649718,"C:82.4%[S:79.8%,D:2.6%],F:1.5%,M:16.1%,n:5295",82.4,"0.2.13",52,80.7692,"proto"
"Glaucopsyche_alexis","GCA_905404095.1","Lepidoptera",70.15,7600873,"C:92.4%[S:90.0%,D:2.4%],F:2.8%,M:4.8%,n:5286",92.4,"0.2.13",67,75.8065,"proto"
"Nomada_fabriciana","GCA_907165295.1","Endopterygota",67.19,13396754,"C:92.9%[S:92.7%,D:0.2%],F:2.5%,M:4.6%,n:5991",92.9,"0.2.13",64,70.4918,"proto"
"Phlogophora_meticulosa","GCA_905147725.1","Lepidoptera",68.66,8980099,"C:94.5%[S:93.9%,D:0.6%],F:1.0%,M:4.5%,n:5286",94.5,"0.2.13",67,74.1935,"proto"
"Anorthoa_munda","GCA_945859655.1","Lepidoptera",73.13,1561652,"C:94.7%[S:93.1%,D:1.6%],F:1.2%,M:4.1%,n:5286",94.7,"0.2.13",67,79.0323,"proto"
"Homo_sapiens","GCA_042037715.1","Catarrhini",84.49,134855658,"C:98.9%[S:98.3%,D:0.6%],F:0.4%,M:0.7%,n:13780",98.9,"0.2.13",245,99.5192,"deutero"
"Nebria_brevicollis","GCA_944738965.1","Endopterygota",73.44,2458479,"C:93.3%[S:92.8%,D:0.5%],F:1.3%,M:5.4%,n:2124",93.3,"0.2.13",64,77.0492,"proto"
"Anodontia_alba","GCA_964016985.1","Mollusca",86.54,1839011,"C:73.4%[S:71.9%,D:1.5%],F:4.5%,M:22.1%,n:5295",73.4,"0.2.13",52,86.5385,"proto"
"Anodontia_alba","GCA_964016985.1","Mollusca",86.54,1839011,"C:73.4%[S:71.9%,D:1.5%],F:4.5%,M:22.1%,n:5295",73.4,"0.2.13",52,86.5385,"proto"
"Anodontia_alba","GCA_964016985.1","Mollusca",86.54,1839011,"C:73.4%[S:71.9%,D:1.5%],F:4.5%,M:22.1%,n:5295",73.4,"0.2.13",52,86.5385,"proto"
"Anodontia_alba","GCA_964016985.1","Mollusca",86.54,1839011,"C:73.4%[S:71.9%,D:1.5%],F:4.5%,M:22.1%,n:5295",73.4,"0.2.13",52,86.5385,"proto"
"Bos_taurus","GCA_040285425.1","Laurasiatheria",72.81,95916531,"C:94.2%[S:93.1%,D:1.1%],F:1.1%,M:4.7%,n:13335",94.2,"0.2.13",217,83.1579,"deutero"
"Coremacera_marginata","GCA_914767655.1","Diptera",67.16,326098,"C:88.7%[S:86.1%,D:2.6%],F:2.2%,M:9.1%,n:3285",88.7,"0.2.13",67,72.5806,"proto"
"Arvicola_amphibius","GCA_903992535.2","Glires",67.73,5392280,"C:95.7%[S:94.5%,D:1.2%],F:0.8%,M:3.5%,n:12692",95.7,"0.2.13",220,78.0105,"deutero"
"Celastrina_argiolus","GCA_905187575.2","Lepidoptera",70.15,7710655,"C:95.1%[S:94.6%,D:0.5%],F:0.8%,M:4.1%,n:5286",95.1,"0.2.13",67,75.8065,"proto"
"Mus_minutoides","GCA_902729485.1","Muridae",66.53,115764,"C:84.4%[S:83.6%,D:0.8%],F:2.3%,M:13.3%,n:12692",84.4,"0.2.13",236,75.8454,"deutero"
"Homo_sapiens","GCA_018469875.1","Catarrhini",84.49,60041455,"C:99.0%[S:98.5%,D:0.5%],F:0.1%,M:0.9%,n:13780",99,"0.2.13",245,99.5192,"deutero"
"Eulithis_prunata","GCA_918843925.1","Lepidoptera",68.66,9036279,"C:95.7%[S:93.5%,D:2.2%],F:1.6%,M:2.7%,n:5286",95.7,"0.2.13",67,74.1935,"proto"
"Eilema_griseolum","GCA_963662185.1","Lepidoptera",71.64,8970733,"C:95.5%[S:94.3%,D:1.2%],F:1.0%,M:3.5%,n:5286",95.5,"0.2.13",67,77.4194,"proto"
"Hydropsyche_tenuis","GCA_009617725.1","Endopterygota",68.75,2190134,"C:91.3%[S:89.6%,D:1.7%],F:3.6%,M:5.1%,n:2124",91.3,"0.2.13",64,72.1311,"proto"
"Apocheima_hispidaria","GCA_947581315.1","Lepidoptera",71.64,1587899,"C:91.4%[S:88.1%,D:3.3%],F:3.0%,M:5.6%,n:5286",91.4,"0.2.13",67,77.4194,"proto"
"Brachylomia_viminalis","GCA_937001585.1","Lepidoptera",70.15,20611000,"C:93.3%[S:90.9%,D:2.4%],F:2.6%,M:4.1%,n:5286",93.3,"0.2.13",67,75.8065,"proto"
"Thymelicus_sylvestris","GCA_911387695.1","Lepidoptera",65.67,1610447,"C:93.0%[S:92.0%,D:1.0%],F:0.9%,M:6.1%,n:5286",93,"0.2.13",67,70.9677,"proto"
"Pieris_napi","GCA_905475415.1","Lepidoptera",65.67,11488412,"C:90.8%[S:90.2%,D:0.6%],F:0.7%,M:8.5%,n:5286",90.8,"0.2.13",67,70.9677,"proto"
"Cheilosia_soror","GCA_949372475.2","Diptera",73.13,2554536,"C:92.9%[S:92.2%,D:0.7%],F:1.2%,M:5.9%,n:3285",92.9,"0.2.13",67,79.0323,"proto"
"Syngnathus_acus","GCA_901709675.2","Clupeocephala",74.56,11959915,"C:93.1%[S:91.8%,D:1.3%],F:2.0%,M:4.9%,n:3640",93.1,"0.2.13",114,84.1584,"deutero"
"Chelonia_mydas","GCA_015237465.2","Archelosauria",87.29,39415510,"C:97.2%[S:96.3%,D:0.9%],F:0.9%,M:1.9%,n:7480",97.2,"0.2.13",118,96.2617,"deutero"
"Rupicapra_rupicapra","GCA_963981305.1","Laurasiatheria",78.8,77662214,"C:96.6%[S:95.7%,D:0.9%],F:0.5%,M:2.9%,n:9226",96.6,"0.2.13",217,90,"deutero"
"Bombus_pascuorum","GCA_905332965.1","Endopterygota",70.31,8974029,"C:94.3%[S:94.0%,D:0.3%],F:2.0%,M:3.7%,n:5991",94.3,"0.2.13",64,73.7705,"proto"
"Magallana_gigas","GCA_963853765.1","Mollusca",100,7289204,"C:93.4%[S:93.0%,D:0.4%],F:1.1%,M:5.5%,n:5295",93.4,"0.2.13",52,100,"proto"
"Seladonia_tumulorum","GCA_913789895.3","Endopterygota",67.19,14963228,"C:84.7%[S:81.6%,D:3.1%],F:6.3%,M:9.0%,n:5991",84.7,"0.2.13",64,70.4918,"proto"
"Patella_depressa","GCA_948474765.1","Mollusca",86.54,13889351,"C:94.2%[S:93.1%,D:1.1%],F:0.8%,M:5.0%,n:5295",94.2,"0.2.13",52,86.5385,"proto"
"Xanthorhoe_spadicearia","GCA_947086435.1","Lepidoptera",71.64,3815007,"C:90.3%[S:86.7%,D:3.6%],F:2.0%,M:7.7%,n:5286",90.3,"0.2.13",67,77.4194,"proto"
"Nerophis_lumbriciformis","GCA_033978685.1","Clupeocephala",78.07,40397774,"C:95.8%[S:35.8%,D:60.0%],F:0.9%,M:3.3%,n:3640",95.8,"0.2.13",114,88.1188,"deutero"
"Chrysoteuchia_culmella","GCA_910589605.1","Lepidoptera",71.64,16432838,"C:93.4%[S:90.6%,D:2.8%],F:3.0%,M:3.6%,n:5286",93.4,"0.2.13",67,77.4194,"proto"
"Tenualosa_ilisha","GCA_015244755.2","Clupeocephala",78.07,2010718,"C:94.6%[S:81.8%,D:12.8%],F:1.7%,M:3.7%,n:3640",94.6,"0.2.13",114,88.1188,"deutero"
"Athalia_rosae","GCA_917208135.1","Endopterygota",70.31,7096104,"C:95.9%[S:95.5%,D:0.4%],F:1.2%,M:2.9%,n:5991",95.9,"0.2.13",64,73.7705,"proto"
"Portevinia_maculata","GCA_949715645.1","Diptera",74.63,7927148,"C:90.8%[S:84.7%,D:6.1%],F:4.0%,M:5.2%,n:3285",90.8,"0.2.13",67,80.6452,"proto"
"Toxonevra_muliebris","GCA_963691655.1","Diptera",71.64,3471243,"C:96.3%[S:91.9%,D:4.4%],F:2.0%,M:1.7%,n:3285",96.3,"0.2.13",67,77.4194,"proto"
"Biomphalaria_pfeifferi","GCA_030265305.1","Mollusca",76.92,3253497,"C:95.7%[S:94.9%,D:0.8%],F:1.0%,M:3.3%,n:5295",95.7,"0.2.13",52,76.9231,"proto"
"Biomphalaria_pfeifferi","GCA_030265305.1","Mollusca",76.92,3253497,"C:95.7%[S:94.9%,D:0.8%],F:1.0%,M:3.3%,n:5295",95.7,"0.2.13",52,76.9231,"proto"
"Biomphalaria_pfeifferi","GCA_030265305.1","Mollusca",76.92,3253497,"C:95.7%[S:94.9%,D:0.8%],F:1.0%,M:3.3%,n:5295",95.7,"0.2.13",52,76.9231,"proto"
"Biomphalaria_pfeifferi","GCA_030265305.1","Mollusca",76.92,3253497,"C:95.7%[S:94.9%,D:0.8%],F:1.0%,M:3.3%,n:5295",95.7,"0.2.13",52,76.9231,"proto"
"Rutpela_maculata","GCA_936432065.1","Endopterygota",78.12,4195726,"C:84.8%[S:81.6%,D:3.2%],F:8.6%,M:6.6%,n:2124",84.8,"0.2.13",64,81.9672,"proto"
"Pangasianodon_hypophthalmus","GCA_027358585.1","Clupeocephala",78.07,13007371,"C:97.1%[S:95.9%,D:1.2%],F:0.8%,M:2.1%,n:3640",97.1,"0.2.13",114,88.1188,"deutero"
"Epinotia_demarniana","GCA_945867215.1","Lepidoptera",71.64,13504585,"C:90.7%[S:86.9%,D:3.8%],F:4.3%,M:5.0%,n:5286",90.7,"0.2.13",67,77.4194,"proto"
"Bombus_skorikovi","GCA_014737355.1","Endopterygota",70.31,488970,"C:94.1%[S:93.7%,D:0.4%],F:2.3%,M:3.6%,n:5991",94.1,"0.2.13",64,73.7705,"proto"
"Tamias_sibiricus","GCA_025594165.1","Glires",78.64,9422552,"C:90.7%[S:89.6%,D:1.1%],F:0.9%,M:8.4%,n:13798",90.7,"0.2.13",220,90.5759,"deutero"
"Xylocampa_areola","GCA_935421205.1","Lepidoptera",71.64,19595336,"C:93.8%[S:91.6%,D:2.2%],F:2.4%,M:3.8%,n:5286",93.8,"0.2.13",67,77.4194,"proto"
"Mustela_erminea","GCA_009829155.1","Laurasiatheria",76.96,36329944,"C:94.4%[S:93.2%,D:1.2%],F:1.0%,M:4.6%,n:14502",94.4,"0.2.13",217,87.8947,"deutero"
"Homo_sapiens","GCA_018466985.1","Catarrhini",84.08,59525942,"C:99.0%[S:98.4%,D:0.6%],F:0.2%,M:0.8%,n:13780",99,"0.2.13",245,99.0385,"deutero"
"Acronicta_leporina","GCA_947256265.1","Lepidoptera",73.13,9296191,"C:93.8%[S:91.3%,D:2.5%],F:2.3%,M:3.9%,n:5286",93.8,"0.2.13",67,79.0323,"proto"
"Maniola_jurtina","GCA_905333055.1","Lepidoptera",73.13,13288869,"C:95.8%[S:95.0%,D:0.8%],F:0.9%,M:3.3%,n:5286",95.8,"0.2.13",67,79.0323,"proto"
"Trachurus_trachurus","GCA_905171665.1","Clupeocephala",85.96,6264696,"C:92.8%[S:91.3%,D:1.5%],F:2.7%,M:4.5%,n:3640",92.8,"0.2.13",114,97.0297,"deutero"
"Acleris_laterana","GCA_963966035.1","Lepidoptera",73.13,509580,"C:90.7%[S:89.2%,D:1.5%],F:3.1%,M:6.2%,n:5286",90.7,"0.2.13",67,79.0323,"proto"
"Perccottus_glenii","GCA_024416835.2","Clupeocephala",83.33,4646325,"C:90.1%[S:87.7%,D:2.4%],F:2.5%,M:7.4%,n:3640",90.1,"0.2.13",114,94.0594,"deutero"
"Clostera_curtula","GCA_905475355.1","Lepidoptera",74.63,6772994,"C:95.8%[S:95.2%,D:0.6%],F:1.5%,M:2.7%,n:5286",95.8,"0.2.13",67,80.6452,"proto"
"Nemopilema_nomurai","GCA_003864495.1","Cnidaria",0,849297,"C:84.4%[S:0.1%,D:84.3%],F:4.4%,M:11.2%,n:954",84.4,"0.2.13",3,0,"combined"
"Homo_sapiens","GCA_041900255.1","Catarrhini",84.49,101022985,"C:98.8%[S:98.3%,D:0.5%],F:0.4%,M:0.8%,n:13780",98.8,"0.2.13",245,99.5192,"deutero"
"Homo_sapiens","GCA_042029925.1","Catarrhini",84.49,133321827,"C:98.9%[S:98.3%,D:0.6%],F:0.4%,M:0.7%,n:13780",98.9,"0.2.13",245,99.5192,"deutero"
"Denticeps_clupeoides","GCA_900700375.2","Clupeocephala",78.95,3059612,"C:93.6%[S:86.6%,D:7.0%],F:1.6%,M:4.8%,n:3640",93.6,"0.2.13",114,89.1089,"deutero"
"Homo_sapiens","GCA_018472715.1","Catarrhini",84.49,53422923,"C:98.9%[S:98.5%,D:0.4%],F:0.2%,M:0.9%,n:13780",98.9,"0.2.13",245,99.5192,"deutero"
"Muricea_muricata","GCA_963855995.1","Cnidaria",33.33,4018000,"C:85.4%[S:80.5%,D:4.9%],F:4.4%,M:10.2%,n:954",85.4,"0.2.13",3,33.3333,"combined"
"Adalia_bipunctata","GCA_910591895.1","Endopterygota",56.25,1842588,"C:72.0%[S:70.7%,D:1.3%],F:1.5%,M:26.5%,n:2124",72,"0.2.13",64,59.0164,"proto"
"Leucoraja_ocellata","GCA_036785375.1","Chondrichthyes",79.59,305059,"C:85.7%[S:55.5%,D:30.2%],F:4.1%,M:10.2%,n:3354",85.7,"0.2.13",98,86.6667,"deutero"
"Clistopyga_incitator","GCA_947507545.1","Endopterygota",67.19,2365487,"C:91.3%[S:89.0%,D:2.3%],F:3.9%,M:4.8%,n:5991",91.3,"0.2.13",64,70.4918,"proto"
"Griposia_aprilina","GCA_916610245.1","Lepidoptera",68.66,530210,"C:88.8%[S:85.5%,D:3.3%],F:3.0%,M:8.2%,n:5286",88.8,"0.2.13",67,74.1935,"proto"
"Globicephala_melas","GCA_963455315.1","Laurasiatheria",79.26,3290841,"C:95.7%[S:94.3%,D:1.4%],F:0.5%,M:3.8%,n:13335",95.7,"0.2.13",217,90.5263,"deutero"
"Biomphalaria_sudanica","GCA_036873155.1","Mollusca",76.92,978061,"C:95.2%[S:90.4%,D:4.8%],F:1.2%,M:3.6%,n:5295",95.2,"0.2.13",52,76.9231,"proto"
"Betta_splendens","GCA_900634795.4","Clupeocephala",85.09,2574972,"C:95.6%[S:94.6%,D:1.0%],F:1.0%,M:3.4%,n:3640",95.6,"0.2.13",114,96.0396,"deutero"
"Philopedon_plagiatum","GCA_963971165.1","Endopterygota",81.25,1795000,"C:90.1%[S:87.0%,D:3.1%],F:5.8%,M:4.1%,n:2124",90.1,"0.2.13",64,85.2459,"proto"
"Philopedon_plagiatum","GCA_963971165.1","Endopterygota",81.25,1795000,"C:90.1%[S:87.0%,D:3.1%],F:5.8%,M:4.1%,n:2124",90.1,"0.2.13",64,85.2459,"proto"
"Philopedon_plagiatum","GCA_963971165.1","Endopterygota",81.25,1795000,"C:90.1%[S:87.0%,D:3.1%],F:5.8%,M:4.1%,n:2124",90.1,"0.2.13",64,85.2459,"proto"
"Philopedon_plagiatum","GCA_963971165.1","Endopterygota",81.25,1795000,"C:90.1%[S:87.0%,D:3.1%],F:5.8%,M:4.1%,n:2124",90.1,"0.2.13",64,85.2459,"proto"
"Carposina_sasakii","GCA_014607495.2","Lepidoptera",64.18,2597711,"C:96.4%[S:92.7%,D:3.7%],F:0.9%,M:2.7%,n:5286",96.4,"0.2.13",67,69.3548,"proto"
"Ennomos_fuscantarius","GCA_905220485.1","Lepidoptera",59.7,151328,"C:81.1%[S:79.5%,D:1.6%],F:2.0%,M:16.9%,n:5286",81.1,"0.2.13",67,64.5161,"proto"
"Homo_sapiens","GCA_018472605.1","Catarrhini",84.49,50294217,"C:99.1%[S:98.7%,D:0.4%],F:0.2%,M:0.7%,n:13780",99.1,"0.2.13",245,99.5192,"deutero"
"Hypophthalmichthys_nobilis","GCA_037950665.1","Clupeocephala",82.46,31487454,"C:95.1%[S:93.7%,D:1.4%],F:1.1%,M:3.8%,n:3640",95.1,"0.2.13",114,93.0693,"deutero"
"Homo_sapiens","GCA_042032445.1","Catarrhini",74.29,115989372,"C:95.6%[S:95.1%,D:0.5%],F:0.4%,M:4.0%,n:13780",95.6,"0.2.13",245,87.5,"deutero"
"Hypercompe_scribonia","GCA_949316085.1","Lepidoptera",73.13,10641249,"C:94.0%[S:90.1%,D:3.9%],F:2.6%,M:3.4%,n:5286",94,"0.2.13",67,79.0323,"proto"
"Agriopis_marginaria","GCA_932305915.1","Lepidoptera",73.13,14455660,"C:96.6%[S:95.8%,D:0.8%],F:0.9%,M:2.5%,n:5286",96.6,"0.2.13",67,79.0323,"proto"
"Homo_sapiens","GCA_018470435.1","Catarrhini",74.29,19525040,"C:94.8%[S:93.7%,D:1.1%],F:0.3%,M:4.9%,n:13780",94.8,"0.2.13",245,87.5,"deutero"
"Sphecodes_monilicornis","GCA_913789915.1","Endopterygota",68.75,7420798,"C:92.7%[S:92.3%,D:0.4%],F:3.1%,M:4.2%,n:5991",92.7,"0.2.13",64,72.1311,"proto"
"Homo_sapiens","GCA_018467165.1","Catarrhini",84.08,57096483,"C:99.0%[S:98.6%,D:0.4%],F:0.2%,M:0.8%,n:13780",99,"0.2.13",245,99.0385,"deutero"
"Aleochara_curtula","GCA_963978815.1","Endopterygota",71.88,8903095,"C:93.6%[S:92.7%,D:0.9%],F:1.2%,M:5.2%,n:2124",93.6,"0.2.13",64,75.4098,"proto"
"Aleochara_curtula","GCA_963978815.1","Endopterygota",71.88,8903095,"C:93.6%[S:92.7%,D:0.9%],F:1.2%,M:5.2%,n:2124",93.6,"0.2.13",64,75.4098,"proto"
"Aleochara_curtula","GCA_963978815.1","Endopterygota",71.88,8903095,"C:93.6%[S:92.7%,D:0.9%],F:1.2%,M:5.2%,n:2124",93.6,"0.2.13",64,75.4098,"proto"
"Aleochara_curtula","GCA_963978815.1","Endopterygota",71.88,8903095,"C:93.6%[S:92.7%,D:0.9%],F:1.2%,M:5.2%,n:2124",93.6,"0.2.13",64,75.4098,"proto"
"Marasmia_exigua","GCA_019059595.1","Lepidoptera",73.13,2488183,"C:96.0%[S:94.9%,D:1.1%],F:1.2%,M:2.8%,n:5286",96,"0.2.13",67,79.0323,"proto"
"Spodoptera_exigua","GCA_902829305.1","Lepidoptera",71.64,15037840,"C:96.7%[S:96.3%,D:0.4%],F:0.8%,M:2.5%,n:5286",96.7,"0.2.13",67,77.4194,"proto"
"Micromussa_lordhowensis","GCA_964020085.1","Cnidaria",33.33,1290411,"C:94.2%[S:92.8%,D:1.4%],F:2.1%,M:3.7%,n:954",94.2,"0.2.13",3,33.3333,"combined"
"Pollenia_angustigena","GCA_930367215.1","Diptera",71.64,21036068,"C:97.9%[S:97.0%,D:0.9%],F:0.6%,M:1.5%,n:3285",97.9,"0.2.13",67,77.4194,"proto"
"Acropora_tenuis","GCA_014633955.1","Cnidaria",33.33,27215,"C:89.0%[S:0.4%,D:88.6%],F:4.6%,M:6.4%,n:954",89,"0.2.13",3,33.3333,"combined"
"Brachyptera_risi","GCA_964007535.1","Neoptera",74.19,483172,"C:95.2%[S:93.9%,D:1.3%],F:2.8%,M:2.0%,n:1367",95.2,"0.2.13",62,77.9661,"proto"
"Elmis_aenea","GCA_947652605.1","Endopterygota",78.12,911544,"C:96.6%[S:95.2%,D:1.4%],F:0.8%,M:2.6%,n:2124",96.6,"0.2.13",64,81.9672,"proto"
"Carcina_quercana","GCA_910589575.1","Lepidoptera",74.63,13030025,"C:91.2%[S:88.5%,D:2.7%],F:2.9%,M:5.9%,n:5286",91.2,"0.2.13",67,80.6452,"proto"
"Xanthorhoe_spadicearia","GCA_947086425.1","Lepidoptera",73.13,7616428,"C:95.1%[S:91.6%,D:3.5%],F:2.0%,M:2.9%,n:5286",95.1,"0.2.13",67,79.0323,"proto"
"Lysandra_coridon","GCA_905220525.1","Lepidoptera",71.64,823289,"C:93.6%[S:92.5%,D:1.1%],F:1.1%,M:5.3%,n:5286",93.6,"0.2.13",67,77.4194,"proto"
"Acrossocheilus_fasciatus","GCA_036784905.1","Clupeocephala",83.33,32348965,"C:95.8%[S:91.6%,D:4.2%],F:1.0%,M:3.2%,n:3640",95.8,"0.2.13",114,94.0594,"deutero"
"Pomacea_canaliculata","GCA_003073045.1","Mollusca",75,1072857,"C:87.2%[S:85.5%,D:1.7%],F:2.1%,M:10.7%,n:5295",87.2,"0.2.13",52,75,"proto"
"Pomacea_canaliculata","GCA_003073045.1","Mollusca",75,1072857,"C:87.2%[S:85.5%,D:1.7%],F:2.1%,M:10.7%,n:5295",87.2,"0.2.13",52,75,"proto"
"Pomacea_canaliculata","GCA_003073045.1","Mollusca",75,1072857,"C:87.2%[S:85.5%,D:1.7%],F:2.1%,M:10.7%,n:5295",87.2,"0.2.13",52,75,"proto"
"Pomacea_canaliculata","GCA_003073045.1","Mollusca",75,1072857,"C:87.2%[S:85.5%,D:1.7%],F:2.1%,M:10.7%,n:5295",87.2,"0.2.13",52,75,"proto"
"Melanostoma_scalare","GCA_949752695.1","Diptera",74.63,2344216,"C:94.9%[S:93.5%,D:1.4%],F:1.3%,M:3.8%,n:3285",94.9,"0.2.13",67,80.6452,"proto"
"Myiopsitta_monachus","GCA_017639245.1","Neoaves",79.84,22647286,"C:94.3%[S:93.3%,D:1.0%],F:1.7%,M:4.0%,n:8338",94.3,"0.2.13",129,90.3509,"deutero"
"Episyrphus_balteatus","GCA_945859675.1","Diptera",76.12,1191705,"C:94.6%[S:93.0%,D:1.6%],F:1.1%,M:4.3%,n:3285",94.6,"0.2.13",67,82.2581,"proto"
"Erynnis_tages","GCA_905147235.1","Lepidoptera",67.16,8006790,"C:84.3%[S:82.3%,D:2.0%],F:4.0%,M:11.7%,n:5286",84.3,"0.2.13",67,72.5806,"proto"
"Vanessa_atalanta","GCA_905147765.1","Lepidoptera",77.61,12152710,"C:96.1%[S:95.9%,D:0.2%],F:0.9%,M:3.0%,n:5286",96.1,"0.2.13",67,83.871,"proto"
"Athalia_rosae","GCA_917207985.2","Endopterygota",70.31,1568810,"C:95.7%[S:95.0%,D:0.7%],F:1.2%,M:3.1%,n:5991",95.7,"0.2.13",64,73.7705,"proto"
"Cheilosia_urbana","GCA_946477585.1","Diptera",76.12,11782198,"C:96.2%[S:95.2%,D:1.0%],F:0.8%,M:3.0%,n:3285",96.2,"0.2.13",67,82.2581,"proto"
"Schrankia_costaestrigalis","GCA_905475405.1","Lepidoptera",74.63,14389424,"C:95.5%[S:92.9%,D:2.6%],F:2.0%,M:2.5%,n:5286",95.5,"0.2.13",67,80.6452,"proto"
"Crepidodera_aurea","GCA_949320105.1","Endopterygota",75,4358255,"C:95.0%[S:90.6%,D:4.4%],F:2.6%,M:2.4%,n:2124",95,"0.2.13",64,78.6885,"proto"
"Diloba_caeruleocephala","GCA_947459985.1","Lepidoptera",70.15,9820628,"C:94.4%[S:93.8%,D:0.6%],F:1.7%,M:3.9%,n:5286",94.4,"0.2.13",67,75.8065,"proto"
"Rhinolophus_hipposideros","GCA_964194185.1","Laurasiatheria",72.81,2014157,"C:97.3%[S:95.9%,D:1.4%],F:0.6%,M:2.1%,n:12234",97.3,"0.2.13",217,83.1579,"deutero"
"Calamotropha_paludella","GCA_927399455.1","Lepidoptera",49.25,1112509,"C:79.2%[S:76.4%,D:2.8%],F:3.3%,M:17.5%,n:5286",79.2,"0.2.13",67,53.2258,"proto"
"Phlebotomus_perniciosus","GCA_918844115.2","Diptera",68.66,8998,"C:14.7%[S:14.5%,D:0.2%],F:9.4%,M:75.9%,n:3285",14.7,"0.2.13",67,74.1935,"proto"
"Brienomyrus_brachyistius","GCA_023856365.1","Neopterygii",81.08,4190077,"C:96.0%[S:91.8%,D:4.2%],F:1.5%,M:2.5%,n:3640",96,"0.2.13",111,91.8367,"deutero"
"Thunnus_maccoyii","GCA_910596095.1","Clupeocephala",85.09,26803536,"C:97.3%[S:96.6%,D:0.7%],F:0.5%,M:2.2%,n:3640",97.3,"0.2.13",114,96.0396,"deutero"
"Phosphuga_atrata","GCA_944588485.1","Endopterygota",75,2238738,"C:84.5%[S:80.6%,D:3.9%],F:8.1%,M:7.4%,n:2124",84.5,"0.2.13",64,78.6885,"proto"
"Apamea_sordens","GCA_945859715.1","Lepidoptera",71.64,21033426,"C:94.0%[S:91.4%,D:2.6%],F:2.5%,M:3.5%,n:5286",94,"0.2.13",67,77.4194,"proto"
"Buathra_laborator","GCA_934046145.1","Endopterygota",65.62,3635114,"C:95.4%[S:95.0%,D:0.4%],F:1.1%,M:3.5%,n:5991",95.4,"0.2.13",64,68.8525,"proto"
"Anthocharis_cardamines","GCA_905404175.1","Lepidoptera",71.64,6265090,"C:95.6%[S:95.1%,D:0.5%],F:0.8%,M:3.6%,n:5286",95.6,"0.2.13",67,77.4194,"proto"
"Bathymodiolus_septemdierum","GCA_963383655.1","Mollusca",88.46,2330011,"C:91.9%[S:89.9%,D:2.0%],F:2.2%,M:5.9%,n:5295",91.9,"0.2.13",52,88.4615,"proto"
"Omphaloscelis_lunosa","GCA_916610225.1","Lepidoptera",67.16,795830,"C:88.4%[S:85.4%,D:3.0%],F:2.7%,M:8.9%,n:5286",88.4,"0.2.13",67,72.5806,"proto"
"Acropora_selago","GCA_014634525.1","Cnidaria",33.33,34309,"C:89.5%[S:88.2%,D:1.3%],F:6.5%,M:4.0%,n:954",89.5,"0.2.13",3,33.3333,"combined"
"Ochropleura_plecta","GCA_905475425.1","Lepidoptera",68.66,5038555,"C:90.0%[S:86.6%,D:3.4%],F:2.4%,M:7.6%,n:5286",90,"0.2.13",67,74.1935,"proto"
"Tortricodes_alternella","GCA_947859335.1","Lepidoptera",74.63,10046775,"C:90.5%[S:86.8%,D:3.7%],F:3.9%,M:5.6%,n:5286",90.5,"0.2.13",67,80.6452,"proto"
"Allophyes_oxyacanthae","GCA_932294325.1","Lepidoptera",71.64,16394262,"C:93.3%[S:90.8%,D:2.5%],F:2.5%,M:4.2%,n:5286",93.3,"0.2.13",67,77.4194,"proto"
"Homo_sapiens","GCA_042028935.1","Catarrhini",84.49,106447152,"C:98.9%[S:98.3%,D:0.6%],F:0.4%,M:0.7%,n:13780",98.9,"0.2.13",245,99.5192,"deutero"
"Protodeltote_pygarga","GCA_936450705.2","Lepidoptera",71.64,14657130,"C:96.1%[S:92.8%,D:3.3%],F:1.7%,M:2.2%,n:5286",96.1,"0.2.13",67,77.4194,"proto"
"Cetonia_aurata","GCA_949128085.1","Endopterygota",75,8085049,"C:96.8%[S:95.3%,D:1.5%],F:0.9%,M:2.3%,n:2124",96.8,"0.2.13",64,78.6885,"proto"
"Lycaena_phlaeas","GCA_905333005.1","Lepidoptera",74.63,18072480,"C:95.8%[S:95.4%,D:0.4%],F:0.8%,M:3.4%,n:5286",95.8,"0.2.13",67,80.6452,"proto"
"Noctua_comes","GCA_963082995.1","Lepidoptera",70.15,18283226,"C:91.3%[S:87.3%,D:4.0%],F:3.3%,M:5.4%,n:5286",91.3,"0.2.13",67,75.8065,"proto"
"Cheilosia_impressa","GCA_948293265.1","Diptera",76.12,6000640,"C:95.8%[S:95.3%,D:0.5%],F:0.9%,M:3.3%,n:3285",95.8,"0.2.13",67,82.2581,"proto"
"Sesia_bembeciformis","GCA_943735995.1","Lepidoptera",74.63,17138721,"C:91.7%[S:89.2%,D:2.5%],F:3.3%,M:5.0%,n:5286",91.7,"0.2.13",67,80.6452,"proto"
"Tenthredo_mesomela","GCA_943736035.1","Endopterygota",70.31,646674,"C:94.9%[S:94.2%,D:0.7%],F:1.4%,M:3.7%,n:5991",94.9,"0.2.13",64,73.7705,"proto"
"Lycophotia_porphyrea","GCA_950005095.1","Lepidoptera",70.15,3357054,"C:92.8%[S:89.0%,D:3.8%],F:2.5%,M:4.7%,n:5286",92.8,"0.2.13",67,75.8065,"proto"
"Zalophus_californianus","GCA_009762305.2","Laurasiatheria",81.11,32626160,"C:94.0%[S:91.7%,D:2.3%],F:0.9%,M:5.1%,n:14502",94,"0.2.13",217,92.6316,"deutero"
"Yponomeuta_sedellus","GCA_934045075.1","Lepidoptera",71.64,2765353,"C:95.5%[S:94.9%,D:0.6%],F:1.4%,M:3.1%,n:5286",95.5,"0.2.13",67,77.4194,"proto"
"Heterocephalus_glaber","GCA_944319715.1","Glires",75.45,3438577,"C:88.7%[S:86.4%,D:2.3%],F:2.5%,M:8.8%,n:13798",88.7,"0.2.13",220,86.911,"deutero"
"Xestobium_rufovillosum","GCA_963966045.1","Endopterygota",73.44,7346478,"C:96.4%[S:95.7%,D:0.7%],F:1.4%,M:2.2%,n:2124",96.4,"0.2.13",64,77.0492,"proto"
"Tipula_vernalis","GCA_958295665.1","Diptera",64.18,3311925,"C:93.3%[S:91.4%,D:1.9%],F:0.6%,M:6.1%,n:3285",93.3,"0.2.13",67,69.3548,"proto"
"Junco_hyemalis","GCA_003829775.2","Neoaves",80.62,75757,"C:90.2%[S:90.0%,D:0.2%],F:1.9%,M:7.9%,n:10844",90.2,"0.2.13",129,91.2281,"deutero"
"Synanthedon_myopaeformis","GCA_944738625.1","Lepidoptera",64.18,235317,"C:87.4%[S:83.9%,D:3.5%],F:2.8%,M:9.8%,n:5286",87.4,"0.2.13",67,69.3548,"proto"
"Homo_sapiens","GCA_042027545.1","Catarrhini",74.29,137300752,"C:95.7%[S:95.1%,D:0.6%],F:0.4%,M:3.9%,n:13780",95.7,"0.2.13",245,87.5,"deutero"
"Ectemnius_lituratus","GCA_910593735.1","Endopterygota",62.5,1594160,"C:92.3%[S:92.2%,D:0.1%],F:1.9%,M:5.8%,n:5991",92.3,"0.2.13",64,65.5738,"proto"
"Eristalis_arbustorum","GCA_916610155.1","Diptera",65.67,269108,"C:93.6%[S:92.2%,D:1.4%],F:1.3%,M:5.1%,n:3285",93.6,"0.2.13",67,70.9677,"proto"
"Oryzias_latipes","GCA_947078805.1","Clupeocephala",79.82,469492,"C:93.9%[S:93.0%,D:0.9%],F:1.8%,M:4.3%,n:3640",93.9,"0.2.13",114,90.099,"deutero"
"Eustalomyia_histrio","GCA_949748255.1","Diptera",67.16,2313576,"C:95.0%[S:85.5%,D:9.5%],F:2.8%,M:2.2%,n:3285",95,"0.2.13",67,72.5806,"proto"
"Dendrolimus_kikuchii","GCA_019925095.1","Lepidoptera",71.64,20894489,"C:95.7%[S:94.8%,D:0.9%],F:1.5%,M:2.8%,n:5286",95.7,"0.2.13",67,77.4194,"proto"
"Homo_sapiens","GCA_018470455.1","Catarrhini",84.08,28882481,"C:99.0%[S:98.5%,D:0.5%],F:0.2%,M:0.8%,n:13780",99,"0.2.13",245,99.0385,"deutero"
"Solea_solea","GCA_958295425.1","Clupeocephala",83.33,2587297,"C:97.7%[S:96.5%,D:1.2%],F:0.6%,M:1.7%,n:3640",97.7,"0.2.13",114,94.0594,"deutero"
"Stomorhina_lunata","GCA_933228675.1","Diptera",64.18,2030918,"C:97.4%[S:96.7%,D:0.7%],F:0.5%,M:2.1%,n:3285",97.4,"0.2.13",67,69.3548,"proto"
"Diatraea_saccharalis","GCA_918026875.1","Lepidoptera",74.63,6281098,"C:91.9%[S:91.3%,D:0.6%],F:2.3%,M:5.8%,n:5286",91.9,"0.2.13",67,80.6452,"proto"
"Cheilosia_soror","GCA_949372485.1","Diptera",74.63,6837000,"C:95.5%[S:94.9%,D:0.6%],F:0.8%,M:3.7%,n:3285",95.5,"0.2.13",67,80.6452,"proto"
"Pasiphila_rectangulata","GCA_963082625.1","Lepidoptera",65.67,12551412,"C:93.0%[S:89.3%,D:3.7%],F:2.8%,M:4.2%,n:5286",93,"0.2.13",67,70.9677,"proto"
"Diarsia_rubi","GCA_932274075.1","Lepidoptera",68.66,21075383,"C:94.0%[S:91.5%,D:2.5%],F:2.6%,M:3.4%,n:5286",94,"0.2.13",67,74.1935,"proto"
"Acomys_russatus","GCA_903995435.1","Muridae",69.07,4450755,"C:97.5%[S:96.4%,D:1.1%],F:0.5%,M:2.0%,n:13798",97.5,"0.2.13",236,78.744,"deutero"
"Cydia_amplana","GCA_948474715.1","Lepidoptera",74.63,8695702,"C:93.9%[S:89.8%,D:4.1%],F:2.6%,M:3.5%,n:5286",93.9,"0.2.13",67,80.6452,"proto"
"Melanchra_persicariae","GCA_947386145.1","Lepidoptera",71.64,2393193,"C:91.0%[S:88.4%,D:2.6%],F:3.2%,M:5.8%,n:5286",91,"0.2.13",67,77.4194,"proto"
"Acropora_cytherea","GCA_014634045.1","Cnidaria",33.33,50557,"C:89.0%[S:0.8%,D:88.2%],F:4.6%,M:6.4%,n:954",89,"0.2.13",3,33.3333,"combined"
"Andrena_trimmerana","GCA_951215215.1","Endopterygota",67.19,17770442,"C:91.9%[S:91.5%,D:0.4%],F:2.7%,M:5.4%,n:5991",91.9,"0.2.13",64,70.4918,"proto"
"Villa_cingulata","GCA_951394055.1","Diptera",76.12,5759920,"C:96.0%[S:88.6%,D:7.4%],F:0.7%,M:3.3%,n:3285",96,"0.2.13",67,82.2581,"proto"
"Alcis_repandata","GCA_949125135.1","Lepidoptera",73.13,6904396,"C:91.3%[S:87.6%,D:3.7%],F:3.6%,M:5.1%,n:5286",91.3,"0.2.13",67,79.0323,"proto"
"Bombus_sibiricus","GCA_014737505.1","Endopterygota",70.31,561947,"C:93.9%[S:93.6%,D:0.3%],F:2.3%,M:3.8%,n:5991",93.9,"0.2.13",64,73.7705,"proto"
"Aleiodes_testaceus","GCA_963565655.1","Endopterygota",60.94,2979349,"C:91.9%[S:91.6%,D:0.3%],F:2.1%,M:6.0%,n:5991",91.9,"0.2.13",64,63.9344,"proto"
"Miltochrista_miniata","GCA_933228775.1","Lepidoptera",70.15,1433332,"C:88.5%[S:85.1%,D:3.4%],F:3.6%,M:7.9%,n:5286",88.5,"0.2.13",67,75.8065,"proto"
"Membranipora_membranacea","GCA_914767715.1","Lophotrochozoa",55.1,7007262,"C:96.0%[S:93.3%,D:2.7%],F:1.7%,M:2.3%,n:954",96,"0.2.13",49,55.102,"proto"
"Podarcis_cretensis","GCA_951804945.1","Lepidosauria",83.9,65743000,"C:92.7%[S:90.9%,D:1.8%],F:1.6%,M:5.7%,n:7480",92.7,"0.2.13",118,92.5234,"deutero"
"Podarcis_cretensis","GCA_951804945.1","Lepidosauria",83.9,65743000,"C:92.7%[S:90.9%,D:1.8%],F:1.6%,M:5.7%,n:7480",92.7,"0.2.13",118,92.5234,"deutero"
"Podarcis_cretensis","GCA_951804945.1","Lepidosauria",83.9,65743000,"C:92.7%[S:90.9%,D:1.8%],F:1.6%,M:5.7%,n:7480",92.7,"0.2.13",118,92.5234,"deutero"
"Podarcis_cretensis","GCA_951804945.1","Lepidosauria",83.9,65743000,"C:92.7%[S:90.9%,D:1.8%],F:1.6%,M:5.7%,n:7480",92.7,"0.2.13",118,92.5234,"deutero"
"Thymelicus_acteon","GCA_951805295.1","Lepidoptera",68.66,3242634,"C:95.1%[S:94.4%,D:0.7%],F:1.2%,M:3.7%,n:5286",95.1,"0.2.13",67,74.1935,"proto"
"Acomys_dimidiatus","GCA_907164435.1","Muridae",68.64,33040,"C:95.6%[S:93.4%,D:2.2%],F:1.5%,M:2.9%,n:13798",95.6,"0.2.13",236,78.2609,"deutero"
"Chroicocephalus_ridibundus","GCA_963924245.1","Neoaves",84.5,4003687,"C:95.5%[S:95.2%,D:0.3%],F:1.5%,M:3.0%,n:8338",95.5,"0.2.13",129,95.614,"deutero"
"Mytilus_edulis","GCA_025215535.1","Mollusca",84.62,23624,"C:81.8%[S:75.7%,D:6.1%],F:4.0%,M:14.2%,n:5295",81.8,"0.2.13",52,84.6154,"proto"
"Potamilus_streckersoni","GCA_016746295.1","Mollusca",84.62,2032685,"C:90.9%[S:88.6%,D:2.3%],F:1.5%,M:7.6%,n:5295",90.9,"0.2.13",52,84.6154,"proto"
"Potamilus_streckersoni","GCA_016746295.1","Mollusca",84.62,2032685,"C:90.9%[S:88.6%,D:2.3%],F:1.5%,M:7.6%,n:5295",90.9,"0.2.13",52,84.6154,"proto"
"Potamilus_streckersoni","GCA_016746295.1","Mollusca",84.62,2032685,"C:90.9%[S:88.6%,D:2.3%],F:1.5%,M:7.6%,n:5295",90.9,"0.2.13",52,84.6154,"proto"
"Potamilus_streckersoni","GCA_016746295.1","Mollusca",84.62,2032685,"C:90.9%[S:88.6%,D:2.3%],F:1.5%,M:7.6%,n:5295",90.9,"0.2.13",52,84.6154,"proto"
"Papilio_machaon","GCA_912999745.1","Lepidoptera",73.13,8641220,"C:95.1%[S:94.0%,D:1.1%],F:0.7%,M:4.2%,n:5286",95.1,"0.2.13",67,79.0323,"proto"
"Elephas_maximus_indicus","GCA_024166365.1","Eutheria",75.35,87987108,"C:97.7%[S:97.1%,D:0.6%],F:0.9%,M:1.4%,n:11366",97.7,"0.2.13",215,86.1702,"deutero"
"Hedya_pruniana","GCA_964197955.1","Lepidoptera",74.63,7873000,"C:95.5%[S:94.5%,D:1.0%],F:1.2%,M:3.3%,n:5286",95.5,"0.2.13",67,80.6452,"proto"
"Polymixis_lichenea","GCA_949091785.1","Lepidoptera",74.63,13734632,"C:90.7%[S:87.3%,D:3.4%],F:3.3%,M:6.0%,n:5286",90.7,"0.2.13",67,80.6452,"proto"
"Seriola_aureovittata","GCA_021018895.1","Clupeocephala",85.09,17994190,"C:95.5%[S:94.1%,D:1.4%],F:1.1%,M:3.4%,n:3640",95.5,"0.2.13",114,96.0396,"deutero"
"Montipora_capitata","GCA_949126885.1","Cnidaria",33.33,2161590,"C:83.4%[S:0.4%,D:83.0%],F:7.2%,M:9.4%,n:954",83.4,"0.2.13",3,33.3333,"combined"
"Pyrgus_malvae","GCA_911387725.1","Lepidoptera",70.15,25951495,"C:95.9%[S:95.4%,D:0.5%],F:0.7%,M:3.4%,n:5286",95.9,"0.2.13",67,75.8065,"proto"
"Homo_sapiens","GCA_042028155.1","Catarrhini",84.49,103362516,"C:98.9%[S:98.4%,D:0.5%],F:0.4%,M:0.7%,n:13780",98.9,"0.2.13",245,99.5192,"deutero"
"Macaria_notata","GCA_927399415.1","Lepidoptera",70.15,13783192,"C:91.7%[S:89.3%,D:2.4%],F:3.3%,M:5.0%,n:5286",91.7,"0.2.13",67,75.8065,"proto"
"Brachypterus_glaber","GCA_958510825.1","Endopterygota",76.56,212382,"C:90.6%[S:86.2%,D:4.4%],F:4.6%,M:4.8%,n:2124",90.6,"0.2.13",64,80.3279,"proto"
"Kryptolebias_marmoratus","GCA_001649575.2","Clupeocephala",81.58,57646,"C:96.4%[S:95.5%,D:0.9%],F:1.2%,M:2.4%,n:3640",96.4,"0.2.13",114,92.0792,"deutero"
"Xanthorhoe_montanata","GCA_964187945.1","Lepidoptera",74.63,7164157,"C:94.2%[S:93.3%,D:0.9%],F:1.9%,M:3.9%,n:5286",94.2,"0.2.13",67,80.6452,"proto"
"Erinaceus_europaeus","GCA_950295315.1","Laurasiatheria",58.99,999919,"C:92.9%[S:91.8%,D:1.1%],F:1.6%,M:5.5%,n:12234",92.9,"0.2.13",217,67.3684,"deutero"
"Andrena_trimmerana","GCA_952773225.1","Endopterygota",67.19,5669540,"C:92.0%[S:91.7%,D:0.3%],F:2.7%,M:5.3%,n:5991",92,"0.2.13",64,70.4918,"proto"
"Lineus_longissimus","GCA_910592375.2","Lophotrochozoa",89.8,2664490,"C:98.0%[S:97.4%,D:0.6%],F:0.5%,M:1.5%,n:954",98,"0.2.13",49,89.7959,"proto"
"Bombylius_major","GCA_932526615.1","Diptera",64.18,646350,"C:83.2%[S:81.3%,D:1.9%],F:1.2%,M:15.6%,n:3285",83.2,"0.2.13",67,69.3548,"proto"
"Pseudorasbora_parva","GCA_024679245.1","Clupeocephala",82.46,4648668,"C:96.1%[S:94.6%,D:1.5%],F:0.8%,M:3.1%,n:3640",96.1,"0.2.13",114,93.0693,"deutero"
"Athrips_mouffetella","GCA_947532105.1","Lepidoptera",70.15,9643536,"C:92.4%[S:89.2%,D:3.2%],F:4.0%,M:3.6%,n:5286",92.4,"0.2.13",67,75.8065,"proto"
"Cheumatopsyche_charites","GCA_024721215.1","Endopterygota",73.44,2851765,"C:86.8%[S:85.2%,D:1.6%],F:6.1%,M:7.1%,n:2124",86.8,"0.2.13",64,77.0492,"proto"
"Lithophane_socia","GCA_947522845.1","Lepidoptera",68.66,3344772,"C:94.7%[S:94.0%,D:0.7%],F:1.0%,M:4.3%,n:5286",94.7,"0.2.13",67,74.1935,"proto"
"Lycia_hirtaria","GCA_947563705.1","Lepidoptera",70.15,3405063,"C:90.4%[S:87.1%,D:3.3%],F:3.2%,M:6.4%,n:5286",90.4,"0.2.13",67,75.8065,"proto"
"Homo_sapiens","GCA_018471525.1","Catarrhini",84.49,41874143,"C:99.0%[S:98.6%,D:0.4%],F:0.2%,M:0.8%,n:13780",99,"0.2.13",245,99.5192,"deutero"
"Protodeltote_pygarga","GCA_936440985.2","Lepidoptera",73.13,2545534,"C:91.8%[S:88.1%,D:3.7%],F:1.9%,M:6.3%,n:5286",91.8,"0.2.13",67,79.0323,"proto"
"Pyrgus_malvae","GCA_911387765.1","Lepidoptera",70.15,25951495,"C:96.0%[S:95.5%,D:0.5%],F:0.6%,M:3.4%,n:5286",96,"0.2.13",67,75.8065,"proto"
"Heteromyza_rotundicornis","GCA_951394025.1","Diptera",73.13,1478352,"C:95.6%[S:85.2%,D:10.4%],F:1.6%,M:2.8%,n:3285",95.6,"0.2.13",67,79.0323,"proto"
"Adelges_tsugae","GCA_045999825.2","Neoptera",50,900015,"C:97.4%[S:96.2%,D:1.2%],F:0.8%,M:1.8%,n:2510",97.4,"0.2.13",62,52.5424,"proto"
"Bombus_bifarius","GCA_011952205.1","Endopterygota",68.75,2202782,"C:92.9%[S:92.6%,D:0.3%],F:2.6%,M:4.5%,n:5991",92.9,"0.2.13",64,72.1311,"proto"
"Pieris_brassicae","GCA_905147085.1","Lepidoptera",64.18,2813355,"C:90.2%[S:89.7%,D:0.5%],F:0.5%,M:9.3%,n:5286",90.2,"0.2.13",67,69.3548,"proto"
"Pygocentrus_nattereri","GCA_015220715.1","Clupeocephala",79.82,12898870,"C:97.2%[S:96.3%,D:0.9%],F:1.1%,M:1.7%,n:3640",97.2,"0.2.13",114,90.099,"deutero"
"Bombus_terrestris","GCA_910592195.2","Endopterygota",70.31,2173302,"C:94.3%[S:93.2%,D:1.1%],F:1.6%,M:4.1%,n:5991",94.3,"0.2.13",64,73.7705,"proto"
"Astyanax_mexicanus","GCA_023375845.1","Clupeocephala",78.07,11530375,"C:97.7%[S:96.6%,D:1.1%],F:0.9%,M:1.4%,n:3640",97.7,"0.2.13",114,88.1188,"deutero"
"Scrobipalpa_costella","GCA_949820665.1","Lepidoptera",74.63,10200444,"C:94.9%[S:91.1%,D:3.8%],F:2.4%,M:2.7%,n:5286",94.9,"0.2.13",67,80.6452,"proto"
"Bombus_pyrosoma","GCA_014825855.1","Endopterygota",70.31,781044,"C:93.3%[S:93.2%,D:0.1%],F:2.5%,M:4.2%,n:5991",93.3,"0.2.13",64,73.7705,"proto"
"Homo_sapiens","GCA_018469685.1","Catarrhini",84.49,45122217,"C:99.0%[S:98.6%,D:0.4%],F:0.2%,M:0.8%,n:13780",99,"0.2.13",245,99.5192,"deutero"
"Ectemnius_lituratus","GCA_910593735.2","Endopterygota",62.5,1594160,"C:95.2%[S:95.1%,D:0.1%],F:1.0%,M:3.8%,n:5991",95.2,"0.2.13",64,65.5738,"proto"
"Nipponacmea_schrenckii","GCA_030562195.1","Mollusca",92.31,558043,"C:92.1%[S:83.0%,D:9.1%],F:1.7%,M:6.2%,n:5295",92.1,"0.2.13",52,92.3077,"proto"
"Nipponacmea_schrenckii","GCA_030562195.1","Mollusca",92.31,558043,"C:92.1%[S:83.0%,D:9.1%],F:1.7%,M:6.2%,n:5295",92.1,"0.2.13",52,92.3077,"proto"
"Nipponacmea_schrenckii","GCA_030562195.1","Mollusca",92.31,558043,"C:92.1%[S:83.0%,D:9.1%],F:1.7%,M:6.2%,n:5295",92.1,"0.2.13",52,92.3077,"proto"
"Nipponacmea_schrenckii","GCA_030562195.1","Mollusca",92.31,558043,"C:92.1%[S:83.0%,D:9.1%],F:1.7%,M:6.2%,n:5295",92.1,"0.2.13",52,92.3077,"proto"
"Eupeodes_corollae","GCA_945859775.1","Diptera",74.63,1118934,"C:95.8%[S:94.6%,D:1.2%],F:0.8%,M:3.4%,n:3285",95.8,"0.2.13",67,80.6452,"proto"
"Scatophagus_argus","GCA_020382885.1","Clupeocephala",85.09,17189422,"C:97.4%[S:96.9%,D:0.5%],F:1.0%,M:1.6%,n:3640",97.4,"0.2.13",114,96.0396,"deutero"
"Notodonta_ziczac","GCA_918843915.1","Lepidoptera",71.64,11738570,"C:96.9%[S:96.3%,D:0.6%],F:0.8%,M:2.3%,n:5286",96.9,"0.2.13",67,77.4194,"proto"
"Celastrina_argiolus","GCA_905187575.1","Lepidoptera",70.15,7710655,"C:96.0%[S:95.5%,D:0.5%],F:0.6%,M:3.4%,n:5286",96,"0.2.13",67,75.8065,"proto"
"Trisateles_emortualis","GCA_947095545.1","Lepidoptera",71.64,2755475,"C:95.4%[S:94.3%,D:1.1%],F:0.9%,M:3.7%,n:5286",95.4,"0.2.13",67,77.4194,"proto"
"Adalia_decempunctata","GCA_951802165.1","Endopterygota",70.31,26378788,"C:94.7%[S:93.2%,D:1.5%],F:1.3%,M:4.0%,n:2124",94.7,"0.2.13",64,73.7705,"proto"
"Agrypnus_murinus","GCA_929114945.1","Endopterygota",62.5,448824,"C:72.2%[S:68.7%,D:3.5%],F:6.2%,M:21.6%,n:2124",72.2,"0.2.13",64,65.5738,"proto"
"Hesperia_comma","GCA_905404245.1","Lepidoptera",32.84,3878142,"C:40.0%[S:38.2%,D:1.8%],F:1.7%,M:58.3%,n:5286",40,"0.2.13",67,35.4839,"proto"
"Melinopterus_prodromus","GCA_964023965.1","Endopterygota",70.31,1982000,"C:96.4%[S:94.8%,D:1.6%],F:0.9%,M:2.7%,n:2124",96.4,"0.2.13",64,73.7705,"proto"
"Thera_britannica","GCA_939531255.2","Lepidoptera",71.64,6403893,"C:95.4%[S:94.8%,D:0.6%],F:1.1%,M:3.5%,n:5286",95.4,"0.2.13",67,77.4194,"proto"
"Merzomyia_westermanni","GCA_950005075.1","Diptera",62.69,993336,"C:90.0%[S:81.5%,D:8.5%],F:4.1%,M:5.9%,n:3285",90,"0.2.13",67,67.7419,"proto"
"Monopis_laevigella","GCA_947359445.1","Lepidoptera",61.19,11645250,"C:92.1%[S:88.5%,D:3.6%],F:2.2%,M:5.7%,n:5286",92.1,"0.2.13",67,66.129,"proto"
"Brachymystax_lenok_tsinlingensis","GCA_030435695.1","Clupeocephala",81.58,25569929,"C:95.3%[S:60.5%,D:34.8%],F:1.3%,M:3.4%,n:3640",95.3,"0.2.13",114,92.0792,"deutero"
"Xestia_sexstrigata","GCA_941918865.1","Lepidoptera",70.15,820504,"C:92.6%[S:91.9%,D:0.7%],F:1.0%,M:6.4%,n:5286",92.6,"0.2.13",67,75.8065,"proto"
"Spodoptera_littoralis","GCA_902850265.1","Lepidoptera",70.15,14400097,"C:92.8%[S:92.1%,D:0.7%],F:1.8%,M:5.4%,n:5286",92.8,"0.2.13",67,75.8065,"proto"
"Halyzia_sedecimguttata","GCA_937662695.1","Endopterygota",68.75,13814148,"C:89.4%[S:86.1%,D:3.3%],F:4.9%,M:5.7%,n:2124",89.4,"0.2.13",64,72.1311,"proto"
"Apamea_crenata","GCA_949629185.1","Lepidoptera",70.15,10580571,"C:94.2%[S:90.5%,D:3.7%],F:2.3%,M:3.5%,n:5286",94.2,"0.2.13",67,75.8065,"proto"
"Lochmaea_crataegi","GCA_947563755.1","Endopterygota",75,2848502,"C:96.8%[S:95.0%,D:1.8%],F:1.2%,M:2.0%,n:2124",96.8,"0.2.13",64,78.6885,"proto"
"Machimus_rusticus","GCA_951509405.1","Diptera",71.64,11885694,"C:95.7%[S:94.7%,D:1.0%],F:0.7%,M:3.6%,n:3285",95.7,"0.2.13",67,77.4194,"proto"
"Clusia_tigrina","GCA_920105625.2","Diptera",73.13,5698505,"C:92.7%[S:83.2%,D:9.5%],F:2.3%,M:5.0%,n:3285",92.7,"0.2.13",67,79.0323,"proto"
"Heteromyza_rotundicornis","GCA_951394035.1","Diptera",71.64,429611,"C:95.1%[S:84.5%,D:10.6%],F:1.6%,M:3.3%,n:3285",95.1,"0.2.13",67,77.4194,"proto"
"Eilema_depressum","GCA_914767945.1","Lepidoptera",73.13,21724503,"C:95.4%[S:92.4%,D:3.0%],F:2.3%,M:2.3%,n:5286",95.4,"0.2.13",67,79.0323,"proto"
"Homo_sapiens","GCA_018472565.1","Catarrhini",84.49,29077043,"C:99.0%[S:98.6%,D:0.4%],F:0.2%,M:0.8%,n:13780",99,"0.2.13",245,99.5192,"deutero"
"Asterias_rubens","GCA_902459465.3","Eleutherozoa",55.81,1383654,"C:95.0%[S:88.3%,D:6.7%],F:1.3%,M:3.7%,n:954",95,"0.2.13",43,55.814,"deutero"
"Asterias_rubens","GCA_902459465.3","Eleutherozoa",55.81,1383654,"C:98.5%[S:97.6%,D:0.9%],F:0.3%,M:1.2%,n:954",98.5,"0.2.13",43,55.814,"deutero"
"Nautilus_pompilius","GCA_018389105.1","Cephalopoda",92.31,1094646,"C:82.4%[S:80.3%,D:2.1%],F:2.4%,M:15.2%,n:5295",82.4,"0.2.13",52,92.3077,"proto"
"Nautilus_pompilius","GCA_018389105.1","Cephalopoda",92.31,1094646,"C:82.4%[S:80.3%,D:2.1%],F:2.4%,M:15.2%,n:5295",82.4,"0.2.13",52,92.3077,"proto"
"Nautilus_pompilius","GCA_018389105.1","Cephalopoda",92.31,1094646,"C:82.4%[S:80.3%,D:2.1%],F:2.4%,M:15.2%,n:5295",82.4,"0.2.13",52,92.3077,"proto"
"Nautilus_pompilius","GCA_018389105.1","Cephalopoda",92.31,1094646,"C:82.4%[S:80.3%,D:2.1%],F:2.4%,M:15.2%,n:5295",82.4,"0.2.13",52,92.3077,"proto"
"Eugnorisma_glareosa","GCA_947578425.1","Lepidoptera",73.13,12079460,"C:92.6%[S:89.3%,D:3.3%],F:3.0%,M:4.4%,n:5286",92.6,"0.2.13",67,79.0323,"proto"
"Bellardia_pandia","GCA_916048285.2","Diptera",68.66,31809086,"C:97.0%[S:92.8%,D:4.2%],F:1.7%,M:1.3%,n:3285",97,"0.2.13",67,74.1935,"proto"
"Sphinx_pinastri","GCA_947568825.1","Lepidoptera",74.63,17730049,"C:95.9%[S:95.5%,D:0.4%],F:0.9%,M:3.2%,n:5286",95.9,"0.2.13",67,80.6452,"proto"
"Pelagia_noctiluca","GCA_963924455.1","Cnidaria",0,6030123,"C:92.0%[S:91.8%,D:0.2%],F:4.1%,M:3.9%,n:954",92,"0.2.13",3,0,"combined"
"Cepaea_nemoralis","GCA_964166675.1","Mollusca",82.69,651301,"C:88.4%[S:71.1%,D:17.3%],F:2.7%,M:8.9%,n:5295",88.4,"0.2.13",52,82.6923,"proto"
"Labrus_bergylta","GCA_963930695.1","Clupeocephala",84.21,2715806,"C:96.6%[S:95.9%,D:0.7%],F:0.7%,M:2.7%,n:3640",96.6,"0.2.13",114,95.0495,"deutero"
"Plumapathes_pennacea","GCA_964036295.1","Cnidaria",0,8495953,"C:95.5%[S:94.8%,D:0.7%],F:1.8%,M:2.7%,n:954",95.5,"0.2.13",3,0,"combined"
"Emmelina_monodactyla","GCA_916618145.1","Lepidoptera",65.67,10272145,"C:94.5%[S:93.3%,D:1.2%],F:1.3%,M:4.2%,n:5286",94.5,"0.2.13",67,70.9677,"proto"
"Megachile_leachella","GCA_963576845.1","Endopterygota",70.31,4596250,"C:93.3%[S:93.1%,D:0.2%],F:2.5%,M:4.2%,n:5991",93.3,"0.2.13",64,73.7705,"proto"
"Ellobium_chinense","GCA_033807755.1","Mollusca",84.62,21266,"C:93.4%[S:92.1%,D:1.3%],F:2.0%,M:4.6%,n:5295",93.4,"0.2.13",52,84.6154,"proto"
"Ellobium_chinense","GCA_033807755.1","Mollusca",84.62,21266,"C:93.4%[S:92.1%,D:1.3%],F:2.0%,M:4.6%,n:5295",93.4,"0.2.13",52,84.6154,"proto"
"Ellobium_chinense","GCA_033807755.1","Mollusca",84.62,21266,"C:93.4%[S:92.1%,D:1.3%],F:2.0%,M:4.6%,n:5295",93.4,"0.2.13",52,84.6154,"proto"
"Ellobium_chinense","GCA_033807755.1","Mollusca",84.62,21266,"C:93.4%[S:92.1%,D:1.3%],F:2.0%,M:4.6%,n:5295",93.4,"0.2.13",52,84.6154,"proto"
"Agriopis_aurantiaria","GCA_914767915.1","Lepidoptera",71.64,13323862,"C:91.2%[S:89.1%,D:2.1%],F:3.2%,M:5.6%,n:5286",91.2,"0.2.13",67,77.4194,"proto"
"Sarcophaga_subvicina","GCA_936449025.1","Diptera",67.16,10053539,"C:97.8%[S:97.1%,D:0.7%],F:0.4%,M:1.8%,n:3285",97.8,"0.2.13",67,72.5806,"proto"
"Peribatodes_rhomboidaria","GCA_911728505.1","Lepidoptera",71.64,604672,"C:92.0%[S:88.5%,D:3.5%],F:2.9%,M:5.1%,n:5286",92,"0.2.13",67,77.4194,"proto"
"Cariama_cristata","GCA_009819825.1","Neoaves",82.95,13514148,"C:90.2%[S:89.4%,D:0.8%],F:2.3%,M:7.5%,n:8338",90.2,"0.2.13",129,93.8596,"deutero"
"Galleria_mellonella","GCA_958496185.1","Lepidoptera",76.12,9261266,"C:96.0%[S:95.3%,D:0.7%],F:1.1%,M:2.9%,n:5286",96,"0.2.13",67,82.2581,"proto"
"Diadumene_lineata","GCA_918843875.1","Cnidaria",33.33,2745340,"C:95.7%[S:95.2%,D:0.5%],F:2.2%,M:2.1%,n:954",95.7,"0.2.13",3,33.3333,"combined"
"Aproaerema_taeniolella","GCA_949987775.1","Lepidoptera",79.1,950877,"C:93.6%[S:89.6%,D:4.0%],F:2.1%,M:4.3%,n:5286",93.6,"0.2.13",67,85.4839,"proto"
"Cairina_moschata","GCA_018104995.1","Neognathae",75,315520,"C:93.8%[S:92.6%,D:1.2%],F:1.6%,M:4.6%,n:8338",93.8,"0.2.13",128,84.9558,"deutero"
"Pungitius_pungitius","GCA_949316345.1","Clupeocephala",83.33,1362288,"C:95.0%[S:93.9%,D:1.1%],F:1.4%,M:3.6%,n:3640",95,"0.2.13",114,94.0594,"deutero"
"Hyles_vespertilio","GCA_009982885.1","Lepidoptera",71.64,7475438,"C:96.6%[S:94.0%,D:2.6%],F:1.2%,M:2.2%,n:5286",96.6,"0.2.13",67,77.4194,"proto"
"Bombus_sylvestris","GCA_911622165.1","Endopterygota",70.31,5862009,"C:94.1%[S:93.8%,D:0.3%],F:2.2%,M:3.7%,n:5991",94.1,"0.2.13",64,73.7705,"proto"
"Cheilosia_variabilis","GCA_951230875.1","Diptera",74.63,1827042,"C:93.3%[S:84.9%,D:8.4%],F:1.8%,M:4.9%,n:3285",93.3,"0.2.13",67,80.6452,"proto"
"Homo_sapiens","GCA_018504665.1","Catarrhini",84.49,17440620,"C:98.9%[S:98.4%,D:0.5%],F:0.2%,M:0.9%,n:13780",98.9,"0.2.13",245,99.5192,"deutero"
"Eristalis_pertinax","GCA_907269125.1","Diptera",71.64,3485103,"C:96.5%[S:95.7%,D:0.8%],F:0.6%,M:2.9%,n:3285",96.5,"0.2.13",67,77.4194,"proto"
"Vanessa_tameamea","GCA_002938995.1","Lepidoptera",77.61,254123,"C:96.2%[S:95.9%,D:0.3%],F:1.0%,M:2.8%,n:5286",96.2,"0.2.13",67,83.871,"proto"
"Itoplectis_maculator","GCA_964034905.1","Endopterygota",64.06,1347257,"C:92.3%[S:89.8%,D:2.5%],F:3.3%,M:4.4%,n:5991",92.3,"0.2.13",64,67.2131,"proto"
"Zygaena_filipendulae","GCA_907165275.1","Lepidoptera",67.16,12640274,"C:96.3%[S:95.8%,D:0.5%],F:0.9%,M:2.8%,n:5286",96.3,"0.2.13",67,72.5806,"proto"
"Endomychus_coccineus","GCA_958510875.1","Endopterygota",76.56,2494558,"C:97.2%[S:96.3%,D:0.9%],F:1.2%,M:1.6%,n:2124",97.2,"0.2.13",64,80.3279,"proto"
"Taeniopygia_guttata","GCA_003957565.2","Neoaves",82.95,11998827,"C:93.1%[S:91.5%,D:1.6%],F:1.5%,M:5.4%,n:10844",93.1,"0.2.13",129,93.8596,"deutero"
"Pheosia_tremula","GCA_905333125.1","Lepidoptera",73.13,7703384,"C:96.9%[S:96.6%,D:0.3%],F:0.8%,M:2.3%,n:5286",96.9,"0.2.13",67,79.0323,"proto"
"Hypsopygia_costalis","GCA_937001695.2","Lepidoptera",73.13,1108260,"C:92.0%[S:87.9%,D:4.1%],F:3.2%,M:4.8%,n:5286",92,"0.2.13",67,79.0323,"proto"
"Andrena_flavipes","GCA_963971345.1","Endopterygota",68.75,6085677,"C:92.6%[S:92.3%,D:0.3%],F:3.9%,M:3.5%,n:5991",92.6,"0.2.13",64,72.1311,"proto"
"Andrena_flavipes","GCA_963971345.1","Endopterygota",68.75,6085677,"C:92.6%[S:92.3%,D:0.3%],F:3.9%,M:3.5%,n:5991",92.6,"0.2.13",64,72.1311,"proto"
"Andrena_flavipes","GCA_963971345.1","Endopterygota",68.75,6085677,"C:92.6%[S:92.3%,D:0.3%],F:3.9%,M:3.5%,n:5991",92.6,"0.2.13",64,72.1311,"proto"
"Andrena_flavipes","GCA_963971345.1","Endopterygota",68.75,6085677,"C:92.6%[S:92.3%,D:0.3%],F:3.9%,M:3.5%,n:5991",92.6,"0.2.13",64,72.1311,"proto"
"Cyprinus_carpio","GCA_018340385.1","Clupeocephala",83.33,1558716,"C:94.4%[S:37.0%,D:57.4%],F:1.5%,M:4.1%,n:3640",94.4,"0.2.13",114,94.0594,"deutero"
"Cyprinus_carpio","GCA_018340385.1","Clupeocephala",83.33,1558716,"C:94.4%[S:37.0%,D:57.4%],F:1.5%,M:4.1%,n:3640",94.4,"0.2.13",114,94.0594,"deutero"
"Cyprinus_carpio","GCA_018340385.1","Clupeocephala",83.33,1558716,"C:94.4%[S:37.0%,D:57.4%],F:1.5%,M:4.1%,n:3640",94.4,"0.2.13",114,94.0594,"deutero"
"Cyprinus_carpio","GCA_018340385.1","Clupeocephala",83.33,1558716,"C:94.4%[S:37.0%,D:57.4%],F:1.5%,M:4.1%,n:3640",94.4,"0.2.13",114,94.0594,"deutero"
"Diurnea_fagella","GCA_964059355.1","Lepidoptera",73.13,11042170,"C:92.2%[S:91.4%,D:0.8%],F:1.6%,M:6.2%,n:5286",92.2,"0.2.13",67,79.0323,"proto"
"Meriones_unguiculatus","GCA_004026785.1","Muridae",63.56,69839,"C:86.7%[S:85.8%,D:0.9%],F:4.8%,M:8.5%,n:12692",86.7,"0.2.13",236,72.4638,"deutero"
"Dicycla_oo","GCA_948252095.1","Lepidoptera",68.66,12583763,"C:91.4%[S:88.6%,D:2.8%],F:3.5%,M:5.1%,n:5286",91.4,"0.2.13",67,74.1935,"proto"
"Crassostrea_rhizophorae","GCA_040285155.1","Mollusca",94.23,4865592,"C:96.9%[S:91.4%,D:5.5%],F:0.9%,M:2.2%,n:5295",96.9,"0.2.13",52,94.2308,"proto"
"Ypsolopha_scabrella","GCA_910591985.1","Lepidoptera",73.13,1989567,"C:89.1%[S:86.1%,D:3.0%],F:4.3%,M:6.6%,n:5286",89.1,"0.2.13",67,79.0323,"proto"
"Cheilosia_vernalis","GCA_949126935.1","Diptera",74.63,3714037,"C:93.6%[S:86.2%,D:7.4%],F:1.8%,M:4.6%,n:3285",93.6,"0.2.13",67,80.6452,"proto"
"Tadarida_brasiliensis","GCA_030848825.1","Laurasiatheria",71.89,86333355,"C:97.3%[S:96.1%,D:1.2%],F:0.8%,M:1.9%,n:12234",97.3,"0.2.13",217,82.1053,"deutero"
"Tadarida_brasiliensis","GCA_030848825.1","Laurasiatheria",71.89,86333355,"C:97.3%[S:96.1%,D:1.2%],F:0.8%,M:1.9%,n:12234",97.3,"0.2.13",217,82.1053,"deutero"
"Tadarida_brasiliensis","GCA_030848825.1","Laurasiatheria",71.89,86333355,"C:97.3%[S:96.1%,D:1.2%],F:0.8%,M:1.9%,n:12234",97.3,"0.2.13",217,82.1053,"deutero"
"Tadarida_brasiliensis","GCA_030848825.1","Laurasiatheria",71.89,86333355,"C:97.3%[S:96.1%,D:1.2%],F:0.8%,M:1.9%,n:12234",97.3,"0.2.13",217,82.1053,"deutero"
"Blastobasis_adustella","GCA_907269095.1","Lepidoptera",73.13,17994227,"C:91.1%[S:90.3%,D:0.8%],F:1.8%,M:7.1%,n:5286",91.1,"0.2.13",67,79.0323,"proto"
"Acleris_literana","GCA_946894075.1","Lepidoptera",76.12,2242295,"C:94.4%[S:93.3%,D:1.1%],F:1.2%,M:4.4%,n:5286",94.4,"0.2.13",67,82.2581,"proto"
"Oryzias_latipes","GCA_947078815.1","Clupeocephala",80.7,1738765,"C:95.6%[S:94.9%,D:0.7%],F:1.4%,M:3.0%,n:3640",95.6,"0.2.13",114,91.0891,"deutero"
"Protodeltote_pygarga","GCA_936450705.1","Lepidoptera",71.64,14151730,"C:95.8%[S:93.5%,D:2.3%],F:2.0%,M:2.2%,n:5286",95.8,"0.2.13",67,77.4194,"proto"
"Anableps_anableps","GCA_014839685.1","Clupeocephala",82.46,17460000,"C:87.5%[S:87.0%,D:0.5%],F:2.0%,M:10.5%,n:15213",87.5,"0.2.13",114,93.0693,"deutero"
"Homo_sapiens","GCA_018469415.1","Catarrhini",84.49,55482364,"C:99.0%[S:97.8%,D:1.2%],F:0.2%,M:0.8%,n:13780",99,"0.2.13",245,99.5192,"deutero"
"Halichondria_panicea","GCA_963675165.1","Demospongiae",0,1456123,"C:85.7%[S:84.3%,D:1.4%],F:4.4%,M:9.9%,n:954",85.7,"0.2.13",6,0,"combined"
"Takifugu_bimaculatus","GCA_004026145.2","Clupeocephala",83.33,1312995,"C:83.9%[S:78.6%,D:5.3%],F:3.2%,M:12.9%,n:3640",83.9,"0.2.13",114,94.0594,"deutero"
"Pandemis_heparana","GCA_963854515.1","Lepidoptera",71.64,3511077,"C:95.2%[S:94.5%,D:0.7%],F:1.3%,M:3.5%,n:5286",95.2,"0.2.13",67,77.4194,"proto"
"Apocheima_hispidaria","GCA_947579745.1","Lepidoptera",74.63,6948216,"C:95.8%[S:95.2%,D:0.6%],F:0.9%,M:3.3%,n:5286",95.8,"0.2.13",67,80.6452,"proto"
"Stenoptilia_bipunctidactyla","GCA_944452665.1","Lepidoptera",64.18,3693567,"C:93.9%[S:91.3%,D:2.6%],F:2.7%,M:3.4%,n:5286",93.9,"0.2.13",67,69.3548,"proto"
"Cerceris_rybyensis","GCA_910591445.2","Endopterygota",67.19,812085,"C:88.8%[S:88.3%,D:0.5%],F:1.7%,M:9.5%,n:5991",88.8,"0.2.13",64,70.4918,"proto"
"Lagopus_muta","GCA_023343835.1","Neognathae",80.47,17905263,"C:95.2%[S:94.7%,D:0.5%],F:1.2%,M:3.6%,n:8338",95.2,"0.2.13",128,91.1504,"deutero"
"Ovis_aries","GCA_022432825.1","Laurasiatheria",77.88,59951985,"C:95.4%[S:93.8%,D:1.6%],F:1.4%,M:3.2%,n:13335",95.4,"0.2.13",217,88.9474,"deutero"
"Thalpophila_matura","GCA_948466365.1","Lepidoptera",70.15,881319,"C:91.4%[S:86.5%,D:4.9%],F:3.4%,M:5.2%,n:5286",91.4,"0.2.13",67,75.8065,"proto"
"Loxodonta_africana","GCA_030014295.1","Eutheria",76.28,82653632,"C:97.2%[S:96.6%,D:0.6%],F:0.8%,M:2.0%,n:11366",97.2,"0.2.13",215,87.234,"deutero"
"Atethmia_centrago","GCA_905333075.3","Lepidoptera",73.13,26605457,"C:92.4%[S:90.1%,D:2.3%],F:3.3%,M:4.3%,n:5286",92.4,"0.2.13",67,79.0323,"proto"
"Homo_sapiens","GCA_018471515.1","Catarrhini",84.49,54936949,"C:99.0%[S:98.4%,D:0.6%],F:0.2%,M:0.8%,n:13780",99,"0.2.13",245,99.5192,"deutero"
"Perizoma_affinitatum","GCA_961405105.1","Lepidoptera",70.15,11939442,"C:93.3%[S:91.1%,D:2.2%],F:2.7%,M:4.0%,n:5286",93.3,"0.2.13",67,75.8065,"proto"
"Myathropa_florea","GCA_930367185.1","Diptera",71.64,8948556,"C:86.5%[S:82.5%,D:4.0%],F:2.7%,M:10.8%,n:3285",86.5,"0.2.13",67,77.4194,"proto"
"Anthophora_plumipes","GCA_951804975.1","Endopterygota",70.31,7034000,"C:92.2%[S:91.5%,D:0.7%],F:2.6%,M:5.2%,n:5991",92.2,"0.2.13",64,73.7705,"proto"
"Xestospongia_muta","GCA_963693285.1","Demospongiae",0,1868977,"C:88.6%[S:84.9%,D:3.7%],F:4.3%,M:7.1%,n:954",88.6,"0.2.13",6,0,"combined"
"Acanthosoma_haemorrhoidale","GCA_930367205.1","Neoptera",59.68,3364162,"C:96.6%[S:94.5%,D:2.1%],F:1.0%,M:2.4%,n:2510",96.6,"0.2.13",62,62.7119,"proto"
"Cromileptes_altivelis","GCA_019925165.1","Clupeocephala",85.09,5160563,"C:95.4%[S:94.2%,D:1.2%],F:1.3%,M:3.3%,n:3640",95.4,"0.2.13",114,96.0396,"deutero"
"Episyrphus_balteatus","GCA_945859705.1","Diptera",76.12,5909399,"C:96.1%[S:95.2%,D:0.9%],F:0.7%,M:3.2%,n:3285",96.1,"0.2.13",67,82.2581,"proto"
"Crepidodera_aurea","GCA_949320105.2","Endopterygota",75,4358255,"C:94.6%[S:90.3%,D:4.3%],F:2.9%,M:2.5%,n:2124",94.6,"0.2.13",64,78.6885,"proto"
"Abrostola_triplasia","GCA_946251925.1","Lepidoptera",74.63,5247431,"C:94.7%[S:94.2%,D:0.5%],F:1.2%,M:4.1%,n:5286",94.7,"0.2.13",67,80.6452,"proto"
"Dolichovespula_sylvestris","GCA_918808275.1","Endopterygota",64.06,1253420,"C:94.8%[S:94.3%,D:0.5%],F:1.2%,M:4.0%,n:5991",94.8,"0.2.13",64,67.2131,"proto"
"Onychomys_torridus","GCA_903995425.1","Glires",71.36,2276141,"C:94.6%[S:93.9%,D:0.7%],F:1.0%,M:4.4%,n:13798",94.6,"0.2.13",220,82.199,"deutero"
"Eudemis_profundana","GCA_947034925.1","Lepidoptera",74.63,16582823,"C:92.9%[S:88.5%,D:4.4%],F:3.3%,M:3.8%,n:5286",92.9,"0.2.13",67,80.6452,"proto"
"Argyrosomus_regius","GCA_946959425.1","Clupeocephala",85.96,7813463,"C:96.3%[S:95.3%,D:1.0%],F:1.2%,M:2.5%,n:3640",96.3,"0.2.13",114,97.0297,"deutero"
"Cervus_elaphus","GCA_910594005.1","Laurasiatheria",79.26,68741660,"C:97.5%[S:95.2%,D:2.3%],F:0.8%,M:1.7%,n:12234",97.5,"0.2.13",217,90.5263,"deutero"
"Zygaena_filipendulae","GCA_907165265.2","Lepidoptera",65.67,2058275,"C:91.0%[S:90.2%,D:0.8%],F:0.9%,M:8.1%,n:5286",91,"0.2.13",67,70.9677,"proto"
"Epirrhoe_tristata","GCA_951394285.1","Lepidoptera",68.66,6547460,"C:95.4%[S:92.1%,D:3.3%],F:1.9%,M:2.7%,n:5286",95.4,"0.2.13",67,74.1935,"proto"
"Bugula_neritina","GCA_964035545.1","Lophotrochozoa",53.06,3968814,"C:95.0%[S:93.3%,D:1.7%],F:2.4%,M:2.6%,n:954",95,"0.2.13",49,53.0612,"proto"
"Liolophura_japonica","GCA_032854445.2","Mollusca",84.62,764463,"C:86.7%[S:85.3%,D:1.4%],F:2.2%,M:11.1%,n:5295",86.7,"0.2.13",52,84.6154,"proto"
"Liolophura_japonica","GCA_032854445.2","Mollusca",84.62,764463,"C:86.7%[S:85.3%,D:1.4%],F:2.2%,M:11.1%,n:5295",86.7,"0.2.13",52,84.6154,"proto"
"Liolophura_japonica","GCA_032854445.2","Mollusca",84.62,764463,"C:86.7%[S:85.3%,D:1.4%],F:2.2%,M:11.1%,n:5295",86.7,"0.2.13",52,84.6154,"proto"
"Liolophura_japonica","GCA_032854445.2","Mollusca",84.62,764463,"C:86.7%[S:85.3%,D:1.4%],F:2.2%,M:11.1%,n:5295",86.7,"0.2.13",52,84.6154,"proto"
"Homo_sapiens","GCA_041900265.1","Catarrhini",84.49,135911756,"C:98.9%[S:98.3%,D:0.6%],F:0.4%,M:0.7%,n:13780",98.9,"0.2.13",245,99.5192,"deutero"
"Bombus_soroeensis","GCA_014737365.1","Endopterygota",71.88,582038,"C:90.9%[S:90.8%,D:0.1%],F:3.9%,M:5.2%,n:5991",90.9,"0.2.13",64,75.4098,"proto"
"Ptychoptera_contaminata","GCA_963942525.1","Diptera",58.21,2631978,"C:91.4%[S:90.6%,D:0.8%],F:1.4%,M:7.2%,n:3285",91.4,"0.2.13",67,62.9032,"proto"
"Triplophysa_dalaica","GCA_015846415.1","Clupeocephala",78.95,9273388,"C:94.4%[S:92.2%,D:2.2%],F:1.3%,M:4.3%,n:3640",94.4,"0.2.13",114,89.1089,"deutero"
"Clarias_gariepinus","GCA_024256425.1","Clupeocephala",78.07,33715535,"C:91.1%[S:89.5%,D:1.6%],F:0.8%,M:8.1%,n:3640",91.1,"0.2.13",114,88.1188,"deutero"
"Homo_sapiens","GCA_042077425.1","Catarrhini",84.49,92895014,"C:98.8%[S:98.3%,D:0.5%],F:0.4%,M:0.8%,n:13780",98.8,"0.2.13",245,99.5192,"deutero"
"Acleris_sparsana","GCA_923061745.1","Lepidoptera",76.12,5804593,"C:88.0%[S:85.1%,D:2.9%],F:4.8%,M:7.2%,n:5286",88,"0.2.13",67,82.2581,"proto"
"Bombus_consobrinus","GCA_014737455.1","Endopterygota",70.31,707207,"C:93.7%[S:93.5%,D:0.2%],F:2.6%,M:3.7%,n:5991",93.7,"0.2.13",64,73.7705,"proto"
"Vanessa_cardui","GCA_905220355.1","Lepidoptera",76.12,2747079,"C:90.6%[S:90.2%,D:0.4%],F:0.6%,M:8.8%,n:5286",90.6,"0.2.13",67,82.2581,"proto"
"Saccopteryx_bilineata","GCA_036850765.1","Laurasiatheria",66.36,20156883,"C:96.5%[S:95.0%,D:1.5%],F:0.9%,M:2.6%,n:12234",96.5,"0.2.13",217,75.7895,"deutero"
"Saccopteryx_bilineata","GCA_036850765.1","Laurasiatheria",66.36,20156883,"C:96.5%[S:95.0%,D:1.5%],F:0.9%,M:2.6%,n:12234",96.5,"0.2.13",217,75.7895,"deutero"
"Saccopteryx_bilineata","GCA_036850765.1","Laurasiatheria",66.36,20156883,"C:96.5%[S:95.0%,D:1.5%],F:0.9%,M:2.6%,n:12234",96.5,"0.2.13",217,75.7895,"deutero"
"Saccopteryx_bilineata","GCA_036850765.1","Laurasiatheria",66.36,20156883,"C:96.5%[S:95.0%,D:1.5%],F:0.9%,M:2.6%,n:12234",96.5,"0.2.13",217,75.7895,"deutero"
"Chalcosyrphus_nemorum","GCA_949715665.1","Diptera",77.61,2568199,"C:93.8%[S:86.3%,D:7.5%],F:1.4%,M:4.8%,n:3285",93.8,"0.2.13",67,83.871,"proto"
"Pherbina_coryleti","GCA_943735915.1","Diptera",71.64,3328242,"C:93.3%[S:88.5%,D:4.8%],F:2.8%,M:3.9%,n:3285",93.3,"0.2.13",67,77.4194,"proto"
"Anoplius_nigerrimus","GCA_914767785.1","Endopterygota",64.06,1875923,"C:88.5%[S:85.8%,D:2.7%],F:4.8%,M:6.7%,n:5991",88.5,"0.2.13",64,67.2131,"proto"
"Mysia_undata","GCA_964106865.1","Mollusca",80.77,1874835,"C:87.6%[S:85.4%,D:2.2%],F:2.4%,M:10.0%,n:5295",87.6,"0.2.13",52,80.7692,"proto"
"Hestina_assimilis","GCA_023373885.1","Lepidoptera",77.61,14320758,"C:95.3%[S:92.7%,D:2.6%],F:2.3%,M:2.4%,n:5286",95.3,"0.2.13",67,83.871,"proto"
"Agonopterix_subpropinquella","GCA_922987775.1","Lepidoptera",74.63,11586390,"C:93.7%[S:91.2%,D:2.5%],F:3.1%,M:3.2%,n:5286",93.7,"0.2.13",67,80.6452,"proto"
"Agrotis_exclamationis","GCA_950005045.1","Lepidoptera",71.64,5897926,"C:94.1%[S:90.0%,D:4.1%],F:2.8%,M:3.1%,n:5286",94.1,"0.2.13",67,77.4194,"proto"
"Lycaena_phlaeas","GCA_905333065.1","Lepidoptera",73.13,3651375,"C:94.3%[S:93.8%,D:0.5%],F:0.6%,M:5.1%,n:5286",94.3,"0.2.13",67,79.0323,"proto"
"Zonotrichia_leucophrys","GCA_028769735.1","Neoaves",79.84,14148922,"C:85.1%[S:84.6%,D:0.5%],F:3.9%,M:11.0%,n:10844",85.1,"0.2.13",129,90.3509,"deutero"
"Corythoichthys_intestinalis","GCA_030265065.1","Clupeocephala",77.19,56274649,"C:92.7%[S:89.5%,D:3.2%],F:1.7%,M:5.6%,n:3640",92.7,"0.2.13",114,87.1287,"deutero"
"Myotis_myotis","GCA_014108235.1","Laurasiatheria",67.74,12511134,"C:96.6%[S:94.5%,D:2.1%],F:1.1%,M:2.3%,n:12234",96.6,"0.2.13",217,77.3684,"deutero"
"Myotis_myotis","GCA_014108235.1","Laurasiatheria",67.74,12511134,"C:96.6%[S:94.5%,D:2.1%],F:1.1%,M:2.3%,n:12234",96.6,"0.2.13",217,77.3684,"deutero"
"Myotis_myotis","GCA_014108235.1","Laurasiatheria",67.74,12511134,"C:96.6%[S:94.5%,D:2.1%],F:1.1%,M:2.3%,n:12234",96.6,"0.2.13",217,77.3684,"deutero"
"Myotis_myotis","GCA_014108235.1","Laurasiatheria",67.74,12511134,"C:96.6%[S:94.5%,D:2.1%],F:1.1%,M:2.3%,n:12234",96.6,"0.2.13",217,77.3684,"deutero"
"Anopheles_marshallii","GCA_943734725.1","Diptera",65.67,32607359,"C:94.1%[S:93.0%,D:1.1%],F:0.9%,M:5.0%,n:3285",94.1,"0.2.13",67,70.9677,"proto"
"Sarcoptes_scabiei","GCA_014595675.1","Chelicerata",31.37,1984575,"C:93.4%[S:92.2%,D:1.2%],F:0.8%,M:5.8%,n:2934",93.4,"0.2.13",51,32,"proto"
"Melanargia_galathea","GCA_920104075.1","Lepidoptera",73.13,9246114,"C:96.5%[S:95.8%,D:0.7%],F:0.9%,M:2.6%,n:5286",96.5,"0.2.13",67,79.0323,"proto"
"Agriopis_leucophaearia","GCA_949125355.1","Lepidoptera",73.13,8410515,"C:93.0%[S:89.9%,D:3.1%],F:2.9%,M:4.1%,n:5286",93,"0.2.13",67,79.0323,"proto"
"Phodopus_sungorus","GCA_023856395.1","Glires",70,53079,"C:92.7%[S:92.4%,D:0.3%],F:1.7%,M:5.6%,n:13798",92.7,"0.2.13",220,80.6283,"deutero"
"Homo_sapiens","GCA_018503575.1","Catarrhini",84.08,18216950,"C:98.8%[S:98.2%,D:0.6%],F:0.2%,M:1.0%,n:13780",98.8,"0.2.13",245,99.0385,"deutero"
"Tolmerus_cingulatus","GCA_959613345.1","Diptera",70.15,7098638,"C:96.1%[S:94.9%,D:1.2%],F:0.8%,M:3.1%,n:3285",96.1,"0.2.13",67,75.8065,"proto"
"Anas_acuta","GCA_963932015.1","Neognathae",78.91,3416933,"C:95.6%[S:95.1%,D:0.5%],F:0.9%,M:3.5%,n:8338",95.6,"0.2.13",128,89.3805,"deutero"
"Homo_sapiens","GCA_018504375.1","Catarrhini",83.67,31384221,"C:98.9%[S:98.5%,D:0.4%],F:0.2%,M:0.9%,n:13780",98.9,"0.2.13",245,98.5577,"deutero"
"Nephrotoma_flavescens","GCA_932525705.1","Diptera",65.67,387868,"C:89.8%[S:87.2%,D:2.6%],F:1.3%,M:8.9%,n:3285",89.8,"0.2.13",67,70.9677,"proto"
"Marmota_monax","GCA_021218885.2","Glires",79.55,10671126,"C:97.2%[S:94.6%,D:2.6%],F:0.9%,M:1.9%,n:13798",97.2,"0.2.13",220,91.623,"deutero"
"Homo_sapiens","GCA_042077855.1","Catarrhini",84.49,146412853,"C:98.6%[S:98.1%,D:0.5%],F:0.4%,M:1.0%,n:13780",98.6,"0.2.13",245,99.5192,"deutero"
"Neodiprion_virginianus","GCA_021901495.1","Endopterygota",71.88,11611595,"C:94.0%[S:93.4%,D:0.6%],F:2.2%,M:3.8%,n:5991",94,"0.2.13",64,75.4098,"proto"
"Rhodophaea_formosa","GCA_963082605.1","Lepidoptera",73.13,12361267,"C:93.9%[S:89.9%,D:4.0%],F:2.7%,M:3.4%,n:5286",93.9,"0.2.13",67,79.0323,"proto"
"Lumbricus_rubellus","GCA_945859605.1","Annelida",79.69,709756,"C:95.7%[S:90.9%,D:4.8%],F:1.6%,M:2.7%,n:954",95.7,"0.2.13",64,79.6875,"proto"
"Homo_sapiens","GCA_042077875.1","Catarrhini",84.49,107211229,"C:98.9%[S:98.3%,D:0.6%],F:0.4%,M:0.7%,n:13780",98.9,"0.2.13",245,99.5192,"deutero"
"Xylophagus_ater","GCA_963422695.1","Diptera",68.66,4315000,"C:96.7%[S:88.1%,D:8.6%],F:1.0%,M:2.3%,n:3285",96.7,"0.2.13",67,74.1935,"proto"
"Buathra_laborator","GCA_934046635.1","Endopterygota",65.62,10417199,"C:95.6%[S:95.3%,D:0.3%],F:0.9%,M:3.5%,n:5991",95.6,"0.2.13",64,68.8525,"proto"
"Lysandra_bellargus","GCA_905332955.1","Lepidoptera",70.15,1845172,"C:92.1%[S:91.3%,D:0.8%],F:1.0%,M:6.9%,n:5286",92.1,"0.2.13",67,75.8065,"proto"
"Thera_britannica","GCA_939531245.1","Lepidoptera",67.16,384543,"C:87.8%[S:86.4%,D:1.4%],F:1.3%,M:10.9%,n:5286",87.8,"0.2.13",67,72.5806,"proto"
"Aporophyla_lueneburgensis","GCA_932294355.1","Lepidoptera",68.66,20064200,"C:96.9%[S:96.2%,D:0.7%],F:0.9%,M:2.2%,n:5286",96.9,"0.2.13",67,74.1935,"proto"
"Platycheirus_albimanus","GCA_916050315.1","Diptera",76.12,2561986,"C:94.9%[S:93.6%,D:1.3%],F:1.4%,M:3.7%,n:3285",94.9,"0.2.13",67,82.2581,"proto"
"Fragum_sueziense","GCA_963680895.1","Mollusca",82.69,689039,"C:78.7%[S:75.8%,D:2.9%],F:3.1%,M:18.2%,n:5295",78.7,"0.2.13",52,82.6923,"proto"
"Homo_sapiens","GCA_018503525.1","Catarrhini",84.49,24250446,"C:99.0%[S:98.4%,D:0.6%],F:0.2%,M:0.8%,n:13780",99,"0.2.13",245,99.5192,"deutero"
"Lethocerus_indicus","GCA_019843655.1","Neoptera",66.13,5900000,"C:93.4%[S:82.5%,D:10.9%],F:1.3%,M:5.3%,n:2510",93.4,"0.2.13",62,69.4915,"proto"
"Periphyllus_acericola","GCA_949715065.1","Neoptera",53.23,1546004,"C:97.4%[S:93.3%,D:4.1%],F:1.0%,M:1.6%,n:2510",97.4,"0.2.13",62,55.9322,"proto"
"Homo_sapiens","GCA_018469935.1","Catarrhini",84.08,43942241,"C:99.0%[S:98.6%,D:0.4%],F:0.2%,M:0.8%,n:13780",99,"0.2.13",245,99.0385,"deutero"
"Cydia_splendana","GCA_910591565.2","Lepidoptera",71.64,6521190,"C:95.2%[S:94.2%,D:1.0%],F:0.9%,M:3.9%,n:5286",95.2,"0.2.13",67,77.4194,"proto"
"Furcula_furcula","GCA_911728495.1","Lepidoptera",71.64,24892123,"C:92.2%[S:89.4%,D:2.8%],F:3.3%,M:4.5%,n:5286",92.2,"0.2.13",67,77.4194,"proto"
"Pocota_personata","GCA_963082735.1","Diptera",73.13,2864724,"C:91.6%[S:88.1%,D:3.5%],F:4.1%,M:4.3%,n:3285",91.6,"0.2.13",67,79.0323,"proto"
"Siniperca_chuatsi","GCA_027580155.1","Clupeocephala",85.96,21551097,"C:94.9%[S:93.9%,D:1.0%],F:1.5%,M:3.6%,n:3640",94.9,"0.2.13",114,97.0297,"deutero"
"Rhingia_campestris","GCA_932526625.1","Diptera",76.12,7975228,"C:92.7%[S:89.0%,D:3.7%],F:2.6%,M:4.7%,n:3285",92.7,"0.2.13",67,82.2581,"proto"
"Drosophila_phalerata","GCA_951394115.2","Drosophila",70.59,923726,"C:97.6%[S:86.5%,D:11.1%],F:1.1%,M:1.3%,n:3285",97.6,"0.2.13",85,78.9474,"proto"
"Monopis_laevigella","GCA_947458855.1","Lepidoptera",61.19,12832485,"C:91.3%[S:87.8%,D:3.5%],F:2.6%,M:6.1%,n:5286",91.3,"0.2.13",67,66.129,"proto"
"Leptidea_sinapis","GCA_905404105.1","Lepidoptera",62.69,4501614,"C:95.0%[S:94.1%,D:0.9%],F:1.0%,M:4.0%,n:5286",95,"0.2.13",67,67.7419,"proto"
"Alligator_mississippiensis","GCA_030867095.1","Archosauria",86.55,38556409,"C:97.0%[S:96.3%,D:0.7%],F:0.5%,M:2.5%,n:7480",97,"0.2.13",119,98.0952,"deutero"
"Nebria_brevicollis","GCA_944739395.1","Endopterygota",73.44,381756,"C:92.4%[S:89.4%,D:3.0%],F:1.6%,M:6.0%,n:2124",92.4,"0.2.13",64,77.0492,"proto"
"Maniola_hyperantus","GCA_902806685.2","Lepidoptera",71.64,2012761,"C:96.0%[S:95.2%,D:0.8%],F:1.3%,M:2.7%,n:5286",96,"0.2.13",67,77.4194,"proto"
"Astyanax_mexicanus","GCA_023375835.1","Clupeocephala",78.07,26106996,"C:97.8%[S:96.2%,D:1.6%],F:0.9%,M:1.3%,n:3640",97.8,"0.2.13",114,88.1188,"deutero"
"Agrotis_puta","GCA_943136025.1","Lepidoptera",71.64,12247870,"C:97.3%[S:96.9%,D:0.4%],F:0.7%,M:2.0%,n:5286",97.3,"0.2.13",67,77.4194,"proto"
"Biston_stratarius","GCA_950106695.1","Lepidoptera",74.63,9257131,"C:94.2%[S:91.0%,D:3.2%],F:2.7%,M:3.1%,n:5286",94.2,"0.2.13",67,80.6452,"proto"
"Pieris_napi","GCA_905475465.1","Lepidoptera",70.15,8327096,"C:95.0%[S:94.4%,D:0.6%],F:0.7%,M:4.3%,n:5286",95,"0.2.13",67,75.8065,"proto"
"Parambassis_ranga","GCA_900634625.2","Clupeocephala",85.09,5080925,"C:94.8%[S:93.4%,D:1.4%],F:1.5%,M:3.7%,n:3640",94.8,"0.2.13",114,96.0396,"deutero"
"Anopheles_cruzii","GCA_943734635.1","Diptera",67.16,343635,"C:94.5%[S:93.0%,D:1.5%],F:1.0%,M:4.5%,n:3285",94.5,"0.2.13",67,72.5806,"proto"
"Deilephila_porcellus","GCA_905220465.1","Lepidoptera",71.64,2309125,"C:91.9%[S:89.8%,D:2.1%],F:2.8%,M:5.3%,n:5286",91.9,"0.2.13",67,77.4194,"proto"
"Ectemnius_continuus","GCA_910591485.1","Endopterygota",64.06,3126130,"C:93.4%[S:93.2%,D:0.2%],F:1.8%,M:4.8%,n:5991",93.4,"0.2.13",64,67.2131,"proto"
"Andrena_trimmerana","GCA_951212825.1","Endopterygota",67.19,3174956,"C:91.4%[S:91.0%,D:0.4%],F:2.8%,M:5.8%,n:5991",91.4,"0.2.13",64,70.4918,"proto"
"Mus_spretus","GCA_921997135.2","Muridae",77.12,10023970,"C:98.7%[S:97.5%,D:1.2%],F:0.3%,M:1.0%,n:13798",98.7,"0.2.13",236,87.9227,"deutero"
"Bruchidius_siliquastri","GCA_949316355.1","Endopterygota",75,7036267,"C:91.3%[S:87.9%,D:3.4%],F:3.0%,M:5.7%,n:2124",91.3,"0.2.13",64,78.6885,"proto"
"Tachina_grossa","GCA_949987635.1","Diptera",65.67,2104184,"C:94.2%[S:93.3%,D:0.9%],F:1.6%,M:4.2%,n:3285",94.2,"0.2.13",67,70.9677,"proto"
"Bombus_campestris","GCA_905333015.1","Endopterygota",70.31,6166019,"C:93.5%[S:93.2%,D:0.3%],F:2.5%,M:4.0%,n:5991",93.5,"0.2.13",64,73.7705,"proto"
"Channa_striata","GCA_033026295.1","Clupeocephala",85.96,13087542,"C:93.7%[S:92.6%,D:1.1%],F:1.7%,M:4.6%,n:3640",93.7,"0.2.13",114,97.0297,"deutero"
"Archips_xylosteana","GCA_947563465.1","Lepidoptera",73.13,20368662,"C:93.9%[S:91.4%,D:2.5%],F:3.0%,M:3.1%,n:5286",93.9,"0.2.13",67,79.0323,"proto"
"Hylobates_moloch","GCA_009828535.3","Catarrhini",80,265822,"C:93.8%[S:93.2%,D:0.6%],F:1.0%,M:5.2%,n:13780",93.8,"0.2.13",245,94.2308,"deutero"
"Anser_brachyrhynchus","GCA_964034855.1","Neognathae",78.12,2049950,"C:95.8%[S:95.4%,D:0.4%],F:1.1%,M:3.1%,n:8338",95.8,"0.2.13",128,88.4956,"deutero"
"Ictalurus_furcatus","GCA_023375685.2","Clupeocephala",74.56,16772172,"C:95.1%[S:93.5%,D:1.6%],F:1.0%,M:3.9%,n:3640",95.1,"0.2.13",114,84.1584,"deutero"
"Nezara_viridula","GCA_928085145.1","Neoptera",62.9,6352814,"C:90.3%[S:88.3%,D:2.0%],F:1.0%,M:8.7%,n:2510",90.3,"0.2.13",62,66.1017,"proto"
"Abrostola_triplasia","GCA_946251915.1","Lepidoptera",73.13,12702214,"C:94.7%[S:94.3%,D:0.4%],F:1.3%,M:4.0%,n:5286",94.7,"0.2.13",67,79.0323,"proto"
"Opisthograptis_luteolata","GCA_931315605.1","Lepidoptera",70.15,2987644,"C:92.5%[S:89.7%,D:2.8%],F:3.2%,M:4.3%,n:5286",92.5,"0.2.13",67,75.8065,"proto"
"Homo_sapiens","GCA_018503585.1","Catarrhini",84.08,19382927,"C:98.6%[S:98.1%,D:0.5%],F:0.2%,M:1.2%,n:13780",98.6,"0.2.13",245,99.0385,"deutero"
"Spilosoma_lubricipeda","GCA_905220605.1","Lepidoptera",73.13,2160010,"C:95.5%[S:92.3%,D:3.2%],F:1.9%,M:2.6%,n:5286",95.5,"0.2.13",67,79.0323,"proto"
"Deilephila_elpenor","GCA_949752825.1","Lepidoptera",70.15,1892641,"C:90.4%[S:89.9%,D:0.5%],F:1.1%,M:8.5%,n:5286",90.4,"0.2.13",67,75.8065,"proto"
"Crataerina_pallida","GCA_949710015.1","Diptera",64.18,3466619,"C:96.7%[S:87.0%,D:9.7%],F:0.8%,M:2.5%,n:3285",96.7,"0.2.13",67,69.3548,"proto"
"Homo_sapiens","GCA_042037155.1","Catarrhini",84.49,98033365,"C:98.9%[S:98.3%,D:0.6%],F:0.4%,M:0.7%,n:13780",98.9,"0.2.13",245,99.5192,"deutero"
"Acropora_muricata","GCA_014634545.1","Cnidaria",33.33,38011,"C:86.5%[S:0.3%,D:86.2%],F:6.1%,M:7.4%,n:954",86.5,"0.2.13",3,33.3333,"combined"
"Telmatactis_stephensoni","GCA_029948255.1","Cnidaria",33.33,602521,"C:93.0%[S:64.2%,D:28.8%],F:3.8%,M:3.2%,n:954",93,"0.2.13",3,33.3333,"combined"
"Oryzias_melastigma","GCA_002922805.2","Clupeocephala",80.7,30057,"C:92.5%[S:91.3%,D:1.2%],F:1.6%,M:5.9%,n:3640",92.5,"0.2.13",114,91.0891,"deutero"
"Acropora_gemmifera","GCA_014634125.1","Cnidaria",33.33,25126,"C:88.8%[S:87.8%,D:1.0%],F:5.9%,M:5.3%,n:954",88.8,"0.2.13",3,33.3333,"combined"
"Anania_fuscalis","GCA_950371115.1","Lepidoptera",76.12,9830660,"C:92.4%[S:88.8%,D:3.6%],F:3.2%,M:4.4%,n:5286",92.4,"0.2.13",67,82.2581,"proto"
"Bombus_hypnorum","GCA_911387925.2","Endopterygota",70.31,11592071,"C:93.8%[S:93.4%,D:0.4%],F:2.3%,M:3.9%,n:5991",93.8,"0.2.13",64,73.7705,"proto"
"Ectemnius_continuus","GCA_910591665.1","Endopterygota",65.62,12091100,"C:88.2%[S:88.0%,D:0.2%],F:4.5%,M:7.3%,n:5991",88.2,"0.2.13",64,68.8525,"proto"
"Apamea_sordens","GCA_945859755.1","Lepidoptera",71.64,8769284,"C:95.4%[S:94.8%,D:0.6%],F:1.0%,M:3.6%,n:5286",95.4,"0.2.13",67,77.4194,"proto"
"Xanthia_icteritia","GCA_949128155.2","Lepidoptera",71.64,14938151,"C:94.9%[S:94.0%,D:0.9%],F:1.3%,M:3.8%,n:5286",94.9,"0.2.13",67,77.4194,"proto"
"Eschrichtius_robustus","GCA_028021215.1","Laurasiatheria",78.8,39209000,"C:96.1%[S:94.7%,D:1.4%],F:0.6%,M:3.3%,n:13335",96.1,"0.2.13",217,90,"deutero"
"Scleropages_formosus","GCA_023634345.2","Neopterygii",80.18,7340773,"C:95.0%[S:91.9%,D:3.1%],F:1.5%,M:3.5%,n:3640",95,"0.2.13",111,90.8163,"deutero"
"Myopa_tessellatipennis","GCA_943737955.2","Diptera",65.67,39921807,"C:94.7%[S:93.6%,D:1.1%],F:0.5%,M:4.8%,n:3285",94.7,"0.2.13",67,70.9677,"proto"
"Daubentonia_madagascariensis","GCA_004027145.1","Euarchontoglires",83.11,298834,"C:88.7%[S:88.1%,D:0.6%],F:2.4%,M:8.9%,n:13780",88.7,"0.2.13",219,95.7895,"deutero"
"Plusia_festucae","GCA_950381575.1","Lepidoptera",73.13,10572398,"C:94.9%[S:91.3%,D:3.6%],F:2.1%,M:3.0%,n:5286",94.9,"0.2.13",67,79.0323,"proto"
"Diarsia_dahlii","GCA_949775585.1","Lepidoptera",67.16,2186096,"C:90.2%[S:89.2%,D:1.0%],F:1.2%,M:8.6%,n:5286",90.2,"0.2.13",67,72.5806,"proto"
"Acrobasis_consociella","GCA_963555685.1","Lepidoptera",70.15,19832698,"C:93.6%[S:93.0%,D:0.6%],F:1.7%,M:4.7%,n:5286",93.6,"0.2.13",67,75.8065,"proto"
"Volucella_inflata","GCA_928272305.1","Diptera",74.63,11556092,"C:95.8%[S:95.1%,D:0.7%],F:1.0%,M:3.2%,n:3285",95.8,"0.2.13",67,80.6452,"proto"
"Hydraecia_micacea","GCA_914767565.1","Lepidoptera",68.66,2781100,"C:89.5%[S:87.1%,D:2.4%],F:2.3%,M:8.2%,n:5286",89.5,"0.2.13",67,74.1935,"proto"
"Eilema_sororculum","GCA_914829255.1","Lepidoptera",71.64,2836878,"C:93.1%[S:89.8%,D:3.3%],F:3.1%,M:3.8%,n:5286",93.1,"0.2.13",67,77.4194,"proto"
"Homo_sapiens","GCA_042031355.1","Catarrhini",84.49,133294904,"C:98.8%[S:98.3%,D:0.5%],F:0.4%,M:0.8%,n:13780",98.8,"0.2.13",245,99.5192,"deutero"
"Homo_sapiens","GCA_018471095.1","Catarrhini",84.49,41001116,"C:98.9%[S:98.5%,D:0.4%],F:0.2%,M:0.9%,n:13780",98.9,"0.2.13",245,99.5192,"deutero"
"Phlogophora_meticulosa","GCA_905147745.2","Lepidoptera",70.15,17289153,"C:95.5%[S:95.0%,D:0.5%],F:0.9%,M:3.6%,n:5286",95.5,"0.2.13",67,75.8065,"proto"
"Plusia_festucae","GCA_950370415.1","Lepidoptera",73.13,3417304,"C:94.6%[S:90.7%,D:3.9%],F:2.2%,M:3.2%,n:5286",94.6,"0.2.13",67,79.0323,"proto"
"Limenitis_camilla","GCA_905147385.1","Lepidoptera",74.63,12016996,"C:96.3%[S:95.8%,D:0.5%],F:0.9%,M:2.8%,n:5286",96.3,"0.2.13",67,80.6452,"proto"
"Dolichovespula_sylvestris","GCA_918808275.2","Endopterygota",64.06,1191068,"C:90.7%[S:89.3%,D:1.4%],F:2.9%,M:6.4%,n:5991",90.7,"0.2.13",64,67.2131,"proto"
"Triatoma_dimidiata","GCA_964198115.1","Neoptera",53.23,2839385,"C:88.6%[S:86.5%,D:2.1%],F:1.1%,M:10.3%,n:2510",88.6,"0.2.13",62,55.9322,"proto"
"Homo_sapiens","GCA_018472695.1","Catarrhini",84.49,53717995,"C:99.0%[S:98.6%,D:0.4%],F:0.2%,M:0.8%,n:13780",99,"0.2.13",245,99.5192,"deutero"
"Carabus_problematicus","GCA_963422195.1","Endopterygota",70.31,4259000,"C:95.4%[S:94.7%,D:0.7%],F:0.6%,M:4.0%,n:2124",95.4,"0.2.13",64,73.7705,"proto"
"Lottia_scabra","GCA_029955415.1","Mollusca",84.62,5334417,"C:88.6%[S:87.7%,D:0.9%],F:1.5%,M:9.9%,n:5295",88.6,"0.2.13",52,84.6154,"proto"
"Lottia_scabra","GCA_029955415.1","Mollusca",84.62,5334417,"C:88.6%[S:87.7%,D:0.9%],F:1.5%,M:9.9%,n:5295",88.6,"0.2.13",52,84.6154,"proto"
"Lottia_scabra","GCA_029955415.1","Mollusca",84.62,5334417,"C:88.6%[S:87.7%,D:0.9%],F:1.5%,M:9.9%,n:5295",88.6,"0.2.13",52,84.6154,"proto"
"Lottia_scabra","GCA_029955415.1","Mollusca",84.62,5334417,"C:88.6%[S:87.7%,D:0.9%],F:1.5%,M:9.9%,n:5295",88.6,"0.2.13",52,84.6154,"proto"
"Blastobasis_adustella","GCA_907269055.1","Lepidoptera",56.72,2282707,"C:71.2%[S:70.3%,D:0.9%],F:1.4%,M:27.4%,n:5286",71.2,"0.2.13",67,61.2903,"proto"
"Arca_noae","GCA_964261245.1","Mollusca",94.23,20465118,"C:83.9%[S:82.9%,D:1.0%],F:2.7%,M:13.4%,n:5295",83.9,"0.2.13",52,94.2308,"proto"
"Reinhardtius_hippoglossoides","GCA_006182925.3","Clupeocephala",85.96,3108829,"C:93.2%[S:92.0%,D:1.2%],F:3.0%,M:3.8%,n:3640",93.2,"0.2.13",114,97.0297,"deutero"
"Rhynochetos_jubatus","GCA_027574665.1","Neoaves",79.84,10485863,"C:92.0%[S:91.4%,D:0.6%],F:2.2%,M:5.8%,n:8338",92,"0.2.13",129,90.3509,"deutero"
"Abramis_brama","GCA_963993115.1","Clupeocephala",81.58,3478172,"C:94.5%[S:92.2%,D:2.3%],F:1.6%,M:3.9%,n:3640",94.5,"0.2.13",114,92.0792,"deutero"
"Felis_catus","GCA_018350175.1","Laurasiatheria",79.72,90731473,"C:89.5%[S:89.1%,D:0.4%],F:1.3%,M:9.2%,n:14502",89.5,"0.2.13",217,91.0526,"deutero"
"Cladopsammia_gracilis","GCA_022457155.1","Cnidaria",33.33,1308184,"C:93.3%[S:82.6%,D:10.7%],F:2.9%,M:3.8%,n:954",93.3,"0.2.13",3,33.3333,"combined"
"Chironomus_riparius","GCA_917627325.1","Diptera",35.82,19590381,"C:93.7%[S:91.7%,D:2.0%],F:0.5%,M:5.8%,n:3285",93.7,"0.2.13",67,38.7097,"proto"
"Platycnemis_pennipes","GCA_933228895.1","Pancrustacea",83.02,18171807,"C:96.8%[S:96.0%,D:0.8%],F:1.8%,M:1.4%,n:1367",96.8,"0.2.13",53,84.6154,"proto"
"Fissipunctia_ypsillon","GCA_947568875.1","Lepidoptera",70.15,11453929,"C:91.4%[S:87.4%,D:4.0%],F:3.2%,M:5.4%,n:5286",91.4,"0.2.13",67,75.8065,"proto"
"Hipparchia_semele","GCA_933228805.1","Lepidoptera",73.13,14523314,"C:92.8%[S:90.5%,D:2.3%],F:2.8%,M:4.4%,n:5286",92.8,"0.2.13",67,79.0323,"proto"
"Hermaeophaga_mercurialis","GCA_951812935.1","Endopterygota",73.44,1363883,"C:97.1%[S:95.5%,D:1.6%],F:0.9%,M:2.0%,n:2124",97.1,"0.2.13",64,77.0492,"proto"
"Oryzias_latipes","GCA_947078865.1","Clupeocephala",80.7,1359825,"C:95.3%[S:94.5%,D:0.8%],F:1.5%,M:3.2%,n:3640",95.3,"0.2.13",114,91.0891,"deutero"
"Cheilosia_soror","GCA_948107765.1","Diptera",71.64,649818,"C:93.7%[S:92.4%,D:1.3%],F:1.2%,M:5.1%,n:3285",93.7,"0.2.13",67,77.4194,"proto"
"Cyaniris_semiargus","GCA_905187585.1","Lepidoptera",71.64,16283616,"C:91.1%[S:89.2%,D:1.9%],F:2.6%,M:6.3%,n:5286",91.1,"0.2.13",67,77.4194,"proto"
"Crossaster_papposus","GCA_037893245.1","Eleutherozoa",58.14,1304539,"C:94.3%[S:83.8%,D:10.5%],F:3.2%,M:2.5%,n:954",94.3,"0.2.13",43,58.1395,"deutero"
"Eupsilia_transversa","GCA_914767815.1","Lepidoptera",71.64,15275328,"C:93.8%[S:91.2%,D:2.6%],F:2.3%,M:3.9%,n:5286",93.8,"0.2.13",67,77.4194,"proto"
"Plebejus_argus","GCA_905404165.1","Lepidoptera",70.15,1256361,"C:94.8%[S:94.4%,D:0.4%],F:0.8%,M:4.4%,n:5286",94.8,"0.2.13",67,75.8065,"proto"
"Elysia_chlorotica","GCA_003991915.1","Mollusca",78.85,30474,"C:84.4%[S:83.6%,D:0.8%],F:3.4%,M:12.2%,n:5295",84.4,"0.2.13",52,78.8462,"proto"
"Elysia_chlorotica","GCA_003991915.1","Mollusca",78.85,30474,"C:84.4%[S:83.6%,D:0.8%],F:3.4%,M:12.2%,n:5295",84.4,"0.2.13",52,78.8462,"proto"
"Elysia_chlorotica","GCA_003991915.1","Mollusca",78.85,30474,"C:84.4%[S:83.6%,D:0.8%],F:3.4%,M:12.2%,n:5295",84.4,"0.2.13",52,78.8462,"proto"
"Elysia_chlorotica","GCA_003991915.1","Mollusca",78.85,30474,"C:84.4%[S:83.6%,D:0.8%],F:3.4%,M:12.2%,n:5295",84.4,"0.2.13",52,78.8462,"proto"
"Haemaphysalis_longicornis","GCA_013339765.1","Chelicerata",84.31,740000,"C:60.6%[S:57.7%,D:2.9%],F:5.7%,M:33.7%,n:2934",60.6,"0.2.13",51,86,"proto"
"Modiolus_philippinarum","GCA_002080025.1","Mollusca",90.38,18389,"C:76.2%[S:74.2%,D:2.0%],F:5.8%,M:18.0%,n:5295",76.2,"0.2.13",52,90.3846,"proto"
"Homo_sapiens","GCA_042078025.1","Catarrhini",84.49,111859824,"C:98.5%[S:97.9%,D:0.6%],F:0.4%,M:1.1%,n:13780",98.5,"0.2.13",245,99.5192,"deutero"
"Bembecia_ichneumoniformis","GCA_910589475.1","Lepidoptera",68.66,15603170,"C:95.9%[S:95.1%,D:0.8%],F:0.9%,M:3.2%,n:5286",95.9,"0.2.13",67,74.1935,"proto"
"Sarcophaga_caerulescens","GCA_927399425.1","Diptera",67.16,669526,"C:97.0%[S:95.7%,D:1.3%],F:0.5%,M:2.5%,n:3285",97,"0.2.13",67,72.5806,"proto"
"Homo_sapiens","GCA_042028875.1","Catarrhini",84.49,122374351,"C:98.9%[S:98.3%,D:0.6%],F:0.4%,M:0.7%,n:13780",98.9,"0.2.13",245,99.5192,"deutero"
"Schrankia_costaestrigalis","GCA_905475335.1","Lepidoptera",71.64,3065922,"C:93.6%[S:91.0%,D:2.6%],F:2.2%,M:4.2%,n:5286",93.6,"0.2.13",67,77.4194,"proto"
"Mimachlamys_varia","GCA_947622925.1","Mollusca",86.54,1518021,"C:95.3%[S:94.2%,D:1.1%],F:1.3%,M:3.4%,n:5295",95.3,"0.2.13",52,86.5385,"proto"
"Harpalus_rufipes","GCA_951394325.1","Endopterygota",68.75,1600630,"C:91.2%[S:86.3%,D:4.9%],F:2.4%,M:6.4%,n:2124",91.2,"0.2.13",64,72.1311,"proto"
"Magelona_johnstoni","GCA_963942565.1","Annelida",60.94,141581,"C:92.8%[S:89.6%,D:3.2%],F:3.8%,M:3.4%,n:954",92.8,"0.2.13",64,60.9375,"proto"
"Canis_lupus","GCA_905319855.2","Laurasiatheria",83.41,34375412,"C:92.2%[S:90.6%,D:1.6%],F:1.1%,M:6.7%,n:14502",92.2,"0.2.13",217,95.2632,"deutero"
"Bubalus_bubalis","GCA_019923935.1","Laurasiatheria",79.26,9586610,"C:94.1%[S:93.1%,D:1.0%],F:1.8%,M:4.1%,n:13335",94.1,"0.2.13",217,90.5263,"deutero"
"Spilarctia_lutea","GCA_916047975.1","Lepidoptera",73.13,1068816,"C:90.7%[S:87.5%,D:3.2%],F:1.8%,M:7.5%,n:5286",90.7,"0.2.13",67,79.0323,"proto"
"Abrostola_tripartita","GCA_905340225.1","Lepidoptera",71.64,13645312,"C:96.8%[S:96.4%,D:0.4%],F:1.0%,M:2.2%,n:5286",96.8,"0.2.13",67,77.4194,"proto"
"Dicyrtomina_minuta","GCA_949802685.1","Pancrustacea",52.83,988688,"C:94.5%[S:89.3%,D:5.2%],F:2.5%,M:3.0%,n:1013",94.5,"0.2.13",53,53.8462,"proto"
"Lasioglossum_lativentre","GCA_916610255.1","Endopterygota",68.75,4089460,"C:97.9%[S:97.2%,D:0.7%],F:0.3%,M:1.8%,n:1367",97.9,"0.2.13",64,72.1311,"proto"
"Silurus_aristotelis","GCA_946808225.1","Clupeocephala",77.19,4577990,"C:95.8%[S:94.3%,D:1.5%],F:1.3%,M:2.9%,n:3640",95.8,"0.2.13",114,87.1287,"deutero"
"Listrodromus_nycthemerus","GCA_963978505.1","Endopterygota",65.62,1296412,"C:89.3%[S:86.8%,D:2.5%],F:5.7%,M:5.0%,n:5991",89.3,"0.2.13",64,68.8525,"proto"
"Listrodromus_nycthemerus","GCA_963978505.1","Endopterygota",65.62,1296412,"C:89.3%[S:86.8%,D:2.5%],F:5.7%,M:5.0%,n:5991",89.3,"0.2.13",64,68.8525,"proto"
"Listrodromus_nycthemerus","GCA_963978505.1","Endopterygota",65.62,1296412,"C:89.3%[S:86.8%,D:2.5%],F:5.7%,M:5.0%,n:5991",89.3,"0.2.13",64,68.8525,"proto"
"Listrodromus_nycthemerus","GCA_963978505.1","Endopterygota",65.62,1296412,"C:89.3%[S:86.8%,D:2.5%],F:5.7%,M:5.0%,n:5991",89.3,"0.2.13",64,68.8525,"proto"
"Pseudochaenichthys_georgianus","GCA_902827115.2","Clupeocephala",82.46,656910,"C:91.5%[S:89.9%,D:1.6%],F:2.4%,M:6.1%,n:3640",91.5,"0.2.13",114,93.0693,"deutero"
"Melolontha_melolontha","GCA_935421215.1","Endopterygota",73.44,5929690,"C:97.1%[S:95.4%,D:1.7%],F:1.2%,M:1.7%,n:2124",97.1,"0.2.13",64,77.0492,"proto"
"Dasysyrphus_albostriatus","GCA_946251825.1","Diptera",76.12,1495986,"C:95.3%[S:94.4%,D:0.9%],F:1.1%,M:3.6%,n:3285",95.3,"0.2.13",67,82.2581,"proto"
"Homo_sapiens","GCA_042037975.1","Catarrhini",74.29,100099542,"C:95.6%[S:95.1%,D:0.5%],F:0.4%,M:4.0%,n:13780",95.6,"0.2.13",245,87.5,"deutero"
"Thunnus_thynnus","GCA_963924715.1","Clupeocephala",85.09,2956553,"C:96.9%[S:95.9%,D:1.0%],F:1.5%,M:1.6%,n:3640",96.9,"0.2.13",114,96.0396,"deutero"
"Oligia_strigilis","GCA_951800025.1","Lepidoptera",68.66,393240,"C:93.1%[S:91.1%,D:2.0%],F:1.8%,M:5.1%,n:5286",93.1,"0.2.13",67,74.1935,"proto"
"Homo_sapiens","GCA_042034215.1","Catarrhini",74.29,98886298,"C:95.5%[S:95.0%,D:0.5%],F:0.4%,M:4.1%,n:13780",95.5,"0.2.13",245,87.5,"deutero"
"Dyspetes_luteomarginatus","GCA_963669185.1","Endopterygota",65.62,796992,"C:90.1%[S:89.9%,D:0.2%],F:2.5%,M:7.4%,n:5991",90.1,"0.2.13",64,68.8525,"proto"
"Homo_sapiens","GCA_018473315.1","Catarrhini",84.49,34159233,"C:98.9%[S:98.3%,D:0.6%],F:0.2%,M:0.9%,n:13780",98.9,"0.2.13",245,99.5192,"deutero"
"Larimichthys_crocea","GCA_004352675.2","Clupeocephala",85.96,1388081,"C:92.6%[S:85.3%,D:7.3%],F:2.0%,M:5.4%,n:3640",92.6,"0.2.13",114,97.0297,"deutero"
"Larimichthys_crocea","GCA_004352675.2","Clupeocephala",85.96,1388081,"C:92.6%[S:85.3%,D:7.3%],F:2.0%,M:5.4%,n:3640",92.6,"0.2.13",114,97.0297,"deutero"
"Larimichthys_crocea","GCA_004352675.2","Clupeocephala",85.96,1388081,"C:92.6%[S:85.3%,D:7.3%],F:2.0%,M:5.4%,n:3640",92.6,"0.2.13",114,97.0297,"deutero"
"Larimichthys_crocea","GCA_004352675.2","Clupeocephala",85.96,1388081,"C:92.6%[S:85.3%,D:7.3%],F:2.0%,M:5.4%,n:3640",92.6,"0.2.13",114,97.0297,"deutero"
"Cephus_spinipes","GCA_963971525.1","Endopterygota",71.88,2011847,"C:92.0%[S:91.6%,D:0.4%],F:3.9%,M:4.1%,n:5991",92,"0.2.13",64,75.4098,"proto"
"Cephus_spinipes","GCA_963971525.1","Endopterygota",71.88,2011847,"C:92.0%[S:91.6%,D:0.4%],F:3.9%,M:4.1%,n:5991",92,"0.2.13",64,75.4098,"proto"
"Cephus_spinipes","GCA_963971525.1","Endopterygota",71.88,2011847,"C:92.0%[S:91.6%,D:0.4%],F:3.9%,M:4.1%,n:5991",92,"0.2.13",64,75.4098,"proto"
"Cephus_spinipes","GCA_963971525.1","Endopterygota",71.88,2011847,"C:92.0%[S:91.6%,D:0.4%],F:3.9%,M:4.1%,n:5991",92,"0.2.13",64,75.4098,"proto"
"Thera_obeliscata","GCA_947578465.1","Lepidoptera",71.64,7637625,"C:93.1%[S:89.5%,D:3.6%],F:2.7%,M:4.2%,n:5286",93.1,"0.2.13",67,77.4194,"proto"
"Aplysina_aerophoba","GCA_949841015.1","Demospongiae",0,404719,"C:77.8%[S:76.0%,D:1.8%],F:7.7%,M:14.5%,n:954",77.8,"0.2.13",6,0,"combined"
"Cerastis_leucographa","GCA_963082945.1","Lepidoptera",70.15,13373472,"C:94.7%[S:94.1%,D:0.6%],F:1.1%,M:4.2%,n:5286",94.7,"0.2.13",67,75.8065,"proto"
"Molothrus_aeneus","GCA_037042795.1","Neoaves",81.4,25845000,"C:92.8%[S:92.5%,D:0.3%],F:1.7%,M:5.5%,n:10844",92.8,"0.2.13",129,92.1053,"deutero"
"Ylistrum_balloti","GCA_031769215.1","Mollusca",84.62,1033552,"C:93.7%[S:93.1%,D:0.6%],F:1.2%,M:5.1%,n:5295",93.7,"0.2.13",52,84.6154,"proto"
"Homo_sapiens","GCA_042076665.1","Catarrhini",84.49,129131645,"C:98.9%[S:98.3%,D:0.6%],F:0.4%,M:0.7%,n:13780",98.9,"0.2.13",245,99.5192,"deutero"
"Dryas_iulia_moderata","GCA_019049465.1","Lepidoptera",80.6,4051594,"C:95.7%[S:94.9%,D:0.8%],F:0.9%,M:3.4%,n:5286",95.7,"0.2.13",67,87.0968,"proto"
"Salmo_salar","GCA_923944775.1","Clupeocephala",82.46,27893759,"C:96.9%[S:57.3%,D:39.6%],F:1.5%,M:1.6%,n:3640",96.9,"0.2.13",114,93.0693,"deutero"
"Chrysolina_haemoptera","GCA_958298965.1","Endopterygota",71.88,2238999,"C:96.7%[S:95.5%,D:1.2%],F:1.5%,M:1.8%,n:2124",96.7,"0.2.13",64,75.4098,"proto"
"Lithophane_socia","GCA_947522985.1","Lepidoptera",70.15,11704965,"C:93.6%[S:89.2%,D:4.4%],F:2.7%,M:3.7%,n:5286",93.6,"0.2.13",67,75.8065,"proto"
"Nicrophorus_investigator","GCA_963457615.1","Endopterygota",76.56,3077846,"C:95.2%[S:94.1%,D:1.1%],F:0.9%,M:3.9%,n:2124",95.2,"0.2.13",64,80.3279,"proto"
"Bellardia_pandia","GCA_916050155.1","Diptera",67.16,1261288,"C:95.6%[S:90.8%,D:4.8%],F:2.1%,M:2.3%,n:3285",95.6,"0.2.13",67,72.5806,"proto"
"Diarsia_mendica","GCA_949316265.1","Lepidoptera",71.64,7620289,"C:93.7%[S:92.3%,D:1.4%],F:1.1%,M:5.2%,n:5286",93.7,"0.2.13",67,77.4194,"proto"
"Folsomia_candida","GCA_002217175.1","Pancrustacea",58.49,4885648,"C:97.9%[S:96.1%,D:1.8%],F:0.4%,M:1.7%,n:1013",97.9,"0.2.13",53,59.6154,"proto"
"Criorhina_ranunculi","GCA_951813785.1","Diptera",74.63,2934058,"C:96.1%[S:95.5%,D:0.6%],F:0.6%,M:3.3%,n:3285",96.1,"0.2.13",67,80.6452,"proto"
"Chelon_labrosus","GCA_963514085.1","Clupeocephala",85.09,2544200,"C:95.4%[S:94.1%,D:1.3%],F:1.2%,M:3.4%,n:3640",95.4,"0.2.13",114,96.0396,"deutero"
"Patella_ulyssiponensis","GCA_963678685.1","Mollusca",86.54,16753147,"C:94.0%[S:92.8%,D:1.2%],F:1.0%,M:5.0%,n:5295",94,"0.2.13",52,86.5385,"proto"
"Delphinus_delphis","GCA_949987515.1","Laurasiatheria",79.72,3627551,"C:95.1%[S:93.9%,D:1.2%],F:0.8%,M:4.1%,n:13335",95.1,"0.2.13",217,91.0526,"deutero"
"Erannis_defoliaria","GCA_905404285.2","Lepidoptera",73.13,11448532,"C:89.9%[S:88.1%,D:1.8%],F:4.0%,M:6.1%,n:5286",89.9,"0.2.13",67,79.0323,"proto"
"Agrypnus_murinus","GCA_929113105.1","Endopterygota",76.56,4463000,"C:90.5%[S:85.8%,D:4.7%],F:6.5%,M:3.0%,n:2124",90.5,"0.2.13",64,80.3279,"proto"
"Sphaerophoria_rueppellii","GCA_920937365.1","Diptera",70.15,59938,"C:90.0%[S:87.4%,D:2.6%],F:2.7%,M:7.3%,n:3285",90,"0.2.13",67,75.8065,"proto"
"Sander_vitreus","GCA_031162955.1","Clupeocephala",84.21,6206245,"C:95.7%[S:94.9%,D:0.8%],F:1.0%,M:3.3%,n:3640",95.7,"0.2.13",114,95.0495,"deutero"
"Homo_sapiens","GCA_042031775.1","Catarrhini",84.49,134304874,"C:98.9%[S:98.4%,D:0.5%],F:0.4%,M:0.7%,n:13780",98.9,"0.2.13",245,99.5192,"deutero"
"Elophila_nymphaeata","GCA_955850985.1","Lepidoptera",71.64,13374760,"C:95.2%[S:94.6%,D:0.6%],F:1.0%,M:3.8%,n:5286",95.2,"0.2.13",67,77.4194,"proto"
"Corvus_cornix_cornix","GCA_000738735.6","Neoaves",80.62,8553235,"C:91.8%[S:91.6%,D:0.2%],F:1.4%,M:6.8%,n:10844",91.8,"0.2.13",129,91.2281,"deutero"
"Vanessa_cardui","GCA_905220365.2","Lepidoptera",77.61,7041724,"C:97.0%[S:96.7%,D:0.3%],F:0.8%,M:2.2%,n:5286",97,"0.2.13",67,83.871,"proto"
"Ovis_aries","GCA_022432835.1","Laurasiatheria",77.42,80315026,"C:95.8%[S:94.2%,D:1.6%],F:1.4%,M:2.8%,n:13335",95.8,"0.2.13",217,88.4211,"deutero"
"Plebejus_argus","GCA_905404155.3","Lepidoptera",71.64,3678063,"C:94.9%[S:94.4%,D:0.5%],F:0.8%,M:4.3%,n:5286",94.9,"0.2.13",67,77.4194,"proto"
"Sander_lucioperca","GCA_008315115.2","Clupeocephala",84.21,6663498,"C:95.9%[S:94.7%,D:1.2%],F:0.9%,M:3.2%,n:3640",95.9,"0.2.13",114,95.0495,"deutero"
"Gymnosoma_rotundatum","GCA_916610175.1","Diptera",68.66,1467018,"C:93.8%[S:92.7%,D:1.1%],F:0.9%,M:5.3%,n:3285",93.8,"0.2.13",67,74.1935,"proto"
"Bombus_polaris","GCA_014737335.1","Endopterygota",70.31,427351,"C:91.0%[S:90.7%,D:0.3%],F:4.0%,M:5.0%,n:5991",91,"0.2.13",64,73.7705,"proto"
"Nettapus_auritus","GCA_011076525.1","Neognathae",79.69,105082,"C:92.1%[S:91.2%,D:0.9%],F:3.0%,M:4.9%,n:8338",92.1,"0.2.13",128,90.2655,"deutero"
"Tachysurus_vachellii","GCA_033026395.1","Clupeocephala",77.19,5601497,"C:94.8%[S:93.0%,D:1.8%],F:1.1%,M:4.1%,n:3640",94.8,"0.2.13",114,87.1287,"deutero"
"Epicampocera_succincta","GCA_932526305.1","Diptera",67.16,15681748,"C:96.9%[S:92.6%,D:4.3%],F:1.4%,M:1.7%,n:3285",96.9,"0.2.13",67,72.5806,"proto"
"Hyla_sarda","GCA_029499605.1","Amphibia",78.57,3809262,"C:92.5%[S:90.8%,D:1.7%],F:1.9%,M:5.6%,n:5310",92.5,"0.2.13",112,87.1287,"deutero"
"Vanessa_cardui","GCA_905220365.1","Lepidoptera",77.61,7041724,"C:95.4%[S:95.1%,D:0.3%],F:0.5%,M:4.1%,n:5286",95.4,"0.2.13",67,83.871,"proto"
"Magallana_hongkongensis","GCA_016163765.1","Mollusca",98.08,17202,"C:90.7%[S:85.4%,D:5.3%],F:3.3%,M:6.0%,n:5295",90.7,"0.2.13",52,98.0769,"proto"
"Homo_sapiens","GCA_018469965.1","Catarrhini",74.29,52440137,"C:95.8%[S:95.1%,D:0.7%],F:0.2%,M:4.0%,n:13780",95.8,"0.2.13",245,87.5,"deutero"
"Bombus_superbus","GCA_014737385.1","Endopterygota",70.31,988972,"C:94.1%[S:94.0%,D:0.1%],F:2.3%,M:3.6%,n:5991",94.1,"0.2.13",64,73.7705,"proto"
"Eudonia_lacustrata","GCA_947562065.1","Lepidoptera",68.66,512077,"C:93.5%[S:92.0%,D:1.5%],F:1.4%,M:5.1%,n:5286",93.5,"0.2.13",67,74.1935,"proto"
"Pyrochroa_serraticornis","GCA_905333025.2","Endopterygota",81.25,12970676,"C:97.4%[S:93.6%,D:3.8%],F:1.0%,M:1.6%,n:2124",97.4,"0.2.13",64,85.2459,"proto"
"Bombus_hypnorum","GCA_911387925.1","Endopterygota",70.31,11592071,"C:94.0%[S:93.7%,D:0.3%],F:2.6%,M:3.4%,n:5991",94,"0.2.13",64,73.7705,"proto"
"Anabas_testudineus","GCA_900324465.3","Clupeocephala",85.96,7055436,"C:98.1%[S:96.6%,D:1.5%],F:0.7%,M:1.2%,n:3640",98.1,"0.2.13",114,97.0297,"deutero"
"Eutolmus_rufibarbis","GCA_963920795.1","Diptera",71.64,10187593,"C:96.2%[S:95.0%,D:1.2%],F:0.7%,M:3.1%,n:3285",96.2,"0.2.13",67,77.4194,"proto"
"Homo_sapiens","GCA_042031275.1","Catarrhini",74.29,112037638,"C:95.6%[S:95.1%,D:0.5%],F:0.4%,M:4.0%,n:13780",95.6,"0.2.13",245,87.5,"deutero"
"Falcaria_lacertinaria","GCA_951449985.1","Lepidoptera",70.15,4850831,"C:95.2%[S:94.6%,D:0.6%],F:1.1%,M:3.7%,n:5286",95.2,"0.2.13",67,75.8065,"proto"
"Aricia_agestis","GCA_944452695.1","Lepidoptera",73.13,15281729,"C:95.7%[S:95.1%,D:0.6%],F:0.7%,M:3.6%,n:5286",95.7,"0.2.13",67,79.0323,"proto"
"Crassostrea_gasar","GCA_040285235.1","Mollusca",96.15,11311178,"C:87.0%[S:84.5%,D:2.5%],F:2.5%,M:10.5%,n:5295",87,"0.2.13",52,96.1538,"proto"
"Nerophis_ophidion","GCA_033978795.1","Clupeocephala",74.56,4791538,"C:92.2%[S:86.8%,D:5.4%],F:1.5%,M:6.3%,n:3640",92.2,"0.2.13",114,84.1584,"deutero"
"Bombus_cullumanus","GCA_014737535.1","Endopterygota",70.31,1128213,"C:94.1%[S:93.9%,D:0.2%],F:2.2%,M:3.7%,n:5991",94.1,"0.2.13",64,73.7705,"proto"
"Chrysemys_picta_bellii","GCA_037349265.1","Archelosauria",88.98,53806790,"C:97.5%[S:95.6%,D:1.9%],F:0.6%,M:1.9%,n:7480",97.5,"0.2.13",118,98.1308,"deutero"
"Acleris_emargana","GCA_927399475.1","Lepidoptera",73.13,16693437,"C:88.2%[S:85.3%,D:2.9%],F:5.0%,M:6.8%,n:5286",88.2,"0.2.13",67,79.0323,"proto"
"Lepidochitona_cinerea","GCA_963971465.1","Mollusca",84.62,8732403,"C:89.5%[S:88.1%,D:1.4%],F:1.4%,M:9.1%,n:5295",89.5,"0.2.13",52,84.6154,"proto"
"Ovis_aries","GCA_022416915.1","Laurasiatheria",77.42,92422466,"C:96.2%[S:94.5%,D:1.7%],F:1.2%,M:2.6%,n:13335",96.2,"0.2.13",217,88.4211,"deutero"
"Carpatolechia_fugitivella","GCA_951230885.1","Lepidoptera",71.64,201166,"C:92.5%[S:90.5%,D:2.0%],F:1.8%,M:5.7%,n:5286",92.5,"0.2.13",67,77.4194,"proto"
"Eupithecia_dodoneata","GCA_947044415.1","Lepidoptera",67.16,12556972,"C:94.9%[S:94.4%,D:0.5%],F:1.0%,M:4.1%,n:5286",94.9,"0.2.13",67,72.5806,"proto"
"Halisarca_caerulea","GCA_963170055.1","Demospongiae",0,1702066,"C:76.6%[S:74.6%,D:2.0%],F:6.4%,M:17.0%,n:954",76.6,"0.2.13",6,0,"combined"
"Haliclystus_octoradiatus","GCA_916610825.1","Cnidaria",0,1466457,"C:88.8%[S:0.2%,D:88.6%],F:4.6%,M:6.6%,n:954",88.8,"0.2.13",3,0,"combined"
"Sarcophaga_variegata","GCA_932276125.1","Diptera",65.67,2208341,"C:97.2%[S:96.3%,D:0.9%],F:0.3%,M:2.5%,n:3285",97.2,"0.2.13",67,70.9677,"proto"
"Polydrusus_tereticollis","GCA_963576705.1","Endopterygota",76.56,1537882,"C:95.8%[S:93.8%,D:2.0%],F:1.9%,M:2.3%,n:2124",95.8,"0.2.13",64,80.3279,"proto"
"Cerastis_rubricosa","GCA_949152445.1","Lepidoptera",67.16,11020799,"C:93.2%[S:89.5%,D:3.7%],F:2.7%,M:4.1%,n:5286",93.2,"0.2.13",67,72.5806,"proto"
"Falco_punctatus","GCA_963210335.1","Neoaves",82.17,4755657,"C:92.3%[S:91.9%,D:0.4%],F:2.2%,M:5.5%,n:8338",92.3,"0.2.13",129,92.9825,"deutero"
"Bembecia_ichneumoniformis","GCA_910589475.2","Lepidoptera",68.66,15603170,"C:93.8%[S:92.9%,D:0.9%],F:1.4%,M:4.8%,n:5286",93.8,"0.2.13",67,74.1935,"proto"
"Agrochola_macilenta","GCA_916701705.1","Lepidoptera",68.66,1034422,"C:89.3%[S:86.0%,D:3.3%],F:2.2%,M:8.5%,n:5286",89.3,"0.2.13",67,74.1935,"proto"
"Corbicula_japonica","GCA_038501625.1","Mollusca",76.92,616602,"C:87.2%[S:83.9%,D:3.3%],F:1.5%,M:11.3%,n:5295",87.2,"0.2.13",52,76.9231,"proto"
"Corbicula_japonica","GCA_038501625.1","Mollusca",76.92,616602,"C:87.2%[S:83.9%,D:3.3%],F:1.5%,M:11.3%,n:5295",87.2,"0.2.13",52,76.9231,"proto"
"Corbicula_japonica","GCA_038501625.1","Mollusca",76.92,616602,"C:87.2%[S:83.9%,D:3.3%],F:1.5%,M:11.3%,n:5295",87.2,"0.2.13",52,76.9231,"proto"
"Corbicula_japonica","GCA_038501625.1","Mollusca",76.92,616602,"C:87.2%[S:83.9%,D:3.3%],F:1.5%,M:11.3%,n:5295",87.2,"0.2.13",52,76.9231,"proto"
"Watsonalla_binaria","GCA_929442735.1","Lepidoptera",71.64,11581856,"C:94.1%[S:91.7%,D:2.4%],F:2.5%,M:3.4%,n:5286",94.1,"0.2.13",67,77.4194,"proto"
"Phoxinus_phoxinus","GCA_949152265.1","Clupeocephala",81.58,1988965,"C:95.7%[S:94.2%,D:1.5%],F:1.1%,M:3.2%,n:3640",95.7,"0.2.13",114,92.0792,"deutero"
"Pomphorhynchus_laevis","GCA_012934845.2","Lophotrochozoa",6.12,126570,"C:54.1%[S:51.4%,D:2.7%],F:5.7%,M:40.2%,n:954",54.1,"0.2.13",49,6.12245,"proto"
"Homo_sapiens","GCA_018467005.1","Catarrhini",74.29,58491195,"C:95.7%[S:94.9%,D:0.8%],F:0.2%,M:4.1%,n:13780",95.7,"0.2.13",245,87.5,"deutero"
"Udea_ferrugalis","GCA_950022945.1","Lepidoptera",74.63,3789399,"C:92.6%[S:88.6%,D:4.0%],F:2.7%,M:4.7%,n:5286",92.6,"0.2.13",67,80.6452,"proto"
"Sus_scrofa","GCA_018555405.1","Laurasiatheria",76.5,24612887,"C:95.5%[S:94.8%,D:0.7%],F:1.3%,M:3.2%,n:13335",95.5,"0.2.13",217,87.3684,"deutero"
"Bemisia_tabaci","GCA_918797505.1","Neoptera",64.52,1927910,"C:94.7%[S:92.4%,D:2.3%],F:0.9%,M:4.4%,n:2510",94.7,"0.2.13",62,67.7966,"proto"
"Larus_fuscus","GCA_963932225.1","Neoaves",84.5,3570916,"C:95.8%[S:95.5%,D:0.3%],F:1.1%,M:3.1%,n:8338",95.8,"0.2.13",129,95.614,"deutero"
"Hypomesus_transpacificus","GCA_021917145.1","Clupeocephala",74.56,412669,"C:88.3%[S:86.2%,D:2.1%],F:2.1%,M:9.6%,n:3640",88.3,"0.2.13",114,84.1584,"deutero"
"Crioceris_asparagi","GCA_958507055.1","Endopterygota",71.88,5465325,"C:94.5%[S:89.5%,D:5.0%],F:2.5%,M:3.0%,n:2124",94.5,"0.2.13",64,75.4098,"proto"
"Eupithecia_inturbata","GCA_963662085.1","Lepidoptera",68.66,9914000,"C:94.4%[S:93.8%,D:0.6%],F:1.4%,M:4.2%,n:5286",94.4,"0.2.13",67,74.1935,"proto"
"Acentria_ephemerella","GCA_943193645.1","Lepidoptera",73.13,12251206,"C:91.2%[S:88.9%,D:2.3%],F:3.5%,M:5.3%,n:5286",91.2,"0.2.13",67,79.0323,"proto"
"Bombylius_discolor","GCA_939192795.1","Diptera",73.13,7369845,"C:95.3%[S:94.4%,D:0.9%],F:0.5%,M:4.2%,n:3285",95.3,"0.2.13",67,79.0323,"proto"
"Sus_scrofa","GCA_015776825.1","Laurasiatheria",76.5,4265198,"C:90.6%[S:90.2%,D:0.4%],F:2.2%,M:7.2%,n:13335",90.6,"0.2.13",217,87.3684,"deutero"
"Chiroxiphia_lanceolata","GCA_009829145.1","Neoaves",81.4,18496167,"C:90.7%[S:90.3%,D:0.4%],F:1.9%,M:7.4%,n:10844",90.7,"0.2.13",129,92.1053,"deutero"
"Epinotia_brunnichana","GCA_963854355.1","Lepidoptera",73.13,11907979,"C:92.4%[S:90.8%,D:1.6%],F:2.1%,M:5.5%,n:5286",92.4,"0.2.13",67,79.0323,"proto"
"Gasterosteus_aculeatus_aculeatus","GCA_016920845.1","Clupeocephala",82.46,485752,"C:94.7%[S:92.0%,D:2.7%],F:2.3%,M:3.0%,n:3640",94.7,"0.2.13",114,93.0693,"deutero"
"Cheilosia_soror","GCA_948107745.1","Diptera",73.13,4250975,"C:96.0%[S:95.5%,D:0.5%],F:0.8%,M:3.2%,n:3285",96,"0.2.13",67,79.0323,"proto"
"Salvelinus_namaycush","GCA_016432855.1","Clupeocephala",82.46,1804090,"C:92.9%[S:53.4%,D:39.5%],F:2.5%,M:4.6%,n:3640",92.9,"0.2.13",114,93.0693,"deutero"
"Pollenia_labialis","GCA_949318255.1","Diptera",70.15,4568754,"C:94.2%[S:86.1%,D:8.1%],F:3.8%,M:2.0%,n:3285",94.2,"0.2.13",67,75.8065,"proto"
"Chanodichthys_erythropterus","GCA_024489055.1","Clupeocephala",83.33,23286394,"C:95.4%[S:93.8%,D:1.6%],F:0.8%,M:3.8%,n:3640",95.4,"0.2.13",114,94.0594,"deutero"
"Phocoena_phocoena","GCA_963924675.1","Laurasiatheria",79.26,3726689,"C:93.6%[S:92.7%,D:0.9%],F:0.9%,M:5.5%,n:13335",93.6,"0.2.13",217,90.5263,"deutero"
"Tachina_lurida","GCA_944452675.1","Diptera",70.15,3838872,"C:96.8%[S:95.9%,D:0.9%],F:0.9%,M:2.3%,n:3285",96.8,"0.2.13",67,75.8065,"proto"
"Lymnaea_stagnalis","GCA_964033795.1","Mollusca",78.85,5479,"C:94.5%[S:93.0%,D:1.5%],F:1.3%,M:4.2%,n:5295",94.5,"0.2.13",52,78.8462,"proto"
"Lymnaea_stagnalis","GCA_964033795.1","Mollusca",78.85,5479,"C:94.5%[S:93.0%,D:1.5%],F:1.3%,M:4.2%,n:5295",94.5,"0.2.13",52,78.8462,"proto"
"Lymnaea_stagnalis","GCA_964033795.1","Mollusca",78.85,5479,"C:94.5%[S:93.0%,D:1.5%],F:1.3%,M:4.2%,n:5295",94.5,"0.2.13",52,78.8462,"proto"
"Lymnaea_stagnalis","GCA_964033795.1","Mollusca",78.85,5479,"C:94.5%[S:93.0%,D:1.5%],F:1.3%,M:4.2%,n:5295",94.5,"0.2.13",52,78.8462,"proto"
"Ostrinia_nubilalis","GCA_963855985.1","Lepidoptera",71.64,15546852,"C:94.0%[S:93.4%,D:0.6%],F:2.1%,M:3.9%,n:5286",94,"0.2.13",67,77.4194,"proto"
"Pomacea_maculata","GCA_004794325.1","Mollusca",75,75997,"C:90.3%[S:89.1%,D:1.2%],F:1.6%,M:8.1%,n:5295",90.3,"0.2.13",52,75,"proto"
"Pomacea_maculata","GCA_004794325.1","Mollusca",75,75997,"C:90.3%[S:89.1%,D:1.2%],F:1.6%,M:8.1%,n:5295",90.3,"0.2.13",52,75,"proto"
"Pomacea_maculata","GCA_004794325.1","Mollusca",75,75997,"C:90.3%[S:89.1%,D:1.2%],F:1.6%,M:8.1%,n:5295",90.3,"0.2.13",52,75,"proto"
"Pomacea_maculata","GCA_004794325.1","Mollusca",75,75997,"C:90.3%[S:89.1%,D:1.2%],F:1.6%,M:8.1%,n:5295",90.3,"0.2.13",52,75,"proto"
"Homo_sapiens","GCA_018472865.1","Catarrhini",84.49,60487953,"C:99.0%[S:98.4%,D:0.6%],F:0.2%,M:0.8%,n:13780",99,"0.2.13",245,99.5192,"deutero"
"Mesocricetus_auratus","GCA_017639785.1","Glires",70.91,9471653,"C:92.9%[S:92.0%,D:0.9%],F:1.5%,M:5.6%,n:12692",92.9,"0.2.13",220,81.6754,"deutero"
"Homo_sapiens","GCA_018471085.1","Catarrhini",84.49,35806063,"C:98.8%[S:98.4%,D:0.4%],F:0.2%,M:1.0%,n:13780",98.8,"0.2.13",245,99.5192,"deutero"
"Capra_hircus","GCA_015443085.1","Laurasiatheria",78.8,46208332,"C:95.8%[S:94.7%,D:1.1%],F:1.4%,M:2.8%,n:13335",95.8,"0.2.13",217,90,"deutero"
"Amblyjoppa_fuscipennis","GCA_963575735.1","Endopterygota",67.19,2863282,"C:92.0%[S:91.6%,D:0.4%],F:2.8%,M:5.2%,n:5991",92,"0.2.13",64,70.4918,"proto"
"Melinaea_marsaeus_rileyi","GCA_918358865.1","Lepidoptera",71.64,34574251,"C:96.0%[S:95.2%,D:0.8%],F:0.5%,M:3.5%,n:5286",96,"0.2.13",67,77.4194,"proto"
"Gadus_morhua","GCA_010882105.1","Clupeocephala",84.21,10559872,"C:90.5%[S:89.2%,D:1.3%],F:3.8%,M:5.7%,n:3640",90.5,"0.2.13",114,95.0495,"deutero"
"Eremobia_ochroleuca","GCA_949629135.1","Lepidoptera",64.18,708078,"C:90.6%[S:86.7%,D:3.9%],F:3.3%,M:6.1%,n:5286",90.6,"0.2.13",67,69.3548,"proto"
"Melanotaenia_duboulayi","GCA_026261665.1","Clupeocephala",82.46,11943,"C:96.3%[S:95.6%,D:0.7%],F:1.4%,M:2.3%,n:3640",96.3,"0.2.13",114,93.0693,"deutero"
"Herminia_tarsipennalis","GCA_945859575.2","Lepidoptera",73.13,16015985,"C:94.9%[S:93.6%,D:1.3%],F:1.0%,M:4.1%,n:5286",94.9,"0.2.13",67,79.0323,"proto"
"Synchiropus_splendidus","GCA_027744825.1","Clupeocephala",76.32,26259131,"C:91.2%[S:88.3%,D:2.9%],F:1.6%,M:7.2%,n:3640",91.2,"0.2.13",114,86.1386,"deutero"
"Tinea_semifulvella","GCA_910589255.1","Lepidoptera",70.15,3295679,"C:93.0%[S:91.7%,D:1.3%],F:1.7%,M:5.3%,n:5286",93,"0.2.13",67,75.8065,"proto"
"Lomographa_bimaculata","GCA_948107665.1","Lepidoptera",74.63,14201541,"C:95.4%[S:94.4%,D:1.0%],F:0.8%,M:3.8%,n:5286",95.4,"0.2.13",67,80.6452,"proto"
"Selenia_dentaria","GCA_917880725.1","Lepidoptera",68.66,20086487,"C:92.4%[S:89.7%,D:2.7%],F:3.3%,M:4.3%,n:5286",92.4,"0.2.13",67,74.1935,"proto"
"Bombus_terrestris","GCA_000214255.1","Endopterygota",70.31,76043,"C:91.6%[S:91.4%,D:0.2%],F:3.8%,M:4.6%,n:5991",91.6,"0.2.13",64,73.7705,"proto"
"Strix_aluco","GCA_031877785.1","Neoaves",78.29,13783470,"C:89.5%[S:89.1%,D:0.4%],F:1.4%,M:9.1%,n:8338",89.5,"0.2.13",129,88.5965,"deutero"
"Rhagonycha_fulva","GCA_905340395.1","Endopterygota",71.88,549097,"C:96.2%[S:91.3%,D:4.9%],F:1.1%,M:2.7%,n:2124",96.2,"0.2.13",64,75.4098,"proto"
"Ctenicera_cuprea","GCA_958336395.1","Endopterygota",81.25,2792496,"C:98.0%[S:95.6%,D:2.4%],F:0.7%,M:1.3%,n:2124",98,"0.2.13",64,85.2459,"proto"
"Agrochola_litura","GCA_949152395.1","Lepidoptera",70.15,9417019,"C:94.6%[S:92.2%,D:2.4%],F:2.3%,M:3.1%,n:5286",94.6,"0.2.13",67,75.8065,"proto"
"Mobula_hypostoma","GCA_963921235.1","Chondrichthyes",81.63,23327000,"C:95.7%[S:93.0%,D:2.7%],F:1.0%,M:3.3%,n:3354",95.7,"0.2.13",98,88.8889,"deutero"
"Lophius_americanus","GCA_037951165.1","Clupeocephala",82.46,4555137,"C:91.7%[S:90.1%,D:1.6%],F:3.2%,M:5.1%,n:3640",91.7,"0.2.13",114,93.0693,"deutero"
"Ictalurus_punctatus","GCA_001660625.3","Clupeocephala",78.07,20961409,"C:95.8%[S:94.5%,D:1.3%],F:1.2%,M:3.0%,n:3640",95.8,"0.2.13",114,88.1188,"deutero"
"Bufo_bufo","GCA_905171765.1","Amphibia",80.36,3959750,"C:90.9%[S:89.1%,D:1.8%],F:2.0%,M:7.1%,n:5310",90.9,"0.2.13",112,89.1089,"deutero"
"Agriopis_marginaria","GCA_932301435.1","Lepidoptera",73.13,2550345,"C:96.9%[S:96.0%,D:0.9%],F:0.9%,M:2.2%,n:5286",96.9,"0.2.13",67,79.0323,"proto"
"Amorpha_juglandis","GCA_949126845.1","Lepidoptera",73.13,3409660,"C:93.8%[S:91.3%,D:2.5%],F:2.9%,M:3.3%,n:5286",93.8,"0.2.13",67,79.0323,"proto"
"Amphipoea_lucens","GCA_947507765.1","Lepidoptera",70.15,2295032,"C:94.9%[S:93.8%,D:1.1%],F:1.4%,M:3.7%,n:5286",94.9,"0.2.13",67,75.8065,"proto"
"Nymphalis_urticae","GCA_905147175.1","Lepidoptera",76.12,12914721,"C:96.7%[S:96.3%,D:0.4%],F:0.8%,M:2.5%,n:5286",96.7,"0.2.13",67,82.2581,"proto"
"Myxocyprinus_asiaticus","GCA_019703515.2","Clupeocephala",82.46,35119607,"C:97.6%[S:40.4%,D:57.2%],F:0.7%,M:1.7%,n:3640",97.6,"0.2.13",114,93.0693,"deutero"
"Tinea_trinotella","GCA_905220615.1","Lepidoptera",68.66,13660558,"C:91.4%[S:90.7%,D:0.7%],F:2.3%,M:6.3%,n:5286",91.4,"0.2.13",67,74.1935,"proto"
"Macropis_europaea","GCA_916610135.2","Endopterygota",67.19,8374436,"C:91.6%[S:91.3%,D:0.3%],F:3.0%,M:5.4%,n:5991",91.6,"0.2.13",64,70.4918,"proto"
"Stenoptilia_bipunctidactyla","GCA_944452705.1","Lepidoptera",62.69,1284148,"C:92.5%[S:89.8%,D:2.7%],F:2.9%,M:4.6%,n:5286",92.5,"0.2.13",67,67.7419,"proto"
"Diaphora_mendica","GCA_949125405.1","Lepidoptera",71.64,1101476,"C:94.5%[S:92.9%,D:1.6%],F:1.3%,M:4.2%,n:5286",94.5,"0.2.13",67,77.4194,"proto"
"Lates_calcarifer","GCA_001640805.2","Clupeocephala",85.09,1379868,"C:95.8%[S:92.0%,D:3.8%],F:1.8%,M:2.4%,n:3640",95.8,"0.2.13",114,96.0396,"deutero"
"Gari_tellinella","GCA_922989275.2","Mollusca",82.69,19181371,"C:60.2%[S:58.4%,D:1.8%],F:7.0%,M:32.8%,n:5295",60.2,"0.2.13",52,82.6923,"proto"
"Pediacus_dermestoides","GCA_963942485.1","Endopterygota",75,5783852,"C:97.1%[S:93.5%,D:3.6%],F:1.6%,M:1.3%,n:2124",97.1,"0.2.13",64,78.6885,"proto"
"Esperia_sulphurella","GCA_947086405.1","Lepidoptera",76.12,8224243,"C:90.1%[S:86.5%,D:3.6%],F:3.4%,M:6.5%,n:5286",90.1,"0.2.13",67,82.2581,"proto"
"Phacochoerus_africanus","GCA_016906955.1","Laurasiatheria",76.5,10602503,"C:92.6%[S:92.3%,D:0.3%],F:1.3%,M:6.1%,n:13335",92.6,"0.2.13",217,87.3684,"deutero"
"Bulinus_truncatus","GCA_021962125.1","Mollusca",80.77,234305,"C:85.3%[S:67.7%,D:17.6%],F:2.7%,M:12.0%,n:5295",85.3,"0.2.13",52,80.7692,"proto"
"Archilochus_colubris","GCA_023079485.1","Neoaves",78.29,12033856,"C:94.4%[S:93.6%,D:0.8%],F:1.3%,M:4.3%,n:8338",94.4,"0.2.13",129,88.5965,"deutero"
"Martes_flavigula","GCA_029410595.1","Laurasiatheria",77.42,68603938,"C:96.1%[S:95.4%,D:0.7%],F:0.7%,M:3.2%,n:14502",96.1,"0.2.13",217,88.4211,"deutero"
"Ceramica_pisi","GCA_963859965.1","Lepidoptera",71.64,13539627,"C:94.6%[S:93.7%,D:0.9%],F:1.3%,M:4.1%,n:5286",94.6,"0.2.13",67,77.4194,"proto"
"Homo_sapiens","GCA_042077965.1","Catarrhini",74.29,105451097,"C:95.7%[S:95.1%,D:0.6%],F:0.4%,M:3.9%,n:13780",95.7,"0.2.13",245,87.5,"deutero"
"Perizoma_blandiatum","GCA_964188255.1","Lepidoptera",70.15,2364298,"C:93.6%[S:91.7%,D:1.9%],F:1.6%,M:4.8%,n:5286",93.6,"0.2.13",67,75.8065,"proto"
"Limnoperna_fortunei","GCA_944474755.1","Mollusca",90.38,1498882,"C:92.5%[S:90.8%,D:1.7%],F:1.5%,M:6.0%,n:5295",92.5,"0.2.13",52,90.3846,"proto"
"Yponomeuta_evonymella","GCA_963969515.1","Lepidoptera",67.16,8541679,"C:93.5%[S:92.5%,D:1.0%],F:1.8%,M:4.7%,n:5286",93.5,"0.2.13",67,72.5806,"proto"
"Megachile_ligniseca","GCA_945859555.1","Endopterygota",68.75,14111993,"C:92.3%[S:92.2%,D:0.1%],F:2.8%,M:4.9%,n:5991",92.3,"0.2.13",64,72.1311,"proto"
"Diachrysia_chrysitis","GCA_932294365.1","Lepidoptera",74.63,13322830,"C:95.1%[S:92.7%,D:2.4%],F:1.9%,M:3.0%,n:5286",95.1,"0.2.13",67,80.6452,"proto"
"Rattus_norvegicus","GCA_015227675.2","Muridae",77.12,29198295,"C:96.8%[S:95.2%,D:1.6%],F:0.8%,M:2.4%,n:13798",96.8,"0.2.13",236,87.9227,"deutero"
"Syritta_pipiens","GCA_905147025.1","Diptera",35.82,7810249,"C:95.7%[S:94.9%,D:0.8%],F:0.8%,M:3.5%,n:3285",95.7,"0.2.13",67,38.7097,"proto"
"Ecliptopera_silaceata","GCA_932527185.1","Lepidoptera",67.16,11147889,"C:96.2%[S:94.1%,D:2.1%],F:1.4%,M:2.4%,n:5286",96.2,"0.2.13",67,72.5806,"proto"
"Tridacna_derasa","GCA_963210305.1","Mollusca",84.62,4700035,"C:85.7%[S:84.4%,D:1.3%],F:2.4%,M:11.9%,n:5295",85.7,"0.2.13",52,84.6154,"proto"
"Papio_anubis","GCA_008728515.1","Catarrhini",81.22,1464978,"C:93.2%[S:91.4%,D:1.8%],F:1.1%,M:5.7%,n:13780",93.2,"0.2.13",245,95.6731,"deutero"
"Dryobota_labecula","GCA_947523025.1","Lepidoptera",70.15,10216274,"C:93.2%[S:90.7%,D:2.5%],F:3.1%,M:3.7%,n:5286",93.2,"0.2.13",67,75.8065,"proto"
"Homo_sapiens","GCA_018852595.1","Catarrhini",74.29,19770268,"C:95.7%[S:95.3%,D:0.4%],F:0.2%,M:4.1%,n:13780",95.7,"0.2.13",245,87.5,"deutero"
"Acropora_yongei","GCA_014634225.1","Cnidaria",33.33,45501,"C:88.8%[S:0.4%,D:88.4%],F:5.3%,M:5.9%,n:954",88.8,"0.2.13",3,33.3333,"combined"
"Agriphila_straminella","GCA_950109475.1","Lepidoptera",73.13,3292385,"C:94.8%[S:94.1%,D:0.7%],F:1.2%,M:4.0%,n:5286",94.8,"0.2.13",67,79.0323,"proto"
"Agriphila_geniculea","GCA_943789525.1","Lepidoptera",76.12,7273996,"C:94.0%[S:90.5%,D:3.5%],F:3.1%,M:2.9%,n:5286",94,"0.2.13",67,82.2581,"proto"
"Camptogramma_bilineatum","GCA_958496255.1","Lepidoptera",73.13,16300188,"C:95.5%[S:95.2%,D:0.3%],F:1.0%,M:3.5%,n:5286",95.5,"0.2.13",67,79.0323,"proto"
"Diaperis_boleti","GCA_963583935.1","Endopterygota",79.69,11653919,"C:96.8%[S:87.0%,D:9.8%],F:0.8%,M:2.4%,n:2124",96.8,"0.2.13",64,83.6066,"proto"
"Oryzias_latipes","GCA_002234715.1","Clupeocephala",79.82,1450098,"C:91.5%[S:90.5%,D:1.0%],F:1.6%,M:6.9%,n:3640",91.5,"0.2.13",114,90.099,"deutero"
"Phlogophora_meticulosa","GCA_905147745.1","Lepidoptera",70.15,17289153,"C:94.9%[S:94.4%,D:0.5%],F:1.2%,M:3.9%,n:5286",94.9,"0.2.13",67,75.8065,"proto"
"Luffia_ferchaultella","GCA_949709985.1","Lepidoptera",62.69,1483462,"C:93.1%[S:92.2%,D:0.9%],F:1.4%,M:5.5%,n:5286",93.1,"0.2.13",67,67.7419,"proto"
"Ampullaceana_balthica","GCA_944989445.1","Mollusca",78.85,435188,"C:93.2%[S:91.5%,D:1.7%],F:1.7%,M:5.1%,n:5295",93.2,"0.2.13",52,78.8462,"proto"
"Oncorhynchus_keta","GCA_023373465.1","Clupeocephala",81.58,2022835,"C:97.4%[S:60.3%,D:37.1%],F:1.3%,M:1.3%,n:3640",97.4,"0.2.13",114,92.0792,"deutero"
"Dolichovespula_saxonica","GCA_911387935.1","Endopterygota",65.62,910126,"C:94.9%[S:93.9%,D:1.0%],F:1.2%,M:3.9%,n:5991",94.9,"0.2.13",64,68.8525,"proto"
"Crepidodera_aurea","GCA_949319345.1","Endopterygota",73.44,265917,"C:91.4%[S:86.3%,D:5.1%],F:3.3%,M:5.3%,n:2124",91.4,"0.2.13",64,77.0492,"proto"
"Euschistus_heros","GCA_003667255.1","Neoptera",56.45,2463424,"C:84.7%[S:80.9%,D:3.8%],F:1.3%,M:14.0%,n:2510",84.7,"0.2.13",62,59.322,"proto"
"Micropterus_dolomieu","GCA_021292245.1","Clupeocephala",85.09,46775,"C:95.1%[S:94.2%,D:0.9%],F:2.2%,M:2.7%,n:3640",95.1,"0.2.13",114,96.0396,"deutero"
"Xanthia_togata","GCA_963853775.1","Lepidoptera",73.13,15867659,"C:94.9%[S:94.3%,D:0.6%],F:1.0%,M:4.1%,n:5286",94.9,"0.2.13",67,79.0323,"proto"
"Rhogogaster_chlorosoma","GCA_944452935.1","Endopterygota",70.31,12573238,"C:92.1%[S:89.3%,D:2.8%],F:3.8%,M:4.1%,n:5991",92.1,"0.2.13",64,73.7705,"proto"
"Hemibagrus_wyckioides","GCA_019097595.1","Clupeocephala",78.07,21700000,"C:96.4%[S:95.0%,D:1.4%],F:0.8%,M:2.8%,n:3640",96.4,"0.2.13",114,88.1188,"deutero"
"Eupithecia_abbreviata","GCA_943735975.1","Lepidoptera",67.16,2292704,"C:90.4%[S:88.0%,D:2.4%],F:2.0%,M:7.6%,n:5286",90.4,"0.2.13",67,72.5806,"proto"
"Yponomeuta_plumbellus","GCA_947310845.1","Lepidoptera",70.15,21017000,"C:95.1%[S:94.5%,D:0.6%],F:1.1%,M:3.8%,n:5286",95.1,"0.2.13",67,75.8065,"proto"
"Bombus_vancouverensis_nearcticus","GCA_011952275.1","Endopterygota",71.88,3064919,"C:93.5%[S:93.0%,D:0.5%],F:2.7%,M:3.8%,n:5991",93.5,"0.2.13",64,75.4098,"proto"
"Bombus_vancouverensis_nearcticus","GCA_011952275.1","Endopterygota",71.88,3064919,"C:99.3%[S:98.7%,D:0.6%],F:0.2%,M:0.5%,n:5991",99.3,"0.2.13",64,75.4098,"proto"
"Ischnura_elegans","GCA_921293095.2","Pancrustacea",79.25,13055916,"C:97.7%[S:96.6%,D:1.1%],F:1.1%,M:1.2%,n:1367",97.7,"0.2.13",53,80.7692,"proto"
"Homo_sapiens","GCA_018466835.1","Catarrhini",84.49,57982120,"C:99.0%[S:98.6%,D:0.4%],F:0.2%,M:0.8%,n:13780",99,"0.2.13",245,99.5192,"deutero"
"Acrossocheilus_wenchowensis","GCA_029620275.1","Clupeocephala",83.33,2432960,"C:91.4%[S:82.8%,D:8.6%],F:2.4%,M:6.2%,n:3640",91.4,"0.2.13",114,94.0594,"deutero"
"Hoplodrina_ambigua","GCA_949774945.1","Lepidoptera",70.15,10467176,"C:94.4%[S:90.8%,D:3.6%],F:2.3%,M:3.3%,n:5286",94.4,"0.2.13",67,75.8065,"proto"
"Pheosia_gnoma","GCA_905404125.1","Lepidoptera",71.64,287592,"C:95.1%[S:93.4%,D:1.7%],F:1.0%,M:3.9%,n:5286",95.1,"0.2.13",67,77.4194,"proto"
"Sylvilagus_floridanus","GCA_949820135.1","Glires",77.27,34907720,"C:93.3%[S:92.0%,D:1.3%],F:1.9%,M:4.8%,n:13798",93.3,"0.2.13",220,89.0052,"deutero"
"Ectropis_grisescens","GCA_017562165.1","Lepidoptera",70.15,3108904,"C:96.3%[S:91.4%,D:4.9%],F:1.3%,M:2.4%,n:5286",96.3,"0.2.13",67,75.8065,"proto"
"Sarcophaga_subvicina","GCA_936440885.1","Diptera",65.67,1733181,"C:97.6%[S:96.3%,D:1.3%],F:0.5%,M:1.9%,n:3285",97.6,"0.2.13",67,70.9677,"proto"
"Ovis_aries","GCA_022416775.1","Laurasiatheria",77.42,47602023,"C:95.5%[S:94.1%,D:1.4%],F:1.4%,M:3.1%,n:13335",95.5,"0.2.13",217,88.4211,"deutero"
"Fabriciana_adippe","GCA_905404265.1","Lepidoptera",76.12,15984712,"C:95.7%[S:95.2%,D:0.5%],F:0.8%,M:3.5%,n:5286",95.7,"0.2.13",67,82.2581,"proto"
"Nymphalis_polychloros","GCA_905220585.2","Lepidoptera",74.63,13933406,"C:97.1%[S:96.8%,D:0.3%],F:0.8%,M:2.1%,n:5286",97.1,"0.2.13",67,80.6452,"proto"
"Pemphredon_lugubris","GCA_933228935.1","Endopterygota",65.62,21615587,"C:95.6%[S:95.1%,D:0.5%],F:0.9%,M:3.5%,n:5991",95.6,"0.2.13",64,68.8525,"proto"
"Platichthys_flesus","GCA_949316205.1","Clupeocephala",82.46,2078972,"C:96.2%[S:95.2%,D:1.0%],F:1.0%,M:2.8%,n:3640",96.2,"0.2.13",114,93.0693,"deutero"
"Brachyptera_putata","GCA_907164805.1","Neoptera",74.19,1512184,"C:96.7%[S:95.6%,D:1.1%],F:1.2%,M:2.1%,n:1367",96.7,"0.2.13",62,77.9661,"proto"
"Paralichthys_olivaceus","GCA_024713975.2","Clupeocephala",85.96,24354382,"C:97.1%[S:96.5%,D:0.6%],F:1.1%,M:1.8%,n:3640",97.1,"0.2.13",114,97.0297,"deutero"
"Homo_sapiens","GCA_018472835.1","Catarrhini",74.29,27544339,"C:95.7%[S:95.2%,D:0.5%],F:0.2%,M:4.1%,n:13780",95.7,"0.2.13",245,87.5,"deutero"
"Homo_sapiens","GCA_018472705.1","Catarrhini",74.29,45697985,"C:95.6%[S:95.2%,D:0.4%],F:0.2%,M:4.2%,n:13780",95.6,"0.2.13",245,87.5,"deutero"
"Musotima_nitidalis","GCA_949126915.1","Lepidoptera",71.64,10916885,"C:94.3%[S:91.6%,D:2.7%],F:2.1%,M:3.6%,n:5286",94.3,"0.2.13",67,77.4194,"proto"
"Onchidella_celtica","GCA_963931925.1","Mollusca",86.54,1962700,"C:82.3%[S:81.5%,D:0.8%],F:3.2%,M:14.5%,n:5295",82.3,"0.2.13",52,86.5385,"proto"
"Epinotia_nisella","GCA_932294385.1","Lepidoptera",74.63,6030244,"C:92.5%[S:89.9%,D:2.6%],F:3.1%,M:4.4%,n:5286",92.5,"0.2.13",67,80.6452,"proto"
"Leptoclinus_maculatus","GCA_032191485.1","Clupeocephala",83.33,2413687,"C:93.2%[S:91.3%,D:1.9%],F:2.2%,M:4.6%,n:3640",93.2,"0.2.13",114,94.0594,"deutero"
"Acronicta_psi","GCA_946251955.1","Lepidoptera",73.13,14236034,"C:93.2%[S:91.0%,D:2.2%],F:2.6%,M:4.2%,n:5286",93.2,"0.2.13",67,79.0323,"proto"
"Porites_evermanni","GCA_942486025.1","Cnidaria",0,33681,"C:88.1%[S:0.3%,D:87.8%],F:6.4%,M:5.5%,n:954",88.1,"0.2.13",3,0,"combined"
"Gouania_willdenowi","GCA_900634775.1","Clupeocephala",78.95,1838341,"C:92.3%[S:89.6%,D:2.7%],F:2.0%,M:5.7%,n:3640",92.3,"0.2.13",114,89.1089,"deutero"
"Lynx_canadensis","GCA_007474595.1","Laurasiatheria",77.42,7503561,"C:92.1%[S:91.5%,D:0.6%],F:1.2%,M:6.7%,n:14502",92.1,"0.2.13",217,88.4211,"deutero"
"Capra_hircus","GCA_026652205.1","Laurasiatheria",78.8,42595358,"C:96.6%[S:95.5%,D:1.1%],F:1.2%,M:2.2%,n:13335",96.6,"0.2.13",217,90,"deutero"
"Bathymodiolus_brooksi","GCA_963680875.1","Mollusca",88.46,2892184,"C:88.4%[S:86.6%,D:1.8%],F:2.9%,M:8.7%,n:5295",88.4,"0.2.13",52,88.4615,"proto"
"Aphrophora_alni","GCA_963513935.1","Neoptera",75.81,1334000,"C:96.6%[S:94.8%,D:1.8%],F:1.2%,M:2.2%,n:2510",96.6,"0.2.13",62,79.661,"proto"
"Homo_sapiens","GCA_042077985.1","Catarrhini",84.49,105700205,"C:98.9%[S:98.3%,D:0.6%],F:0.4%,M:0.7%,n:13780",98.9,"0.2.13",245,99.5192,"deutero"
"Chilo_suppressalis","GCA_902850365.1","Lepidoptera",73.13,20357109,"C:89.4%[S:88.9%,D:0.5%],F:0.6%,M:10.0%,n:5286",89.4,"0.2.13",67,79.0323,"proto"
"Lycophotia_porphyrea","GCA_950005105.1","Lepidoptera",70.15,11053919,"C:92.9%[S:89.3%,D:3.6%],F:2.6%,M:4.5%,n:5286",92.9,"0.2.13",67,75.8065,"proto"
"Amblyjoppa_proteus","GCA_963922035.1","Endopterygota",67.19,9747000,"C:92.4%[S:91.9%,D:0.5%],F:2.7%,M:4.9%,n:5991",92.4,"0.2.13",64,70.4918,"proto"
"Homo_sapiens","GCA_042031265.1","Catarrhini",74.29,133697027,"C:95.6%[S:95.1%,D:0.5%],F:0.4%,M:4.0%,n:13780",95.6,"0.2.13",245,87.5,"deutero"
"Agriphila_geniculea","GCA_943789515.1","Lepidoptera",71.64,922356,"C:88.8%[S:85.3%,D:3.5%],F:2.7%,M:8.5%,n:5286",88.8,"0.2.13",67,77.4194,"proto"
"Anaspis_maculata","GCA_949128115.1","Endopterygota",79.69,6778000,"C:91.2%[S:87.5%,D:3.7%],F:3.5%,M:5.3%,n:2124",91.2,"0.2.13",64,83.6066,"proto"
"Homo_sapiens","GCA_042077465.1","Catarrhini",84.49,135052193,"C:98.9%[S:98.3%,D:0.6%],F:0.4%,M:0.7%,n:13780",98.9,"0.2.13",245,99.5192,"deutero"
"Homarus_gammarus","GCA_958450375.1","Pancrustacea",67.92,1641737,"C:97.5%[S:96.1%,D:1.4%],F:1.9%,M:0.6%,n:1013",97.5,"0.2.13",53,69.2308,"proto"
"Crambus_lathoniellus","GCA_949710035.1","Lepidoptera",76.12,3506311,"C:92.9%[S:88.6%,D:4.3%],F:3.6%,M:3.5%,n:5286",92.9,"0.2.13",67,82.2581,"proto"
"Bombus_turneri","GCA_014825825.1","Endopterygota",70.31,442685,"C:93.7%[S:93.4%,D:0.3%],F:2.3%,M:4.0%,n:5991",93.7,"0.2.13",64,73.7705,"proto"
"Ectropis_crepuscularia","GCA_963693475.1","Lepidoptera",68.66,29166000,"C:95.8%[S:94.9%,D:0.9%],F:1.2%,M:3.0%,n:5286",95.8,"0.2.13",67,74.1935,"proto"
"Subacronicta_megacephala","GCA_958496365.1","Lepidoptera",70.15,981990,"C:93.4%[S:89.5%,D:3.9%],F:2.4%,M:4.2%,n:5286",93.4,"0.2.13",67,75.8065,"proto"
"Oryzias_latipes","GCA_947078785.1","Clupeocephala",79.82,1371104,"C:95.6%[S:94.7%,D:0.9%],F:1.7%,M:2.7%,n:3640",95.6,"0.2.13",114,90.099,"deutero"
"Dilophus_febrilis","GCA_958336335.1","Diptera",62.69,1419977,"C:91.8%[S:90.8%,D:1.0%],F:0.9%,M:7.3%,n:3285",91.8,"0.2.13",67,67.7419,"proto"
"Mythimna_separata","GCA_020882275.1","Lepidoptera",71.64,3403396,"C:96.6%[S:95.2%,D:1.4%],F:1.1%,M:2.3%,n:5286",96.6,"0.2.13",67,77.4194,"proto"
"Nowickia_ferox","GCA_936439885.1","Diptera",68.66,35222213,"C:94.9%[S:91.0%,D:3.9%],F:3.0%,M:2.1%,n:3285",94.9,"0.2.13",67,74.1935,"proto"
"Cranoglanis_bouderius","GCA_023630585.1","Clupeocephala",77.19,19474971,"C:96.9%[S:95.1%,D:1.8%],F:1.0%,M:2.1%,n:3640",96.9,"0.2.13",114,87.1287,"deutero"
"Homo_sapiens","GCA_042077015.1","Catarrhini",74.29,135445018,"C:95.6%[S:95.1%,D:0.5%],F:0.4%,M:4.0%,n:13780",95.6,"0.2.13",245,87.5,"deutero"
"Vespula_vulgaris","GCA_905404185.1","Endopterygota",65.62,849164,"C:91.5%[S:90.4%,D:1.1%],F:2.6%,M:5.9%,n:5991",91.5,"0.2.13",64,68.8525,"proto"
"Vespertilio_murinus","GCA_963924515.1","Laurasiatheria",60.37,3319810,"C:96.2%[S:95.0%,D:1.2%],F:0.8%,M:3.0%,n:12234",96.2,"0.2.13",217,68.9474,"deutero"
"Cheilosia_grossa","GCA_963082955.1","Diptera",76.12,5391216,"C:94.8%[S:86.3%,D:8.5%],F:1.5%,M:3.7%,n:3285",94.8,"0.2.13",67,82.2581,"proto"
"Homo_sapiens","GCA_018505825.1","Catarrhini",84.49,23115113,"C:98.9%[S:98.5%,D:0.4%],F:0.2%,M:0.9%,n:13780",98.9,"0.2.13",245,99.5192,"deutero"
"Hylaea_fasciaria","GCA_905147375.1","Lepidoptera",71.64,11053481,"C:90.7%[S:88.5%,D:2.2%],F:3.0%,M:6.3%,n:5286",90.7,"0.2.13",67,77.4194,"proto"
"Biston_betularia","GCA_905404145.2","Lepidoptera",74.63,14013682,"C:97.2%[S:96.7%,D:0.5%],F:1.0%,M:1.8%,n:5286",97.2,"0.2.13",67,80.6452,"proto"
"Ovis_aries","GCA_022538005.1","Laurasiatheria",77.88,68301688,"C:95.6%[S:93.9%,D:1.7%],F:1.4%,M:3.0%,n:13335",95.6,"0.2.13",217,88.9474,"deutero"
"Ovis_aries","GCA_016772045.1","Laurasiatheria",77.88,43178051,"C:96.8%[S:95.8%,D:1.0%],F:1.1%,M:2.1%,n:12234",96.8,"0.2.13",217,88.9474,"deutero"
"Homo_sapiens","GCA_018504065.1","Catarrhini",84.49,22438397,"C:98.9%[S:98.6%,D:0.3%],F:0.2%,M:0.9%,n:13780",98.9,"0.2.13",245,99.5192,"deutero"
"Spodoptera_litura","GCA_002706865.3","Lepidoptera",71.64,68785,"C:96.4%[S:95.5%,D:0.9%],F:0.8%,M:2.8%,n:5286",96.4,"0.2.13",67,77.4194,"proto"
"Rutpela_maculata","GCA_936432065.2","Endopterygota",78.12,4272090,"C:96.2%[S:94.5%,D:1.7%],F:2.3%,M:1.5%,n:2124",96.2,"0.2.13",64,81.9672,"proto"
"Chloroclysta_siterata","GCA_932294285.1","Lepidoptera",68.66,6796109,"C:97.0%[S:96.5%,D:0.5%],F:1.0%,M:2.0%,n:5286",97,"0.2.13",67,74.1935,"proto"
"Engraulis_encrasicolus","GCA_034702125.1","Clupeocephala",78.07,1448200,"C:90.8%[S:88.0%,D:2.8%],F:2.0%,M:7.2%,n:3640",90.8,"0.2.13",114,88.1188,"deutero"
"Sparus_aurata","GCA_900880675.2","Clupeocephala",85.09,2862625,"C:91.5%[S:89.6%,D:1.9%],F:1.1%,M:7.4%,n:3640",91.5,"0.2.13",114,96.0396,"deutero"
"Planococcus_citri","GCA_950023065.1","Neoptera",59.68,23636000,"C:95.1%[S:86.7%,D:8.4%],F:0.4%,M:4.5%,n:2510",95.1,"0.2.13",62,62.7119,"proto"
"Carassius_carassius","GCA_963082965.1","Clupeocephala",83.33,3822391,"C:96.3%[S:43.0%,D:53.3%],F:0.5%,M:3.2%,n:3640",96.3,"0.2.13",114,94.0594,"deutero"
"Pocillopora_verrucosa","GCA_014529365.1","Cnidaria",33.33,75683,"C:94.2%[S:91.7%,D:2.5%],F:2.8%,M:3.0%,n:954",94.2,"0.2.13",3,33.3333,"combined"
"Poecilus_cupreus","GCA_963942605.1","Endopterygota",75,4481000,"C:95.7%[S:94.6%,D:1.1%],F:0.7%,M:3.6%,n:2124",95.7,"0.2.13",64,78.6885,"proto"
"Nomascus_leucogenys","GCA_006542625.1","Catarrhini",78.37,12782853,"C:95.8%[S:95.0%,D:0.8%],F:0.9%,M:3.3%,n:13780",95.8,"0.2.13",245,92.3077,"deutero"
"Pararge_aegeria","GCA_905163445.1","Lepidoptera",74.63,19375358,"C:96.4%[S:96.0%,D:0.4%],F:0.7%,M:2.9%,n:5286",96.4,"0.2.13",67,80.6452,"proto"
"Cryptocephalus_moraei","GCA_946251905.1","Endopterygota",71.88,9642473,"C:97.3%[S:95.9%,D:1.4%],F:0.8%,M:1.9%,n:2124",97.3,"0.2.13",64,75.4098,"proto"
"Carterocephalus_palaemon","GCA_944567795.1","Lepidoptera",65.67,1715018,"C:78.4%[S:75.5%,D:2.9%],F:3.8%,M:17.8%,n:5286",78.4,"0.2.13",67,70.9677,"proto"
"Microctonus_aethiopoides","GCA_030347275.1","Endopterygota",67.19,27576,"C:94.0%[S:93.4%,D:0.6%],F:1.6%,M:4.4%,n:5991",94,"0.2.13",64,70.4918,"proto"
"Lomographa_temerata","GCA_964199915.1","Lepidoptera",70.15,8235691,"C:90.7%[S:89.6%,D:1.1%],F:2.8%,M:6.5%,n:5286",90.7,"0.2.13",67,75.8065,"proto"
"Acronicta_aceris","GCA_910591495.2","Lepidoptera",67.16,932476,"C:84.2%[S:81.7%,D:2.5%],F:2.7%,M:13.1%,n:5286",84.2,"0.2.13",67,72.5806,"proto"
"Micropterix_aruncella","GCA_944547385.1","Lepidoptera",55.22,124179,"C:70.6%[S:68.3%,D:2.3%],F:3.0%,M:26.4%,n:5286",70.6,"0.2.13",67,59.6774,"proto"
"Sthenelais_limicola","GCA_942159475.1","Annelida",68.75,10232024,"C:97.1%[S:96.1%,D:1.0%],F:1.6%,M:1.3%,n:954",97.1,"0.2.13",64,68.75,"proto"
"Dryobotodes_eremita","GCA_917490735.1","Lepidoptera",70.15,22620483,"C:93.3%[S:90.9%,D:2.4%],F:2.8%,M:3.9%,n:5286",93.3,"0.2.13",67,75.8065,"proto"
"Brachylomia_viminalis","GCA_937001565.1","Lepidoptera",65.67,1513646,"C:89.3%[S:86.7%,D:2.6%],F:2.9%,M:7.8%,n:5286",89.3,"0.2.13",67,70.9677,"proto"
"Apotomis_betuletana","GCA_932273695.1","Lepidoptera",74.63,12393000,"C:93.7%[S:90.8%,D:2.9%],F:2.9%,M:3.4%,n:5286",93.7,"0.2.13",67,80.6452,"proto"
"Alviniconcha_marisindica","GCA_018857735.1","Mollusca",80.77,727552,"C:85.9%[S:84.9%,D:1.0%],F:2.6%,M:11.5%,n:5295",85.9,"0.2.13",52,80.7692,"proto"
"Cancer_borealis","GCA_036785275.1","Pancrustacea",62.26,53939,"C:88.9%[S:85.1%,D:3.8%],F:3.7%,M:7.4%,n:1013",88.9,"0.2.13",53,63.4615,"proto"
"Biomphalaria_glabrata","GCA_947242115.1","Mollusca",76.92,10774472,"C:96.5%[S:95.5%,D:1.0%],F:0.9%,M:2.6%,n:5295",96.5,"0.2.13",52,76.9231,"proto"
"Brenthis_ino","GCA_921882275.1","Lepidoptera",76.12,9585547,"C:96.4%[S:94.5%,D:1.9%],F:1.9%,M:1.7%,n:5286",96.4,"0.2.13",67,82.2581,"proto"
"Beris_chalybata","GCA_949128065.1","Diptera",67.16,12861354,"C:93.2%[S:85.6%,D:7.6%],F:2.4%,M:4.4%,n:3285",93.2,"0.2.13",67,72.5806,"proto"
"Zeuzera_pyrina","GCA_907165235.1","Lepidoptera",71.64,23452699,"C:90.2%[S:87.9%,D:2.3%],F:4.2%,M:5.6%,n:5286",90.2,"0.2.13",67,77.4194,"proto"
"Suillia_variegata","GCA_949127995.1","Diptera",73.13,2752696,"C:96.7%[S:86.8%,D:9.9%],F:1.3%,M:2.0%,n:3285",96.7,"0.2.13",67,79.0323,"proto"
"Anguilla_japonica","GCA_025169545.1","Neopterygii",81.98,21484275,"C:91.7%[S:83.3%,D:8.4%],F:3.1%,M:5.2%,n:3640",91.7,"0.2.13",111,92.8571,"deutero"
"Phragmatobia_fuliginosa","GCA_932526445.1","Lepidoptera",74.63,14057552,"C:97.2%[S:96.1%,D:1.1%],F:0.7%,M:2.1%,n:5286",97.2,"0.2.13",67,80.6452,"proto"
"Moxostoma_hubbsi","GCA_032164185.1","Clupeocephala",81.58,32686730,"C:97.9%[S:48.3%,D:49.6%],F:0.5%,M:1.6%,n:3640",97.9,"0.2.13",114,92.0792,"deutero"
"Agelastica_alni","GCA_950111635.1","Endopterygota",75,4545743,"C:97.5%[S:95.9%,D:1.6%],F:0.6%,M:1.9%,n:2124",97.5,"0.2.13",64,78.6885,"proto"
"Acropora_acuminata","GCA_014633975.1","Cnidaria",33.33,51873,"C:91.9%[S:88.7%,D:3.2%],F:2.2%,M:5.9%,n:954",91.9,"0.2.13",3,33.3333,"combined"
"Bombus_hortorum","GCA_905332935.1","Endopterygota",70.31,10578496,"C:93.9%[S:93.7%,D:0.2%],F:2.5%,M:3.6%,n:5991",93.9,"0.2.13",64,73.7705,"proto"
"Cantharis_flavilabris","GCA_949152465.1","Endopterygota",70.31,10505090,"C:97.8%[S:91.4%,D:6.4%],F:1.1%,M:1.1%,n:2124",97.8,"0.2.13",64,73.7705,"proto"
"Homo_sapiens","GCA_042076545.1","Catarrhini",84.49,106929703,"C:98.5%[S:97.9%,D:0.6%],F:0.4%,M:1.1%,n:13780",98.5,"0.2.13",245,99.5192,"deutero"
"Microctonus_brassicae","GCA_940306215.1","Endopterygota",67.19,4630922,"C:93.7%[S:90.2%,D:3.5%],F:2.1%,M:4.2%,n:5991",93.7,"0.2.13",64,70.4918,"proto"
"Thera_obeliscata","GCA_947581545.1","Lepidoptera",71.64,2639505,"C:95.0%[S:94.1%,D:0.9%],F:0.9%,M:4.1%,n:5286",95,"0.2.13",67,77.4194,"proto"
"Drepana_falcataria","GCA_945859695.1","Lepidoptera",73.13,5205332,"C:95.5%[S:94.9%,D:0.6%],F:1.2%,M:3.3%,n:5286",95.5,"0.2.13",67,79.0323,"proto"
"Onychomys_torridus","GCA_949787125.1","Glires",71.36,2287010,"C:95.5%[S:94.8%,D:0.7%],F:1.1%,M:3.4%,n:13798",95.5,"0.2.13",220,82.199,"deutero"
"Ecliptopera_silaceata","GCA_932527285.1","Lepidoptera",67.16,3934594,"C:95.6%[S:93.2%,D:2.4%],F:1.7%,M:2.7%,n:5286",95.6,"0.2.13",67,72.5806,"proto"
"Halyzia_sedecimguttata","GCA_937662695.2","Endopterygota",68.75,14028202,"C:90.5%[S:86.3%,D:4.2%],F:4.5%,M:5.0%,n:2124",90.5,"0.2.13",64,72.1311,"proto"
"Oligia_latruncula","GCA_948474745.1","Lepidoptera",70.15,9599730,"C:93.8%[S:90.0%,D:3.8%],F:2.4%,M:3.8%,n:5286",93.8,"0.2.13",67,75.8065,"proto"
"Canis_lupus_familiaris","GCA_008641055.3","Laurasiatheria",82.95,20914347,"C:94.1%[S:92.5%,D:1.6%],F:1.0%,M:4.9%,n:14502",94.1,"0.2.13",217,94.7368,"deutero"
"Thaleichthys_pacificus","GCA_023658055.1","Clupeocephala",79.82,928839,"C:91.9%[S:89.6%,D:2.3%],F:2.8%,M:5.3%,n:3640",91.9,"0.2.13",114,90.099,"deutero"
"Xestia_xanthographa","GCA_905147755.1","Lepidoptera",70.15,2208737,"C:92.2%[S:91.3%,D:0.9%],F:1.1%,M:6.7%,n:5286",92.2,"0.2.13",67,75.8065,"proto"
"Philonthus_cognatus","GCA_932526585.2","Endopterygota",75,29486216,"C:97.1%[S:94.9%,D:2.2%],F:1.3%,M:1.6%,n:2124",97.1,"0.2.13",64,78.6885,"proto"
"Anas_platyrhynchos","GCA_015476345.1","Neognathae",78.12,5679408,"C:94.8%[S:93.8%,D:1.0%],F:1.9%,M:3.3%,n:8338",94.8,"0.2.13",128,88.4956,"deutero"
"Aplocera_efformata","GCA_921293035.1","Lepidoptera",58.21,2280523,"C:72.5%[S:71.9%,D:0.6%],F:1.1%,M:26.4%,n:5286",72.5,"0.2.13",67,62.9032,"proto"
"Calypte_anna","GCA_003957555.2","Neoaves",78.29,14522327,"C:93.2%[S:92.7%,D:0.5%],F:1.7%,M:5.1%,n:8338",93.2,"0.2.13",129,88.5965,"deutero"
"Emmelina_monodactyla","GCA_916618085.2","Lepidoptera",46.27,3543154,"C:80.3%[S:79.2%,D:1.1%],F:1.1%,M:18.6%,n:5286",80.3,"0.2.13",67,50,"proto"
"Endotricha_flammealis","GCA_905160925.1","Lepidoptera",74.63,509714,"C:89.2%[S:85.4%,D:3.8%],F:2.4%,M:8.4%,n:5286",89.2,"0.2.13",67,80.6452,"proto"
"Cheilosia_vulpina","GCA_916610195.1","Diptera",73.13,1331306,"C:89.0%[S:84.7%,D:4.3%],F:2.2%,M:8.8%,n:3285",89,"0.2.13",67,79.0323,"proto"
"Cosmia_pyralina","GCA_946251885.1","Lepidoptera",70.15,9434096,"C:93.4%[S:90.6%,D:2.8%],F:3.0%,M:3.6%,n:5286",93.4,"0.2.13",67,75.8065,"proto"
"Calliopum_simillimum","GCA_951812925.1","Diptera",71.64,1796794,"C:94.9%[S:85.1%,D:9.8%],F:2.3%,M:2.8%,n:3285",94.9,"0.2.13",67,77.4194,"proto"
"Apotomis_capreana","GCA_947623195.1","Lepidoptera",73.13,971924,"C:90.8%[S:86.1%,D:4.7%],F:2.5%,M:6.7%,n:5286",90.8,"0.2.13",67,79.0323,"proto"
"Leucozona_laternaria","GCA_932273905.1","Diptera",77.61,587281,"C:94.6%[S:93.5%,D:1.1%],F:1.3%,M:4.1%,n:3285",94.6,"0.2.13",67,83.871,"proto"
"Idaea_aversata","GCA_907269075.1","Lepidoptera",71.64,14903667,"C:93.7%[S:93.2%,D:0.5%],F:1.8%,M:4.5%,n:5286",93.7,"0.2.13",67,77.4194,"proto"
"Silurus_meridionalis","GCA_023972475.1","Clupeocephala",78.07,109837,"C:95.5%[S:94.2%,D:1.3%],F:1.4%,M:3.1%,n:3640",95.5,"0.2.13",114,88.1188,"deutero"
"Lamellibrachia_columna","GCA_963662155.1","Annelida",62.5,1934533,"C:96.4%[S:95.4%,D:1.0%],F:2.1%,M:1.5%,n:954",96.4,"0.2.13",64,62.5,"proto"
"Choloepus_didactylus","GCA_015220235.1","Eutheria",72.09,20994632,"C:94.9%[S:91.1%,D:3.8%],F:1.1%,M:4.0%,n:11366",94.9,"0.2.13",215,82.4468,"deutero"
"Deilephila_porcellus","GCA_905220455.2","Lepidoptera",71.64,14884985,"C:93.7%[S:91.7%,D:2.0%],F:2.4%,M:3.9%,n:5286",93.7,"0.2.13",67,77.4194,"proto"
"Strigamia_acuminata","GCA_949358305.1","Arthropoda",91.67,1815963,"C:95.2%[S:90.8%,D:4.4%],F:2.0%,M:2.8%,n:1013",95.2,"0.2.13",48,93.617,"proto"
"Diaphora_mendica","GCA_949125395.1","Lepidoptera",71.64,12739191,"C:95.3%[S:93.8%,D:1.5%],F:1.0%,M:3.7%,n:5286",95.3,"0.2.13",67,77.4194,"proto"
"Sternotherus_odoratus","GCA_032164245.1","Archelosauria",86.44,17031157,"C:92.2%[S:91.3%,D:0.9%],F:1.1%,M:6.7%,n:7480",92.2,"0.2.13",118,95.3271,"deutero"
"Bibio_marci","GCA_910594895.1","Diptera",65.67,2979294,"C:92.3%[S:90.8%,D:1.5%],F:0.6%,M:7.1%,n:3285",92.3,"0.2.13",67,70.9677,"proto"
"Ceratotherium_simum_simum","GCA_023653735.1","Laurasiatheria",81.11,50391373,"C:97.8%[S:97.0%,D:0.8%],F:0.8%,M:1.4%,n:12234",97.8,"0.2.13",217,92.6316,"deutero"
"Hipparchia_semele","GCA_933228805.2","Lepidoptera",73.13,14523314,"C:93.5%[S:91.5%,D:2.0%],F:2.1%,M:4.4%,n:5286",93.5,"0.2.13",67,79.0323,"proto"
"Homo_sapiens","GCA_018470465.1","Catarrhini",84.49,29113777,"C:98.9%[S:98.2%,D:0.7%],F:0.2%,M:0.9%,n:13780",98.9,"0.2.13",245,99.5192,"deutero"
"Autographa_pulchrina","GCA_905475435.1","Lepidoptera",71.64,6280402,"C:92.6%[S:90.2%,D:2.4%],F:0.8%,M:6.6%,n:5286",92.6,"0.2.13",67,77.4194,"proto"
"Ypsolopha_sequella","GCA_934047225.1","Lepidoptera",71.64,20841000,"C:92.8%[S:89.5%,D:3.3%],F:3.2%,M:4.0%,n:5286",92.8,"0.2.13",67,77.4194,"proto"
"Ovis_aries","GCA_011170295.1","Laurasiatheria",77.42,8699377,"C:95.4%[S:93.7%,D:1.7%],F:1.5%,M:3.1%,n:13335",95.4,"0.2.13",217,88.4211,"deutero"
"Bombus_waltoni","GCA_014737395.1","Endopterygota",70.31,1152409,"C:93.9%[S:93.7%,D:0.2%],F:2.3%,M:3.8%,n:5991",93.9,"0.2.13",64,73.7705,"proto"
"Lithophane_leautieri","GCA_949152455.1","Lepidoptera",70.15,9651505,"C:95.1%[S:94.5%,D:0.6%],F:1.0%,M:3.9%,n:5286",95.1,"0.2.13",67,75.8065,"proto"
"Metridium_senile","GCA_949775045.1","Cnidaria",0,1819000,"C:96.1%[S:95.5%,D:0.6%],F:1.2%,M:2.7%,n:954",96.1,"0.2.13",3,0,"combined"
"Martes_martes","GCA_963455335.1","Laurasiatheria",77.42,1599794,"C:95.7%[S:95.0%,D:0.7%],F:0.9%,M:3.4%,n:14502",95.7,"0.2.13",217,88.4211,"deutero"
"Artibeus_jamaicensis","GCA_014825515.1","Laurasiatheria",65.44,374929,"C:94.0%[S:93.2%,D:0.8%],F:1.8%,M:4.2%,n:12234",94,"0.2.13",217,74.7368,"deutero"
"Synanthedon_myopaeformis","GCA_944738685.1","Lepidoptera",71.64,10360151,"C:93.6%[S:91.2%,D:2.4%],F:2.3%,M:4.1%,n:5286",93.6,"0.2.13",67,77.4194,"proto"
"Xanthostigma_xanthostigma","GCA_963575645.1","Endopterygota",81.25,18004000,"C:95.6%[S:94.6%,D:1.0%],F:2.2%,M:2.2%,n:2124",95.6,"0.2.13",64,85.2459,"proto"
"Crambus_lathoniellus","GCA_949710025.1","Lepidoptera",76.12,605282,"C:91.0%[S:86.0%,D:5.0%],F:4.0%,M:5.0%,n:5286",91,"0.2.13",67,82.2581,"proto"
"Puffinus_mauretanicus","GCA_023333565.1","Neoaves",84.5,2082814,"C:91.7%[S:91.3%,D:0.4%],F:2.4%,M:5.9%,n:8338",91.7,"0.2.13",129,95.614,"deutero"
"Eristalis_tenax","GCA_905231855.2","Diptera",73.13,6649640,"C:96.3%[S:95.5%,D:0.8%],F:0.6%,M:3.1%,n:3285",96.3,"0.2.13",67,79.0323,"proto"
"Gallus_gallus","GCA_016700215.2","Neognathae",81.25,17744542,"C:97.3%[S:96.9%,D:0.4%],F:0.9%,M:1.8%,n:8338",97.3,"0.2.13",128,92.0354,"deutero"
"Agonopterix_subpropinquella","GCA_922987765.1","Lepidoptera",73.13,1661456,"C:93.0%[S:90.1%,D:2.9%],F:3.5%,M:3.5%,n:5286",93,"0.2.13",67,79.0323,"proto"
"Phalera_bucephala","GCA_905147815.2","Lepidoptera",73.13,8469804,"C:97.1%[S:96.2%,D:0.9%],F:0.9%,M:2.0%,n:5286",97.1,"0.2.13",67,79.0323,"proto"
"Nycticebus_coucang","GCA_027406575.1","Euarchontoglires",75.8,41197715,"C:93.8%[S:91.7%,D:2.1%],F:0.8%,M:5.4%,n:13780",93.8,"0.2.13",219,87.3684,"deutero"
"Sardina_pilchardus","GCA_963854185.1","Clupeocephala",78.07,1117303,"C:95.2%[S:92.8%,D:2.4%],F:1.1%,M:3.7%,n:3640",95.2,"0.2.13",114,88.1188,"deutero"
"Apomyelois_bistriatella","GCA_947044815.1","Lepidoptera",76.12,13351333,"C:95.0%[S:92.7%,D:2.3%],F:2.1%,M:2.9%,n:5286",95,"0.2.13",67,82.2581,"proto"
"Thera_firmata","GCA_964188155.1","Lepidoptera",70.15,1739776,"C:93.1%[S:92.1%,D:1.0%],F:2.1%,M:4.8%,n:5286",93.1,"0.2.13",67,75.8065,"proto"
"Homo_sapiens","GCA_018469425.1","Catarrhini",84.08,44773628,"C:99.0%[S:98.4%,D:0.6%],F:0.2%,M:0.8%,n:13780",99,"0.2.13",245,99.0385,"deutero"
"Zygaena_filipendulae","GCA_907165275.2","Lepidoptera",67.16,12640274,"C:96.8%[S:96.3%,D:0.5%],F:0.7%,M:2.5%,n:5286",96.8,"0.2.13",67,72.5806,"proto"
"Oligia_fasciuncula","GCA_963082905.1","Lepidoptera",70.15,11923736,"C:93.5%[S:89.4%,D:4.1%],F:3.0%,M:3.5%,n:5286",93.5,"0.2.13",67,75.8065,"proto"
"Microctonus_aethiopoides","GCA_030272655.1","Endopterygota",67.19,8558,"C:85.9%[S:85.4%,D:0.5%],F:5.6%,M:8.5%,n:5991",85.9,"0.2.13",64,70.4918,"proto"
"Onychomys_arenicola","GCA_949786405.1","Glires",72.27,26219289,"C:97.3%[S:96.6%,D:0.7%],F:0.6%,M:2.1%,n:13798",97.3,"0.2.13",220,83.2461,"deutero"
"Megalobrama_amblycephala","GCA_018812025.1","Clupeocephala",83.33,2576066,"C:96.3%[S:94.5%,D:1.8%],F:1.2%,M:2.5%,n:3640",96.3,"0.2.13",114,94.0594,"deutero"
"Pampus_argenteus","GCA_036321115.1","Clupeocephala",85.09,20443437,"C:96.8%[S:96.0%,D:0.8%],F:0.8%,M:2.4%,n:3640",96.8,"0.2.13",114,96.0396,"deutero"
"Electrophorus_electricus","GCA_013358815.1","Clupeocephala",78.07,7062559,"C:92.7%[S:90.7%,D:2.0%],F:2.7%,M:4.6%,n:3640",92.7,"0.2.13",114,88.1188,"deutero"
"Drymonia_ruficornis","GCA_947859195.1","Lepidoptera",71.64,6453494,"C:94.6%[S:93.8%,D:0.8%],F:1.2%,M:4.2%,n:5286",94.6,"0.2.13",67,77.4194,"proto"
"Dolichovespula_media","GCA_911387715.2","Endopterygota",62.5,497929,"C:92.4%[S:91.7%,D:0.7%],F:1.5%,M:6.1%,n:5991",92.4,"0.2.13",64,65.5738,"proto"
"Manduca_sexta","GCA_014839805.1","Lepidoptera",73.13,424948,"C:97.0%[S:91.4%,D:5.6%],F:1.1%,M:1.9%,n:5286",97,"0.2.13",67,79.0323,"proto"
"Manduca_sexta","GCA_014839805.1","Lepidoptera",73.13,424948,"C:99.0%[S:91.5%,D:7.5%],F:0.2%,M:0.8%,n:5286",99,"0.2.13",67,79.0323,"proto"
"Homo_sapiens","GCA_018504045.1","Catarrhini",74.29,29118474,"C:95.7%[S:95.2%,D:0.5%],F:0.2%,M:4.1%,n:13780",95.7,"0.2.13",245,87.5,"deutero"
"Gallus_gallus","GCA_000002315.5","Neognathae",82.81,17655422,"C:97.1%[S:96.7%,D:0.4%],F:1.0%,M:1.9%,n:8338",97.1,"0.2.13",128,93.8053,"deutero"
"Ennomos_fuscantarius","GCA_905220475.2","Lepidoptera",73.13,15530408,"C:97.2%[S:96.7%,D:0.5%],F:0.8%,M:2.0%,n:5286",97.2,"0.2.13",67,79.0323,"proto"
"Sylvia_atricapilla","GCA_009819655.1","Neoaves",79.84,7345957,"C:87.5%[S:86.4%,D:1.1%],F:2.3%,M:10.2%,n:10844",87.5,"0.2.13",129,90.3509,"deutero"
"Papilio_machaon","GCA_912999765.2","Lepidoptera",70.15,6035325,"C:92.1%[S:91.6%,D:0.5%],F:0.9%,M:7.0%,n:5286",92.1,"0.2.13",67,75.8065,"proto"
"Apamea_monoglypha","GCA_911387795.2","Lepidoptera",70.15,9140809,"C:93.3%[S:90.5%,D:2.8%],F:2.8%,M:3.9%,n:5286",93.3,"0.2.13",67,75.8065,"proto"
"Homo_sapiens","GCA_018505845.1","Catarrhini",84.49,18860066,"C:98.9%[S:98.5%,D:0.4%],F:0.2%,M:0.9%,n:13780",98.9,"0.2.13",245,99.5192,"deutero"
"Anthonomus_grandis_grandis","GCA_022605985.2","Endopterygota",32.81,120506,"C:47.3%[S:42.7%,D:4.6%],F:4.8%,M:47.9%,n:2124",47.3,"0.2.13",64,34.4262,"proto"
"Astreopora_myriophthalma","GCA_014634185.1","Cnidaria",33.33,31248,"C:87.4%[S:0.7%,D:86.7%],F:5.3%,M:7.3%,n:954",87.4,"0.2.13",3,33.3333,"combined"
"Neoitamus_cyanurus","GCA_947538895.1","Diptera",68.66,6868000,"C:96.4%[S:95.3%,D:1.1%],F:0.8%,M:2.8%,n:3285",96.4,"0.2.13",67,74.1935,"proto"
"Homo_sapiens","GCA_018503275.1","Catarrhini",84.08,28898930,"C:99.0%[S:98.6%,D:0.4%],F:0.2%,M:0.8%,n:13780",99,"0.2.13",245,99.0385,"deutero"
"Ptilodon_capucinus","GCA_914767695.1","Lepidoptera",70.15,12643213,"C:92.5%[S:90.0%,D:2.5%],F:2.9%,M:4.6%,n:5286",92.5,"0.2.13",67,75.8065,"proto"
"Pomacea_canaliculata","GCA_004794335.1","Mollusca",75,81153,"C:91.7%[S:90.2%,D:1.5%],F:1.5%,M:6.8%,n:5295",91.7,"0.2.13",52,75,"proto"
"Chesias_legatella","GCA_947359385.1","Lepidoptera",70.15,6173170,"C:93.1%[S:90.9%,D:2.2%],F:3.0%,M:3.9%,n:5286",93.1,"0.2.13",67,75.8065,"proto"
"Cryptosula_pallasiana","GCA_945261195.1","Lophotrochozoa",46.94,1788101,"C:93.9%[S:92.2%,D:1.7%],F:2.3%,M:3.8%,n:954",93.9,"0.2.13",49,46.9388,"proto"
"Sus_scrofa","GCA_007644095.1","Laurasiatheria",76.5,1009524,"C:95.4%[S:94.8%,D:0.6%],F:1.4%,M:3.2%,n:13335",95.4,"0.2.13",217,87.3684,"deutero"
"Sarcophaga_subvicina","GCA_936440885.2","Diptera",67.16,1891271,"C:95.5%[S:94.6%,D:0.9%],F:0.8%,M:3.7%,n:3285",95.5,"0.2.13",67,72.5806,"proto"
"Xylota_sylvarum","GCA_905220385.1","Diptera",76.12,29218644,"C:97.2%[S:96.3%,D:0.9%],F:0.5%,M:2.3%,n:3285",97.2,"0.2.13",67,82.2581,"proto"
"Crocuta_crocuta","GCA_008692635.1","Laurasiatheria",75.58,97873,"C:90.5%[S:89.8%,D:0.7%],F:1.8%,M:7.7%,n:14502",90.5,"0.2.13",217,86.3158,"deutero"
"Oryzias_latipes","GCA_947078765.1","Clupeocephala",80.7,1402603,"C:95.3%[S:94.5%,D:0.8%],F:1.6%,M:3.1%,n:3640",95.3,"0.2.13",114,91.0891,"deutero"
"Thecocarcelia_acutangulata","GCA_914767745.1","Diptera",64.18,3508021,"C:89.8%[S:86.2%,D:3.6%],F:3.3%,M:6.9%,n:3285",89.8,"0.2.13",67,69.3548,"proto"
"Ocypus_olens","GCA_910593695.1","Endopterygota",76.56,4567902,"C:97.5%[S:96.4%,D:1.1%],F:1.2%,M:1.3%,n:2124",97.5,"0.2.13",64,80.3279,"proto"
"Cuculus_canorus","GCA_017976375.1","Neoaves",75.97,20797936,"C:96.7%[S:96.3%,D:0.4%],F:1.1%,M:2.2%,n:8338",96.7,"0.2.13",129,85.9649,"deutero"
"Rutpela_maculata","GCA_936443135.1","Endopterygota",73.44,222818,"C:70.7%[S:67.0%,D:3.7%],F:11.1%,M:18.2%,n:2124",70.7,"0.2.13",64,77.0492,"proto"
"Catocala_fraxini","GCA_930367265.1","Lepidoptera",74.63,26797716,"C:97.4%[S:96.6%,D:0.8%],F:0.8%,M:1.8%,n:5286",97.4,"0.2.13",67,80.6452,"proto"
"Nephrocerus_scutellatus","GCA_947095585.1","Diptera",71.64,4302369,"C:96.1%[S:95.2%,D:0.9%],F:0.6%,M:3.3%,n:3285",96.1,"0.2.13",67,77.4194,"proto"
"Bombus_ignitus","GCA_014825875.1","Endopterygota",70.31,714304,"C:93.5%[S:93.3%,D:0.2%],F:2.7%,M:3.8%,n:5991",93.5,"0.2.13",64,73.7705,"proto"
"Salvelinus_fontinalis","GCA_029448725.1","Clupeocephala",81.58,1231776,"C:96.8%[S:56.2%,D:40.6%],F:1.2%,M:2.0%,n:3640",96.8,"0.2.13",114,92.0792,"deutero"
"Homo_sapiens","GCA_018504635.1","Catarrhini",84.49,21149676,"C:99.0%[S:98.6%,D:0.4%],F:0.2%,M:0.8%,n:13780",99,"0.2.13",245,99.5192,"deutero"
"Anthrax_anthrax","GCA_963971155.1","Diptera",65.67,5737487,"C:94.4%[S:93.4%,D:1.0%],F:1.1%,M:4.5%,n:3285",94.4,"0.2.13",67,70.9677,"proto"
"Anthrax_anthrax","GCA_963971155.1","Diptera",65.67,5737487,"C:94.4%[S:93.4%,D:1.0%],F:1.1%,M:4.5%,n:3285",94.4,"0.2.13",67,70.9677,"proto"
"Anthrax_anthrax","GCA_963971155.1","Diptera",65.67,5737487,"C:94.4%[S:93.4%,D:1.0%],F:1.1%,M:4.5%,n:3285",94.4,"0.2.13",67,70.9677,"proto"
"Anthrax_anthrax","GCA_963971155.1","Diptera",65.67,5737487,"C:94.4%[S:93.4%,D:1.0%],F:1.1%,M:4.5%,n:3285",94.4,"0.2.13",67,70.9677,"proto"
"Epirrhoe_tristata","GCA_951394275.1","Lepidoptera",67.16,2130017,"C:92.0%[S:88.7%,D:3.3%],F:2.2%,M:5.8%,n:5286",92,"0.2.13",67,72.5806,"proto"
"Osedax_fenrisi","GCA_964019155.1","Annelida",26.56,1890177,"C:87.6%[S:86.7%,D:0.9%],F:5.1%,M:7.3%,n:954",87.6,"0.2.13",64,26.5625,"proto"
"Chymomyza_fuscimana","GCA_949987675.1","Diptera",77.61,2674730,"C:97.4%[S:86.0%,D:11.4%],F:1.0%,M:1.6%,n:3285",97.4,"0.2.13",67,83.871,"proto"
"Homo_sapiens","GCA_042029535.1","Catarrhini",84.49,96701097,"C:98.9%[S:98.3%,D:0.6%],F:0.4%,M:0.7%,n:13780",98.9,"0.2.13",245,99.5192,"deutero"
"Gasterosteus_aculeatus","GCA_006229185.1","Clupeocephala",81.58,32541,"C:88.5%[S:87.2%,D:1.3%],F:4.9%,M:6.6%,n:3640",88.5,"0.2.13",114,92.0792,"deutero"
"Bombus_pratorum","GCA_930367225.1","Endopterygota",67.19,1141273,"C:88.8%[S:87.2%,D:1.6%],F:2.0%,M:9.2%,n:5991",88.8,"0.2.13",64,70.4918,"proto"
"Ennomos_quercinarius","GCA_910589225.1","Lepidoptera",74.63,1136183,"C:95.3%[S:94.3%,D:1.0%],F:1.2%,M:3.5%,n:5286",95.3,"0.2.13",67,80.6452,"proto"
"Drosophila_obscura","GCA_964023925.1","Drosophila",60,1841984,"C:95.7%[S:95.1%,D:0.6%],F:0.5%,M:3.8%,n:3285",95.7,"0.2.13",85,67.1053,"proto"
"Protodeltote_pygarga","GCA_936440985.1","Lepidoptera",73.13,2821770,"C:92.0%[S:89.6%,D:2.4%],F:1.8%,M:6.2%,n:5286",92,"0.2.13",67,79.0323,"proto"
"Haemonchus_contortus","GCA_000469685.2","Chromadorea",38.78,3801457,"C:0.0%[S:0.0%,D:0.0%],F:0.0%,M:100.0%,n:3131",0,"0.2.13",49,43.1818,"proto"
"Melangyna_quadrimaculata","GCA_949320155.1","Diptera",74.63,1618830,"C:92.9%[S:85.2%,D:7.7%],F:3.1%,M:4.0%,n:3285",92.9,"0.2.13",67,80.6452,"proto"
"Catocala_fraxini","GCA_930367255.1","Lepidoptera",74.63,1831279,"C:95.6%[S:94.7%,D:0.9%],F:0.9%,M:3.5%,n:5286",95.6,"0.2.13",67,80.6452,"proto"
"Xestia_xanthographa","GCA_905147755.2","Lepidoptera",70.15,2208737,"C:92.4%[S:91.5%,D:0.9%],F:1.1%,M:6.5%,n:5286",92.4,"0.2.13",67,75.8065,"proto"
"Colostygia_pectinataria","GCA_951394395.1","Lepidoptera",70.15,12473394,"C:95.1%[S:94.5%,D:0.6%],F:1.0%,M:3.9%,n:5286",95.1,"0.2.13",67,75.8065,"proto"
"Acropora_millepora","GCA_004143615.1","Cnidaria",33.33,36677,"C:93.7%[S:92.7%,D:1.0%],F:3.6%,M:2.7%,n:954",93.7,"0.2.13",3,33.3333,"combined"
"Pandemis_cinnamomeana","GCA_932294335.1","Lepidoptera",70.15,676887,"C:89.6%[S:86.3%,D:3.3%],F:2.7%,M:7.7%,n:5286",89.6,"0.2.13",67,75.8065,"proto"
"Synanthedon_andrenaeformis","GCA_936447275.1","Lepidoptera",64.18,223402,"C:85.3%[S:81.5%,D:3.8%],F:2.8%,M:11.9%,n:5286",85.3,"0.2.13",67,69.3548,"proto"
"Aphis_gossypii","GCA_917880025.1","Neoptera",45.16,4181269,"C:96.2%[S:95.0%,D:1.2%],F:1.3%,M:2.5%,n:2510",96.2,"0.2.13",62,47.4576,"proto"
"Perca_fluviatilis","GCA_010015445.1","Clupeocephala",82.46,4197643,"C:95.5%[S:94.5%,D:1.0%],F:1.3%,M:3.2%,n:3640",95.5,"0.2.13",114,93.0693,"deutero"
"Clostera_curtula","GCA_905475325.1","Lepidoptera",62.69,653972,"C:87.8%[S:86.9%,D:0.9%],F:1.5%,M:10.7%,n:5286",87.8,"0.2.13",67,67.7419,"proto"
"Philonthus_cognatus","GCA_932526485.1","Endopterygota",71.88,2006501,"C:79.9%[S:76.4%,D:3.5%],F:5.6%,M:14.5%,n:2124",79.9,"0.2.13",64,75.4098,"proto"
"Trachinotus_ovatus","GCA_037074605.1","Clupeocephala",85.96,1719454,"C:95.6%[S:94.9%,D:0.7%],F:1.0%,M:3.4%,n:3640",95.6,"0.2.13",114,97.0297,"deutero"
"Eupithecia_tripunctaria","GCA_955876795.1","Lepidoptera",65.67,8421523,"C:95.2%[S:94.2%,D:1.0%],F:1.1%,M:3.7%,n:5286",95.2,"0.2.13",67,70.9677,"proto"
"Cyclopterus_lumpus","GCA_963457625.1","Clupeocephala",81.58,1530980,"C:95.3%[S:94.1%,D:1.2%],F:1.9%,M:2.8%,n:3640",95.3,"0.2.13",114,92.0792,"deutero"
"Triatoma_dimidiata","GCA_964198125.1","Neoptera",64.52,3281451,"C:96.8%[S:94.9%,D:1.9%],F:1.3%,M:1.9%,n:2510",96.8,"0.2.13",62,67.7966,"proto"
"Vespula_germanica","GCA_905340295.1","Endopterygota",65.62,650048,"C:89.3%[S:88.0%,D:1.3%],F:2.5%,M:8.2%,n:5991",89.3,"0.2.13",64,68.8525,"proto"
"Coleophora_deauratella","GCA_958295455.1","Lepidoptera",71.64,9992783,"C:92.4%[S:91.9%,D:0.5%],F:1.5%,M:6.1%,n:5286",92.4,"0.2.13",67,77.4194,"proto"
"Aricia_artaxerxes","GCA_937612035.1","Lepidoptera",73.13,14806121,"C:96.1%[S:95.5%,D:0.6%],F:0.5%,M:3.4%,n:5286",96.1,"0.2.13",67,79.0323,"proto"
"Cistogaster_globosa","GCA_937654795.1","Diptera",65.67,4072864,"C:95.2%[S:90.6%,D:4.6%],F:2.7%,M:2.1%,n:3285",95.2,"0.2.13",67,70.9677,"proto"
"Colostygia_pectinataria","GCA_951394385.1","Lepidoptera",70.15,1314122,"C:94.6%[S:93.5%,D:1.1%],F:1.1%,M:4.3%,n:5286",94.6,"0.2.13",67,75.8065,"proto"
"Criorhina_berberina","GCA_917880715.2","Diptera",74.63,34124640,"C:95.3%[S:91.4%,D:3.9%],F:1.9%,M:2.8%,n:3285",95.3,"0.2.13",67,80.6452,"proto"
"Rhincodon_typus","GCA_021869965.1","Chondrichthyes",85.71,48454,"C:81.4%[S:78.4%,D:3.0%],F:11.5%,M:7.1%,n:3354",81.4,"0.2.13",98,93.3333,"deutero"
"Candelabrum_cocksii","GCA_963930725.1","Cnidaria",0,2825545,"C:85.7%[S:84.2%,D:1.5%],F:2.4%,M:11.9%,n:954",85.7,"0.2.13",3,0,"combined"
"Alsophila_aescularia","GCA_946251895.1","Lepidoptera",73.13,603123,"C:94.0%[S:92.6%,D:1.4%],F:1.9%,M:4.1%,n:5286",94,"0.2.13",67,79.0323,"proto"
"Lithophane_ornitopus","GCA_948473465.1","Lepidoptera",70.15,10880751,"C:94.1%[S:90.2%,D:3.9%],F:2.2%,M:3.7%,n:5286",94.1,"0.2.13",67,75.8065,"proto"
"Leptosomus_discolor","GCA_034619455.1","Neoaves",81.4,8029456,"C:90.5%[S:90.0%,D:0.5%],F:2.6%,M:6.9%,n:8338",90.5,"0.2.13",129,92.1053,"deutero"
"Emmelina_monodactyla","GCA_916618085.1","Lepidoptera",46.27,3543154,"C:79.2%[S:78.1%,D:1.1%],F:1.2%,M:19.6%,n:5286",79.2,"0.2.13",67,50,"proto"
"Ochropleura_plecta","GCA_905475445.1","Lepidoptera",70.15,9617699,"C:93.9%[S:91.5%,D:2.4%],F:2.5%,M:3.6%,n:5286",93.9,"0.2.13",67,75.8065,"proto"
"Thamnaconus_septentrionalis","GCA_009823395.1","Clupeocephala",81.58,22457894,"C:90.7%[S:89.6%,D:1.1%],F:2.3%,M:7.0%,n:3640",90.7,"0.2.13",114,92.0792,"deutero"
"Squalus_suckleyi","GCA_026260435.1","Chondrichthyes",87.76,127514,"C:92.6%[S:89.3%,D:3.3%],F:4.0%,M:3.4%,n:3354",92.6,"0.2.13",98,95.5556,"deutero"
"Cicadella_viridis","GCA_964205205.1","Neoptera",74.19,7802928,"C:96.9%[S:94.1%,D:2.8%],F:1.5%,M:1.6%,n:2510",96.9,"0.2.13",62,77.9661,"proto"
"Andrena_fulva","GCA_946251845.1","Endopterygota",67.19,12523661,"C:91.5%[S:91.2%,D:0.3%],F:3.5%,M:5.0%,n:5991",91.5,"0.2.13",64,70.4918,"proto"
"Lobophora_halterata","GCA_932525835.1","Lepidoptera",68.66,8063952,"C:89.2%[S:86.7%,D:2.5%],F:2.4%,M:8.4%,n:5286",89.2,"0.2.13",67,74.1935,"proto"
"Neoarius_graeffei","GCA_027579695.1","Clupeocephala",78.07,14859289,"C:93.9%[S:91.8%,D:2.1%],F:1.7%,M:4.4%,n:3640",93.9,"0.2.13",114,88.1188,"deutero"
"Cyaniris_semiargus","GCA_905147265.1","Lepidoptera",70.15,2028856,"C:90.3%[S:88.0%,D:2.3%],F:3.1%,M:6.6%,n:5286",90.3,"0.2.13",67,75.8065,"proto"
"Erpobdella_octoculata","GCA_963978895.1","Annelida",43.75,1135949,"C:89.9%[S:85.4%,D:4.5%],F:4.5%,M:5.6%,n:954",89.9,"0.2.13",64,43.75,"proto"
"Lutra_lutra","GCA_902655055.2","Laurasiatheria",76.04,30403456,"C:94.3%[S:92.3%,D:2.0%],F:0.7%,M:5.0%,n:14502",94.3,"0.2.13",217,86.8421,"deutero"
"Odontesthes_bonariensis","GCA_027942865.1","Clupeocephala",84.21,9831534,"C:90.8%[S:89.7%,D:1.1%],F:2.9%,M:6.3%,n:3640",90.8,"0.2.13",114,95.0495,"deutero"
"Cryptus_viduatorius","GCA_964006125.1","Endopterygota",65.62,3577539,"C:93.7%[S:91.4%,D:2.3%],F:3.5%,M:2.8%,n:5991",93.7,"0.2.13",64,68.8525,"proto"
"Cryptus_viduatorius","GCA_964006125.1","Endopterygota",65.62,3577539,"C:93.7%[S:91.4%,D:2.3%],F:3.5%,M:2.8%,n:5991",93.7,"0.2.13",64,68.8525,"proto"
"Cryptus_viduatorius","GCA_964006125.1","Endopterygota",65.62,3577539,"C:93.7%[S:91.4%,D:2.3%],F:3.5%,M:2.8%,n:5991",93.7,"0.2.13",64,68.8525,"proto"
"Cryptus_viduatorius","GCA_964006125.1","Endopterygota",65.62,3577539,"C:93.7%[S:91.4%,D:2.3%],F:3.5%,M:2.8%,n:5991",93.7,"0.2.13",64,68.8525,"proto"
"Hypena_proboscidalis","GCA_905147285.1","Lepidoptera",73.13,18834925,"C:96.9%[S:96.0%,D:0.9%],F:1.0%,M:2.1%,n:5286",96.9,"0.2.13",67,79.0323,"proto"
"Pollenia_amentaria","GCA_943735925.1","Diptera",71.64,19389550,"C:97.9%[S:96.9%,D:1.0%],F:0.6%,M:1.5%,n:3285",97.9,"0.2.13",67,77.4194,"proto"
"Ptilodon_capucinus","GCA_914767775.1","Lepidoptera",67.16,3928666,"C:93.9%[S:91.7%,D:2.2%],F:2.1%,M:4.0%,n:5286",93.9,"0.2.13",67,72.5806,"proto"
"Nycteola_revayana","GCA_947038005.1","Lepidoptera",73.13,2691118,"C:94.6%[S:91.1%,D:3.5%],F:2.7%,M:2.7%,n:5286",94.6,"0.2.13",67,79.0323,"proto"
"Notodonta_dromedarius","GCA_905147325.1","Lepidoptera",71.64,10324145,"C:96.6%[S:96.0%,D:0.6%],F:1.2%,M:2.2%,n:5286",96.6,"0.2.13",67,77.4194,"proto"
"Amphipoea_oculea","GCA_945859645.1","Lepidoptera",70.15,22320631,"C:94.3%[S:91.3%,D:3.0%],F:2.5%,M:3.2%,n:5286",94.3,"0.2.13",67,75.8065,"proto"
"Toxotes_jaculatrix","GCA_017976425.1","Clupeocephala",85.96,15555772,"C:97.3%[S:96.6%,D:0.7%],F:0.8%,M:1.9%,n:3640",97.3,"0.2.13",114,97.0297,"deutero"
"Homo_sapiens","GCA_018469925.1","Catarrhini",84.49,51206351,"C:99.0%[S:98.6%,D:0.4%],F:0.2%,M:0.8%,n:13780",99,"0.2.13",245,99.5192,"deutero"
"Melanotus_villosus","GCA_963082815.1","Endopterygota",79.69,13836834,"C:97.4%[S:95.4%,D:2.0%],F:0.7%,M:1.9%,n:2124",97.4,"0.2.13",64,83.6066,"proto"
"Hydrochoerus_hydrochaeris","GCA_004027455.1","Glires",75,148451,"C:87.2%[S:86.7%,D:0.5%],F:4.9%,M:7.9%,n:13798",87.2,"0.2.13",220,86.3874,"deutero"
"Cerastis_rubricosa","GCA_949152405.1","Lepidoptera",64.18,3521223,"C:90.7%[S:87.2%,D:3.5%],F:2.6%,M:6.7%,n:5286",90.7,"0.2.13",67,69.3548,"proto"
"Toxotes_chatareus","GCA_016801885.1","Clupeocephala",84.21,8430381,"C:89.2%[S:88.0%,D:1.2%],F:1.5%,M:9.3%,n:3640",89.2,"0.2.13",114,95.0495,"deutero"
"Homo_sapiens","GCA_018470445.1","Catarrhini",84.49,23127662,"C:98.0%[S:97.2%,D:0.8%],F:0.3%,M:1.7%,n:13780",98,"0.2.13",245,99.5192,"deutero"
"Entelurus_aequoreus","GCA_033978785.2","Clupeocephala",74.56,2039131,"C:91.6%[S:81.2%,D:10.4%],F:1.6%,M:6.8%,n:3640",91.6,"0.2.13",114,84.1584,"deutero"
"Netelia_melanura","GCA_964007305.1","Endopterygota",64.06,237000,"C:91.9%[S:91.6%,D:0.3%],F:3.4%,M:4.7%,n:5991",91.9,"0.2.13",64,67.2131,"proto"
"Netelia_melanura","GCA_964007305.1","Endopterygota",64.06,237000,"C:91.9%[S:91.6%,D:0.3%],F:3.4%,M:4.7%,n:5991",91.9,"0.2.13",64,67.2131,"proto"
"Netelia_melanura","GCA_964007305.1","Endopterygota",64.06,237000,"C:91.9%[S:91.6%,D:0.3%],F:3.4%,M:4.7%,n:5991",91.9,"0.2.13",64,67.2131,"proto"
"Netelia_melanura","GCA_964007305.1","Endopterygota",64.06,237000,"C:91.9%[S:91.6%,D:0.3%],F:3.4%,M:4.7%,n:5991",91.9,"0.2.13",64,67.2131,"proto"
"Cololabis_saira","GCA_033807715.1","Clupeocephala",73.68,8087617,"C:95.4%[S:92.7%,D:2.7%],F:1.1%,M:3.5%,n:3640",95.4,"0.2.13",114,83.1683,"deutero"
"Homo_sapiens","GCA_018466855.1","Catarrhini",84.49,57249657,"C:99.0%[S:98.6%,D:0.4%],F:0.2%,M:0.8%,n:13780",99,"0.2.13",245,99.5192,"deutero"
"Apamea_monoglypha","GCA_911387735.2","Lepidoptera",70.15,2088607,"C:93.2%[S:90.3%,D:2.9%],F:2.7%,M:4.1%,n:5286",93.2,"0.2.13",67,75.8065,"proto"
"Batillaria_attramentaria","GCA_018292915.2","Mollusca",78.85,1288332,"C:91.1%[S:86.8%,D:4.3%],F:1.9%,M:7.0%,n:5295",91.1,"0.2.13",52,78.8462,"proto"
"Batillaria_attramentaria","GCA_018292915.2","Mollusca",78.85,1288332,"C:91.1%[S:86.8%,D:4.3%],F:1.9%,M:7.0%,n:5295",91.1,"0.2.13",52,78.8462,"proto"
"Batillaria_attramentaria","GCA_018292915.2","Mollusca",78.85,1288332,"C:91.1%[S:86.8%,D:4.3%],F:1.9%,M:7.0%,n:5295",91.1,"0.2.13",52,78.8462,"proto"
"Batillaria_attramentaria","GCA_018292915.2","Mollusca",78.85,1288332,"C:91.1%[S:86.8%,D:4.3%],F:1.9%,M:7.0%,n:5295",91.1,"0.2.13",52,78.8462,"proto"
"Cabera_pusaria","GCA_954871355.1","Lepidoptera",73.13,7639996,"C:94.7%[S:94.0%,D:0.7%],F:1.1%,M:4.2%,n:5286",94.7,"0.2.13",67,79.0323,"proto"
"Micropterix_aruncella","GCA_944548615.1","Lepidoptera",62.69,540406,"C:77.8%[S:75.9%,D:1.9%],F:2.0%,M:20.2%,n:5286",77.8,"0.2.13",67,67.7419,"proto"
"Homo_sapiens","GCA_021950905.1","Catarrhini",74.29,84927121,"C:95.9%[S:95.5%,D:0.4%],F:0.2%,M:3.9%,n:13780",95.9,"0.2.13",245,87.5,"deutero"
"Anopheles_nili","GCA_943737925.1","Diptera",61.19,37444657,"C:94.0%[S:93.7%,D:0.3%],F:1.1%,M:4.9%,n:3285",94,"0.2.13",67,66.129,"proto"
"Syngnathus_scovelli","GCA_024217435.4","Clupeocephala",74.56,15551623,"C:93.6%[S:92.2%,D:1.4%],F:1.3%,M:5.1%,n:3640",93.6,"0.2.13",114,84.1584,"deutero"
"Agrochola_macilenta","GCA_916701695.1","Lepidoptera",70.15,22346656,"C:93.5%[S:90.9%,D:2.6%],F:2.3%,M:4.2%,n:5286",93.5,"0.2.13",67,75.8065,"proto"
"Trypoxylon_attenuatum","GCA_963989405.1","Endopterygota",65.62,1329307,"C:91.9%[S:91.6%,D:0.3%],F:3.1%,M:5.0%,n:5991",91.9,"0.2.13",64,68.8525,"proto"
"Trypoxylon_attenuatum","GCA_963989405.1","Endopterygota",65.62,1329307,"C:91.9%[S:91.6%,D:0.3%],F:3.1%,M:5.0%,n:5991",91.9,"0.2.13",64,68.8525,"proto"
"Trypoxylon_attenuatum","GCA_963989405.1","Endopterygota",65.62,1329307,"C:91.9%[S:91.6%,D:0.3%],F:3.1%,M:5.0%,n:5991",91.9,"0.2.13",64,68.8525,"proto"
"Trypoxylon_attenuatum","GCA_963989405.1","Endopterygota",65.62,1329307,"C:91.9%[S:91.6%,D:0.3%],F:3.1%,M:5.0%,n:5991",91.9,"0.2.13",64,68.8525,"proto"
"Ophion_slaviceki","GCA_944452715.1","Endopterygota",62.5,472634,"C:84.2%[S:82.8%,D:1.4%],F:7.7%,M:8.1%,n:5991",84.2,"0.2.13",64,65.5738,"proto"
"Hydriomena_furcata","GCA_912999785.1","Lepidoptera",70.15,13929574,"C:95.7%[S:93.4%,D:2.3%],F:1.8%,M:2.5%,n:5286",95.7,"0.2.13",67,75.8065,"proto"
"Leptosomus_discolor","GCA_034619465.1","Neoaves",81.4,8826436,"C:90.6%[S:90.1%,D:0.5%],F:2.5%,M:6.9%,n:8338",90.6,"0.2.13",129,92.1053,"deutero"
"Conistra_vaccinii","GCA_948150745.1","Lepidoptera",71.64,1869833,"C:94.9%[S:93.7%,D:1.2%],F:1.2%,M:3.9%,n:5286",94.9,"0.2.13",67,77.4194,"proto"
"Psammomys_obesus","GCA_002215935.2","Muridae",63.98,76389,"C:96.0%[S:95.4%,D:0.6%],F:1.1%,M:2.9%,n:12692",96,"0.2.13",236,72.9469,"deutero"
"Homo_sapiens","GCA_018469945.1","Catarrhini",84.49,29253507,"C:98.9%[S:98.5%,D:0.4%],F:0.2%,M:0.9%,n:13780",98.9,"0.2.13",245,99.5192,"deutero"
"Homo_sapiens","GCA_042027095.1","Catarrhini",84.49,111367101,"C:99.0%[S:98.4%,D:0.6%],F:0.4%,M:0.6%,n:13780",99,"0.2.13",245,99.5192,"deutero"
"Apamea_epomidion","GCA_947507555.1","Lepidoptera",68.66,1732187,"C:90.9%[S:90.0%,D:0.9%],F:1.1%,M:8.0%,n:5286",90.9,"0.2.13",67,74.1935,"proto"
"Eudonia_mercurella","GCA_963082485.1","Lepidoptera",64.18,628942,"C:92.7%[S:91.4%,D:1.3%],F:1.8%,M:5.5%,n:5286",92.7,"0.2.13",67,69.3548,"proto"
"Apeira_syringaria","GCA_934045895.1","Lepidoptera",64.18,1709645,"C:82.6%[S:80.6%,D:2.0%],F:3.1%,M:14.3%,n:5286",82.6,"0.2.13",67,69.3548,"proto"
"Tachystola_acroxantha","GCA_963506565.1","Lepidoptera",73.13,7881905,"C:95.6%[S:94.8%,D:0.8%],F:0.9%,M:3.5%,n:5286",95.6,"0.2.13",67,79.0323,"proto"
"Pollenia_griseotomentosa","GCA_963931875.1","Diptera",71.64,9571469,"C:96.3%[S:95.4%,D:0.9%],F:1.3%,M:2.4%,n:3285",96.3,"0.2.13",67,77.4194,"proto"
"Solenopsis_invicta","GCF_016802725.1","Endopterygota",68.75,9421447,"C:99.1%[S:98.3%,D:0.8%],F:0.2%,M:0.7%,n:5991",99.1,"0.2.13",64,72.1311,"proto"
"Eupeodes_latifasciatus","GCA_920104105.1","Diptera",74.63,1254140,"C:95.1%[S:93.6%,D:1.5%],F:1.2%,M:3.7%,n:3285",95.1,"0.2.13",67,80.6452,"proto"
"Incurvaria_masculella","GCA_946894095.1","Lepidoptera",65.67,19935990,"C:90.3%[S:89.1%,D:1.2%],F:1.6%,M:8.1%,n:5286",90.3,"0.2.13",67,70.9677,"proto"
"Anopheles_gambiae","GCA_943734735.1","Diptera",65.67,10625458,"C:96.4%[S:96.2%,D:0.2%],F:1.2%,M:2.4%,n:3285",96.4,"0.2.13",67,70.9677,"proto"
"Epinotia_nisella","GCA_932294315.1","Lepidoptera",76.12,21240484,"C:91.8%[S:89.3%,D:2.5%],F:3.3%,M:4.9%,n:5286",91.8,"0.2.13",67,82.2581,"proto"
"Drepanosiphum_platanoidis","GCA_948098895.1","Neoptera",51.61,312154,"C:94.0%[S:89.9%,D:4.1%],F:1.3%,M:4.7%,n:2510",94,"0.2.13",62,54.2373,"proto"
"Lepeophtheirus_nordmannii","GCA_963680855.1","Pancrustacea",47.17,4102787,"C:94.1%[S:92.7%,D:1.4%],F:1.3%,M:4.6%,n:1013",94.1,"0.2.13",53,48.0769,"proto"
"Homo_sapiens","GCA_018852585.1","Catarrhini",84.49,24061170,"C:98.9%[S:98.5%,D:0.4%],F:0.2%,M:0.9%,n:13780",98.9,"0.2.13",245,99.5192,"deutero"
"Carcharodon_carcharias","GCA_017639515.1","Chondrichthyes",84.69,6544962,"C:93.7%[S:91.1%,D:2.6%],F:2.0%,M:4.3%,n:3354",93.7,"0.2.13",98,92.2222,"deutero"
"Cricetus_cricetus","GCA_964304595.1","Glires",69.55,47690202,"C:97.9%[S:96.8%,D:1.1%],F:0.5%,M:1.6%,n:13798",97.9,"0.2.13",220,80.1047,"deutero"
"Cricetus_cricetus","GCA_964304595.1","Glires",69.55,47690202,"C:97.9%[S:96.8%,D:1.1%],F:0.5%,M:1.6%,n:13798",97.9,"0.2.13",220,80.1047,"deutero"
"Cricetus_cricetus","GCA_964304595.1","Glires",69.55,47690202,"C:97.9%[S:96.8%,D:1.1%],F:0.5%,M:1.6%,n:13798",97.9,"0.2.13",220,80.1047,"deutero"
"Cricetus_cricetus","GCA_964304595.1","Glires",69.55,47690202,"C:97.9%[S:96.8%,D:1.1%],F:0.5%,M:1.6%,n:13798",97.9,"0.2.13",220,80.1047,"deutero"
"Orthosia_incerta","GCA_948253185.1","Lepidoptera",73.13,1067368,"C:94.7%[S:93.2%,D:1.5%],F:1.5%,M:3.8%,n:5286",94.7,"0.2.13",67,79.0323,"proto"
"Agriphila_geniculea","GCA_927400025.1","Lepidoptera",71.64,1841345,"C:93.5%[S:90.8%,D:2.7%],F:3.0%,M:3.5%,n:5286",93.5,"0.2.13",67,77.4194,"proto"
"Oryzias_latipes","GCA_947078775.1","Clupeocephala",80.7,1481527,"C:95.8%[S:94.9%,D:0.9%],F:1.5%,M:2.7%,n:3640",95.8,"0.2.13",114,91.0891,"deutero"
"Cosmia_trapezina","GCA_905163595.1","Lepidoptera",70.15,4196587,"C:93.9%[S:88.9%,D:5.0%],F:2.6%,M:3.5%,n:5286",93.9,"0.2.13",67,75.8065,"proto"
"Meganola_albula","GCA_936440415.1","Lepidoptera",70.15,1714907,"C:87.2%[S:84.6%,D:2.6%],F:2.0%,M:10.8%,n:5286",87.2,"0.2.13",67,75.8065,"proto"
"Amphipyra_tragopoginis","GCA_905220425.1","Lepidoptera",73.13,10315863,"C:97.2%[S:96.6%,D:0.6%],F:0.9%,M:1.9%,n:5286",97.2,"0.2.13",67,79.0323,"proto"
"Diacarnus_erythraeanus","GCA_964016965.1","Demospongiae",0,1386536,"C:83.5%[S:80.8%,D:2.7%],F:6.0%,M:10.5%,n:954",83.5,"0.2.13",6,0,"combined"
"Homo_sapiens","GCA_018503255.1","Catarrhini",84.49,40078400,"C:98.9%[S:98.1%,D:0.8%],F:0.2%,M:0.9%,n:13780",98.9,"0.2.13",245,99.5192,"deutero"
"Cricetulus_griseus","GCA_003668045.2","Glires",69.09,2711962,"C:97.3%[S:96.4%,D:0.9%],F:1.0%,M:1.7%,n:13798",97.3,"0.2.13",220,79.5812,"deutero"
"Patella_pellucida","GCA_917208275.1","Mollusca",84.62,3173890,"C:94.5%[S:93.4%,D:1.1%],F:0.9%,M:4.6%,n:5295",94.5,"0.2.13",52,84.6154,"proto"
"Homo_sapiens","GCA_042028725.1","Catarrhini",84.49,101021022,"C:98.9%[S:98.3%,D:0.6%],F:0.4%,M:0.7%,n:13780",98.9,"0.2.13",245,99.5192,"deutero"
"Sigmodon_hispidus","GCA_004025045.1","Glires",66.82,67983,"C:83.8%[S:81.2%,D:2.6%],F:6.1%,M:10.1%,n:12692",83.8,"0.2.13",220,76.9634,"deutero"
"Equus_caballus","GCA_964023255.1","Laurasiatheria",80.65,35196120,"C:97.6%[S:96.9%,D:0.7%],F:0.9%,M:1.5%,n:12234",97.6,"0.2.13",217,92.1053,"deutero"
"Diachrysia_chrysitis","GCA_932294375.1","Lepidoptera",74.63,10178189,"C:94.1%[S:91.7%,D:2.4%],F:2.3%,M:3.6%,n:5286",94.1,"0.2.13",67,80.6452,"proto"
"Yponomeuta_padella","GCA_947311065.1","Lepidoptera",73.13,1564806,"C:95.5%[S:94.5%,D:1.0%],F:1.1%,M:3.4%,n:5286",95.5,"0.2.13",67,79.0323,"proto"
"Criorhina_berberina","GCA_917880925.1","Diptera",73.13,140451,"C:89.6%[S:84.3%,D:5.3%],F:2.8%,M:7.6%,n:3285",89.6,"0.2.13",67,79.0323,"proto"
"Hirundo_rustica","GCA_015227805.1","Neoaves",81.4,2794774,"C:92.9%[S:92.5%,D:0.4%],F:1.4%,M:5.7%,n:10844",92.9,"0.2.13",129,92.1053,"deutero"
"Oxystoma_pomonae","GCA_963921995.1","Endopterygota",71.88,11698280,"C:95.8%[S:94.6%,D:1.2%],F:2.0%,M:2.2%,n:2124",95.8,"0.2.13",64,75.4098,"proto"
"Sacculina_carcini","GCA_916048095.2","Pancrustacea",54.72,3521841,"C:88.5%[S:87.7%,D:0.8%],F:3.2%,M:8.3%,n:1013",88.5,"0.2.13",53,55.7692,"proto"
"Orthonevra_nobilis","GCA_963555765.1","Diptera",74.63,2027990,"C:94.4%[S:90.4%,D:4.0%],F:2.5%,M:3.1%,n:3285",94.4,"0.2.13",67,80.6452,"proto"
"Agriopis_leucophaearia","GCA_949125385.1","Lepidoptera",73.13,2782410,"C:92.0%[S:88.6%,D:3.4%],F:3.3%,M:4.7%,n:5286",92,"0.2.13",67,79.0323,"proto"
"Amphipyra_berbera","GCA_910594945.2","Lepidoptera",71.64,19930773,"C:97.3%[S:96.8%,D:0.5%],F:0.7%,M:2.0%,n:5286",97.3,"0.2.13",67,77.4194,"proto"
"Galeruca_laticollis","GCA_963921935.1","Endopterygota",71.88,6429013,"C:96.7%[S:95.6%,D:1.1%],F:1.6%,M:1.7%,n:2124",96.7,"0.2.13",64,75.4098,"proto"
"Nomada_fucata","GCA_948146005.1","Endopterygota",68.75,5664464,"C:91.8%[S:91.6%,D:0.2%],F:3.2%,M:5.0%,n:5991",91.8,"0.2.13",64,72.1311,"proto"
"Ferdinandea_cuprea","GCA_963576555.1","Diptera",76.12,8439957,"C:95.9%[S:95.4%,D:0.5%],F:0.8%,M:3.3%,n:3285",95.9,"0.2.13",67,82.2581,"proto"
"Homo_sapiens","GCA_042030035.1","Catarrhini",74.29,134115449,"C:95.6%[S:95.1%,D:0.5%],F:0.4%,M:4.0%,n:13780",95.6,"0.2.13",245,87.5,"deutero"
"Serripes_groenlandicus","GCA_031761405.1","Mollusca",80.77,331398,"C:74.4%[S:55.4%,D:19.0%],F:4.2%,M:21.4%,n:5295",74.4,"0.2.13",52,80.7692,"proto"
"Autographa_pulchrina","GCA_905475315.1","Lepidoptera",73.13,9609940,"C:96.5%[S:96.0%,D:0.5%],F:0.7%,M:2.8%,n:5286",96.5,"0.2.13",67,79.0323,"proto"
"Bombus_opulentus","GCA_014737405.1","Endopterygota",70.31,731585,"C:93.7%[S:93.5%,D:0.2%],F:2.4%,M:3.9%,n:5991",93.7,"0.2.13",64,73.7705,"proto"
"Hypomecis_punctinalis","GCA_949316475.1","Lepidoptera",74.63,3588779,"C:94.9%[S:93.8%,D:1.1%],F:1.2%,M:3.9%,n:5286",94.9,"0.2.13",67,80.6452,"proto"
"Hemaris_fuciformis","GCA_907164865.1","Lepidoptera",64.18,3574338,"C:86.2%[S:85.1%,D:1.1%],F:0.9%,M:12.9%,n:5286",86.2,"0.2.13",67,69.3548,"proto"
"Spilosoma_urticae","GCA_964188045.1","Lepidoptera",73.13,7521215,"C:94.4%[S:93.1%,D:1.3%],F:1.6%,M:4.0%,n:5286",94.4,"0.2.13",67,79.0323,"proto"
"Acanthopleura_granulata","GCA_016165875.1","Mollusca",78.85,1098986,"C:86.8%[S:85.3%,D:1.5%],F:1.8%,M:11.4%,n:5295",86.8,"0.2.13",52,78.8462,"proto"
"Acanthopleura_granulata","GCA_016165875.1","Mollusca",78.85,1098986,"C:86.8%[S:85.3%,D:1.5%],F:1.8%,M:11.4%,n:5295",86.8,"0.2.13",52,78.8462,"proto"
"Acanthopleura_granulata","GCA_016165875.1","Mollusca",78.85,1098986,"C:86.8%[S:85.3%,D:1.5%],F:1.8%,M:11.4%,n:5295",86.8,"0.2.13",52,78.8462,"proto"
"Acanthopleura_granulata","GCA_016165875.1","Mollusca",78.85,1098986,"C:86.8%[S:85.3%,D:1.5%],F:1.8%,M:11.4%,n:5295",86.8,"0.2.13",52,78.8462,"proto"
"Hypsopygia_costalis","GCA_937001555.2","Lepidoptera",74.63,26785879,"C:93.6%[S:90.9%,D:2.7%],F:3.2%,M:3.2%,n:5286",93.6,"0.2.13",67,80.6452,"proto"
"Opisthocomus_hoazin","GCA_030867145.1","Neoaves",79.07,14274197,"C:91.8%[S:90.8%,D:1.0%],F:2.2%,M:6.0%,n:8338",91.8,"0.2.13",129,89.4737,"deutero"
"Cheirogaleus_medius","GCA_004024725.1","Euarchontoglires",80.37,90923,"C:75.1%[S:74.1%,D:1.0%],F:4.3%,M:20.6%,n:13780",75.1,"0.2.13",219,92.6316,"deutero"
"Pseudoips_prasinana","GCA_951640165.1","Lepidoptera",73.13,25062394,"C:91.1%[S:87.6%,D:3.5%],F:4.0%,M:4.9%,n:5286",91.1,"0.2.13",67,79.0323,"proto"
"Rhea_pennata","GCA_028389875.1","Archosauria",84.87,19335416,"C:94.3%[S:93.9%,D:0.4%],F:1.3%,M:4.4%,n:8338",94.3,"0.2.13",119,96.1905,"deutero"
"Homo_sapiens","GCA_042077635.1","Catarrhini",84.49,133667927,"C:98.9%[S:98.3%,D:0.6%],F:0.4%,M:0.7%,n:13780",98.9,"0.2.13",245,99.5192,"deutero"
"Griposia_aprilina","GCA_916610205.1","Lepidoptera",70.15,18585834,"C:93.6%[S:90.9%,D:2.7%],F:2.7%,M:3.7%,n:5286",93.6,"0.2.13",67,75.8065,"proto"
"Hemistola_chrysoprasaria","GCA_947063395.1","Lepidoptera",74.63,8928695,"C:93.2%[S:90.3%,D:2.9%],F:3.0%,M:3.8%,n:5286",93.2,"0.2.13",67,80.6452,"proto"
"Melanotaenia_boesemani","GCA_017639745.1","Clupeocephala",83.33,9299978,"C:96.7%[S:95.6%,D:1.1%],F:1.1%,M:2.2%,n:3640",96.7,"0.2.13",114,94.0594,"deutero"
"Pararge_aegeria","GCA_905163545.1","Lepidoptera",68.66,3248925,"C:83.7%[S:83.1%,D:0.6%],F:0.8%,M:15.5%,n:5286",83.7,"0.2.13",67,74.1935,"proto"
"Colius_striatus","GCA_028858625.2","Neoaves",57.36,21724867,"C:88.2%[S:87.8%,D:0.4%],F:1.2%,M:10.6%,n:8338",88.2,"0.2.13",129,64.9123,"deutero"
"Ovis_aries","GCA_022416685.1","Laurasiatheria",77.88,74976097,"C:95.9%[S:94.3%,D:1.6%],F:1.3%,M:2.8%,n:13335",95.9,"0.2.13",217,88.9474,"deutero"
"Blera_fallax","GCA_946965025.1","Diptera",74.63,5586187,"C:95.7%[S:95.0%,D:0.7%],F:0.9%,M:3.4%,n:3285",95.7,"0.2.13",67,80.6452,"proto"
"Tamandua_tetradactyla","GCA_023851605.1","Eutheria",73.02,9869167,"C:95.4%[S:92.3%,D:3.1%],F:0.8%,M:3.8%,n:11366",95.4,"0.2.13",215,83.5106,"deutero"
"Peribatodes_rhomboidaria","GCA_911728515.1","Lepidoptera",73.13,15093624,"C:92.8%[S:89.9%,D:2.9%],F:2.7%,M:4.5%,n:5286",92.8,"0.2.13",67,79.0323,"proto"
"Phyto_melanocephala","GCA_941918875.1","Diptera",61.19,226609,"C:88.7%[S:83.0%,D:5.7%],F:4.0%,M:7.3%,n:3285",88.7,"0.2.13",67,66.129,"proto"
"Eupithecia_abbreviata","GCA_943735965.1","Lepidoptera",68.66,13098345,"C:93.0%[S:90.5%,D:2.5%],F:2.4%,M:4.6%,n:5286",93,"0.2.13",67,74.1935,"proto"
"Drepanosiphum_platanoidis","GCA_948098885.1","Neoptera",51.61,666369,"C:96.1%[S:92.5%,D:3.6%],F:1.5%,M:2.4%,n:2510",96.1,"0.2.13",62,54.2373,"proto"
"Vespula_germanica","GCA_905340365.1","Endopterygota",65.62,6563324,"C:92.9%[S:92.6%,D:0.3%],F:2.6%,M:4.5%,n:5991",92.9,"0.2.13",64,68.8525,"proto"
"Andrena_haemorrhoa","GCA_910592125.1","Endopterygota",64.06,1265555,"C:76.8%[S:76.1%,D:0.7%],F:1.0%,M:22.2%,n:5991",76.8,"0.2.13",64,67.2131,"proto"
"Marasmarcha_lunaedactyla","GCA_923062595.1","Lepidoptera",47.76,817427,"C:69.0%[S:66.7%,D:2.3%],F:3.2%,M:27.8%,n:5286",69,"0.2.13",67,51.6129,"proto"
"Synanthedon_formicaeformis","GCA_945859745.1","Lepidoptera",70.15,11545479,"C:95.4%[S:94.4%,D:1.0%],F:0.8%,M:3.8%,n:5286",95.4,"0.2.13",67,75.8065,"proto"
"Dorcus_parallelipipedus","GCA_958336345.1","Endopterygota",75,1432485,"C:97.2%[S:94.8%,D:2.4%],F:0.7%,M:2.1%,n:2124",97.2,"0.2.13",64,78.6885,"proto"
"Notocelia_uddmanniana","GCA_905163555.1","Lepidoptera",74.63,6700113,"C:90.7%[S:87.4%,D:3.3%],F:4.0%,M:5.3%,n:5286",90.7,"0.2.13",67,80.6452,"proto"
"Acanthopagrus_latus","GCA_904848185.1","Clupeocephala",85.09,14880455,"C:97.7%[S:97.1%,D:0.6%],F:1.0%,M:1.3%,n:3640",97.7,"0.2.13",114,96.0396,"deutero"
"Strigops_habroptila","GCA_004027225.1","Neoaves",82.95,9454100,"C:92.9%[S:91.8%,D:1.1%],F:2.6%,M:4.5%,n:8338",92.9,"0.2.13",129,93.8596,"deutero"
"Ovis_aries","GCA_024222175.1","Laurasiatheria",77.42,31753839,"C:96.3%[S:94.4%,D:1.9%],F:1.2%,M:2.5%,n:13335",96.3,"0.2.13",217,88.4211,"deutero"
"Pandemis_corylana","GCA_949127985.1","Lepidoptera",73.13,699232,"C:92.0%[S:87.5%,D:4.5%],F:3.0%,M:5.0%,n:5286",92,"0.2.13",67,79.0323,"proto"
"Hippopus_hippopus","GCA_946811185.2","Mollusca",82.69,4905753,"C:72.8%[S:71.8%,D:1.0%],F:4.7%,M:22.5%,n:5295",72.8,"0.2.13",52,82.6923,"proto"
"Trisateles_emortualis","GCA_947095525.1","Lepidoptera",71.64,18979242,"C:95.2%[S:94.1%,D:1.1%],F:1.1%,M:3.7%,n:5286",95.2,"0.2.13",67,77.4194,"proto"
"Opisthocomus_hoazin","GCA_030867165.1","Neoaves",77.52,13957079,"C:87.6%[S:87.1%,D:0.5%],F:2.6%,M:9.8%,n:8338",87.6,"0.2.13",129,87.7193,"deutero"
"Aporophyla_nigra","GCA_947507805.1","Lepidoptera",68.66,11875565,"C:94.8%[S:94.3%,D:0.5%],F:1.2%,M:4.0%,n:5286",94.8,"0.2.13",67,74.1935,"proto"
"Scotopteryx_bipunctaria","GCA_949320045.1","Lepidoptera",68.66,7806198,"C:94.2%[S:90.6%,D:3.6%],F:1.9%,M:3.9%,n:5286",94.2,"0.2.13",67,74.1935,"proto"
"Acropora_echinata","GCA_014634105.1","Cnidaria",33.33,24392,"C:85.8%[S:0.3%,D:85.5%],F:5.6%,M:8.6%,n:954",85.8,"0.2.13",3,33.3333,"combined"
"Antitype_chi","GCA_947359415.1","Lepidoptera",73.13,793694,"C:91.6%[S:90.5%,D:1.1%],F:1.6%,M:6.8%,n:5286",91.6,"0.2.13",67,79.0323,"proto"
"Bugulina_stolonifera","GCA_935421135.1","Lophotrochozoa",55.1,12561000,"C:95.5%[S:94.5%,D:1.0%],F:2.0%,M:2.5%,n:954",95.5,"0.2.13",49,55.102,"proto"
"Sus_scrofa","GCA_024718415.1","Laurasiatheria",76.5,8942329,"C:95.5%[S:94.5%,D:1.0%],F:1.4%,M:3.1%,n:13335",95.5,"0.2.13",217,87.3684,"deutero"
"Petromyzon_marinus","GCA_010993605.1","Cyclostomata",85.71,2540784,"C:75.7%[S:71.4%,D:4.3%],F:5.5%,M:18.8%,n:3354",75.7,"0.2.13",91,92.8571,"deutero"
"Gasteruption_jaculator","GCA_949825005.1","Endopterygota",67.19,1418786,"C:84.9%[S:81.3%,D:3.6%],F:5.9%,M:9.2%,n:5991",84.9,"0.2.13",64,70.4918,"proto"
"Rousettus_aegyptiacus","GCA_014176215.1","Laurasiatheria",68.66,21999313,"C:96.5%[S:96.2%,D:0.3%],F:1.3%,M:2.2%,n:12234",96.5,"0.2.13",217,78.4211,"deutero"
"Rousettus_aegyptiacus","GCA_014176215.1","Laurasiatheria",68.66,21999313,"C:96.5%[S:96.2%,D:0.3%],F:1.3%,M:2.2%,n:12234",96.5,"0.2.13",217,78.4211,"deutero"
"Rousettus_aegyptiacus","GCA_014176215.1","Laurasiatheria",68.66,21999313,"C:96.5%[S:96.2%,D:0.3%],F:1.3%,M:2.2%,n:12234",96.5,"0.2.13",217,78.4211,"deutero"
"Rousettus_aegyptiacus","GCA_014176215.1","Laurasiatheria",68.66,21999313,"C:96.5%[S:96.2%,D:0.3%],F:1.3%,M:2.2%,n:12234",96.5,"0.2.13",217,78.4211,"deutero"
"Phalacrocorax_aristotelis","GCA_949628215.1","Neoaves",80.62,11420000,"C:92.4%[S:91.7%,D:0.7%],F:2.8%,M:4.8%,n:8338",92.4,"0.2.13",129,91.2281,"deutero"
"Bombus_terrestris","GCA_910591885.1","Endopterygota",70.31,6780370,"C:93.5%[S:93.2%,D:0.3%],F:2.6%,M:3.9%,n:5991",93.5,"0.2.13",64,73.7705,"proto"
"Osmia_bicornis_bicornis","GCA_907164925.1","Endopterygota",65.62,893605,"C:88.0%[S:87.9%,D:0.1%],F:1.9%,M:10.1%,n:5991",88,"0.2.13",64,68.8525,"proto"
"Ceratotherium_simum_cottoni","GCA_021442165.1","Laurasiatheria",81.11,16022912,"C:97.3%[S:96.5%,D:0.8%],F:1.0%,M:1.7%,n:12234",97.3,"0.2.13",217,92.6316,"deutero"
"Tenthredo_notha","GCA_914767975.1","Endopterygota",68.75,2089156,"C:93.8%[S:93.1%,D:0.7%],F:1.1%,M:5.1%,n:5991",93.8,"0.2.13",64,72.1311,"proto"
"Biomphalaria_straminea","GCA_021533235.1","Mollusca",76.92,9530,"C:84.9%[S:76.9%,D:8.0%],F:5.4%,M:9.7%,n:5295",84.9,"0.2.13",52,76.9231,"proto"
"Biomphalaria_straminea","GCA_021533235.1","Mollusca",76.92,9530,"C:84.9%[S:76.9%,D:8.0%],F:5.4%,M:9.7%,n:5295",84.9,"0.2.13",52,76.9231,"proto"
"Biomphalaria_straminea","GCA_021533235.1","Mollusca",76.92,9530,"C:84.9%[S:76.9%,D:8.0%],F:5.4%,M:9.7%,n:5295",84.9,"0.2.13",52,76.9231,"proto"
"Biomphalaria_straminea","GCA_021533235.1","Mollusca",76.92,9530,"C:84.9%[S:76.9%,D:8.0%],F:5.4%,M:9.7%,n:5295",84.9,"0.2.13",52,76.9231,"proto"
"Hemithea_aestivaria","GCA_947461825.1","Lepidoptera",71.64,171304,"C:93.1%[S:88.4%,D:4.7%],F:3.2%,M:3.7%,n:5286",93.1,"0.2.13",67,77.4194,"proto"
"Marmota_monax","GCA_901343595.1","Glires",78.64,189547,"C:91.7%[S:89.2%,D:2.5%],F:2.8%,M:5.5%,n:12692",91.7,"0.2.13",220,90.5759,"deutero"
"Eilema_sororculum","GCA_914829495.1","Lepidoptera",71.64,11816033,"C:94.1%[S:91.5%,D:2.6%],F:2.8%,M:3.1%,n:5286",94.1,"0.2.13",67,77.4194,"proto"
"Sabethes_cyaneus","GCA_943734655.1","Diptera",76.12,22692164,"C:96.5%[S:95.6%,D:0.9%],F:0.9%,M:2.6%,n:3285",96.5,"0.2.13",67,82.2581,"proto"
"Mythimna_ferrago","GCA_910589285.1","Lepidoptera",71.64,27190380,"C:96.6%[S:95.9%,D:0.7%],F:1.1%,M:2.3%,n:5286",96.6,"0.2.13",67,77.4194,"proto"
"Chrysomallon_squamiferum","GCA_012295275.1","Mollusca",94.23,1883489,"C:90.3%[S:88.8%,D:1.5%],F:1.8%,M:7.9%,n:5295",90.3,"0.2.13",52,94.2308,"proto"
"Chrysomallon_squamiferum","GCA_012295275.1","Mollusca",94.23,1883489,"C:90.3%[S:88.8%,D:1.5%],F:1.8%,M:7.9%,n:5295",90.3,"0.2.13",52,94.2308,"proto"
"Chrysomallon_squamiferum","GCA_012295275.1","Mollusca",94.23,1883489,"C:90.3%[S:88.8%,D:1.5%],F:1.8%,M:7.9%,n:5295",90.3,"0.2.13",52,94.2308,"proto"
"Chrysomallon_squamiferum","GCA_012295275.1","Mollusca",94.23,1883489,"C:90.3%[S:88.8%,D:1.5%],F:1.8%,M:7.9%,n:5295",90.3,"0.2.13",52,94.2308,"proto"
"Opisthograptis_luteolata","GCA_931315375.2","Lepidoptera",70.15,13097472,"C:93.0%[S:90.3%,D:2.7%],F:2.8%,M:4.2%,n:5286",93,"0.2.13",67,75.8065,"proto"
"Boloria_selene","GCA_905231865.2","Lepidoptera",76.12,13401531,"C:97.1%[S:94.9%,D:2.2%],F:1.5%,M:1.4%,n:5286",97.1,"0.2.13",67,82.2581,"proto"
"Lysandra_coridon","GCA_905220515.1","Lepidoptera",71.64,2004790,"C:95.5%[S:94.9%,D:0.6%],F:1.1%,M:3.4%,n:5286",95.5,"0.2.13",67,77.4194,"proto"
"Oncorhynchus_gorbuscha","GCA_017355495.1","Clupeocephala",82.46,1753068,"C:95.2%[S:60.8%,D:34.4%],F:1.8%,M:3.0%,n:3640",95.2,"0.2.13",114,93.0693,"deutero"
"Lacanobia_wlatinum","GCA_947579085.1","Lepidoptera",68.66,1296639,"C:91.4%[S:90.1%,D:1.3%],F:1.6%,M:7.0%,n:5286",91.4,"0.2.13",67,74.1935,"proto"
"Melieria_omissa","GCA_963971225.1","Diptera",67.16,4091810,"C:93.6%[S:89.3%,D:4.3%],F:2.1%,M:4.3%,n:3285",93.6,"0.2.13",67,72.5806,"proto"
"Melieria_omissa","GCA_963971225.1","Diptera",67.16,4091810,"C:93.6%[S:89.3%,D:4.3%],F:2.1%,M:4.3%,n:3285",93.6,"0.2.13",67,72.5806,"proto"
"Melieria_omissa","GCA_963971225.1","Diptera",67.16,4091810,"C:93.6%[S:89.3%,D:4.3%],F:2.1%,M:4.3%,n:3285",93.6,"0.2.13",67,72.5806,"proto"
"Melieria_omissa","GCA_963971225.1","Diptera",67.16,4091810,"C:93.6%[S:89.3%,D:4.3%],F:2.1%,M:4.3%,n:3285",93.6,"0.2.13",67,72.5806,"proto"
"Xyrauchen_texanus","GCA_025860055.1","Clupeocephala",81.58,5095822,"C:96.4%[S:49.1%,D:47.3%],F:1.3%,M:2.3%,n:3640",96.4,"0.2.13",114,92.0792,"deutero"
"Cydia_splendana","GCA_910591565.1","Lepidoptera",71.64,6521190,"C:94.7%[S:93.6%,D:1.1%],F:1.9%,M:3.4%,n:5286",94.7,"0.2.13",67,77.4194,"proto"
"Polydrusus_cervinus","GCA_935413225.1","Endopterygota",79.69,655570,"C:90.2%[S:86.3%,D:3.9%],F:3.6%,M:6.2%,n:2124",90.2,"0.2.13",64,83.6066,"proto"
"Fabriciana_adippe","GCA_905404255.1","Lepidoptera",68.66,4513086,"C:90.6%[S:90.0%,D:0.6%],F:0.7%,M:8.7%,n:5286",90.6,"0.2.13",67,74.1935,"proto"
"Passerculus_sandwichensis","GCA_031885435.1","Neoaves",79.84,19816254,"C:90.3%[S:89.8%,D:0.5%],F:2.0%,M:7.7%,n:10844",90.3,"0.2.13",129,90.3509,"deutero"
"Calliphora_vomitoria","GCA_942486075.2","Diptera",67.16,1424129,"C:96.4%[S:95.4%,D:1.0%],F:0.7%,M:2.9%,n:3285",96.4,"0.2.13",67,72.5806,"proto"
"Noctua_pronuba","GCA_905220335.1","Lepidoptera",73.13,16195000,"C:92.3%[S:89.9%,D:2.4%],F:2.7%,M:5.0%,n:5286",92.3,"0.2.13",67,79.0323,"proto"
"Bombus_campestris","GCA_905333015.2","Endopterygota",70.31,6166019,"C:94.9%[S:94.4%,D:0.5%],F:1.6%,M:3.5%,n:5991",94.9,"0.2.13",64,73.7705,"proto"
"Poecilobothrus_nobilitatus","GCA_947095535.1","Diptera",65.67,3616594,"C:91.8%[S:90.6%,D:1.2%],F:1.1%,M:7.1%,n:3285",91.8,"0.2.13",67,70.9677,"proto"
"Haemorhous_mexicanus","GCA_027477595.1","Neoaves",81.4,16787335,"C:94.7%[S:94.3%,D:0.4%],F:1.4%,M:3.9%,n:10844",94.7,"0.2.13",129,92.1053,"deutero"
"Ypsolopha_sequella","GCA_934041175.1","Lepidoptera",71.64,632938,"C:91.0%[S:87.3%,D:3.7%],F:3.4%,M:5.6%,n:5286",91,"0.2.13",67,77.4194,"proto"
"Orthosia_gracilis","GCA_947563345.1","Lepidoptera",71.64,3030435,"C:95.3%[S:94.2%,D:1.1%],F:1.0%,M:3.7%,n:5286",95.3,"0.2.13",67,77.4194,"proto"
"Lithophane_ornitopus","GCA_948473405.1","Lepidoptera",68.66,2819783,"C:94.8%[S:94.0%,D:0.8%],F:1.2%,M:4.0%,n:5286",94.8,"0.2.13",67,74.1935,"proto"
"Hippasteria_phrygiana","GCA_037893225.1","Eleutherozoa",55.81,1385165,"C:92.0%[S:89.9%,D:2.1%],F:4.5%,M:3.5%,n:954",92,"0.2.13",43,55.814,"deutero"
"Chrysotoxum_festivum","GCA_963931855.1","Diptera",74.63,3712000,"C:95.2%[S:93.8%,D:1.4%],F:1.2%,M:3.6%,n:3285",95.2,"0.2.13",67,80.6452,"proto"
"Homo_sapiens","GCA_018503245.1","Catarrhini",84.49,27177738,"C:98.9%[S:98.5%,D:0.4%],F:0.2%,M:0.9%,n:13780",98.9,"0.2.13",245,99.5192,"deutero"
"Collichthys_lucidus","GCA_004119915.2","Clupeocephala",85.09,1098566,"C:94.8%[S:69.8%,D:25.0%],F:1.8%,M:3.4%,n:3640",94.8,"0.2.13",114,96.0396,"deutero"
"Clistopyga_incitator","GCA_947507575.1","Endopterygota",67.19,1132371,"C:90.4%[S:86.2%,D:4.2%],F:4.0%,M:5.6%,n:5991",90.4,"0.2.13",64,70.4918,"proto"
"Carterocephalus_palaemon","GCA_944567765.1","Lepidoptera",70.15,13129920,"C:87.0%[S:84.7%,D:2.3%],F:3.6%,M:9.4%,n:5286",87,"0.2.13",67,75.8065,"proto"
"Eupeodes_latifasciatus","GCA_920104205.1","Diptera",76.12,2687379,"C:96.1%[S:94.9%,D:1.2%],F:0.9%,M:3.0%,n:3285",96.1,"0.2.13",67,82.2581,"proto"
"Platycheirus_albimanus","GCA_916050605.1","Diptera",76.12,5597966,"C:95.6%[S:94.0%,D:1.6%],F:1.2%,M:3.2%,n:3285",95.6,"0.2.13",67,82.2581,"proto"
"Peromyscus_eremicus","GCA_949786415.1","Glires",72.27,1332236,"C:96.4%[S:95.3%,D:1.1%],F:0.9%,M:2.7%,n:13798",96.4,"0.2.13",220,83.2461,"deutero"
"Philereme_vetulata","GCA_918857605.1","Lepidoptera",68.66,6322953,"C:92.1%[S:90.1%,D:2.0%],F:3.5%,M:4.4%,n:5286",92.1,"0.2.13",67,74.1935,"proto"
"Peromyscus_polionotus_subgriseus","GCA_003704135.2","Glires",72.27,13217,"C:97.0%[S:95.9%,D:1.1%],F:0.8%,M:2.2%,n:13798",97,"0.2.13",220,83.2461,"deutero"
"Peromyscus_polionotus_subgriseus","GCA_003704135.2","Glires",72.27,13217,"C:97.0%[S:95.9%,D:1.1%],F:0.8%,M:2.2%,n:13798",97,"0.2.13",220,83.2461,"deutero"
"Peromyscus_polionotus_subgriseus","GCA_003704135.2","Glires",72.27,13217,"C:97.0%[S:95.9%,D:1.1%],F:0.8%,M:2.2%,n:13798",97,"0.2.13",220,83.2461,"deutero"
"Peromyscus_polionotus_subgriseus","GCA_003704135.2","Glires",72.27,13217,"C:97.0%[S:95.9%,D:1.1%],F:0.8%,M:2.2%,n:13798",97,"0.2.13",220,83.2461,"deutero"
"Pinctada_radiata","GCA_964261305.1","Mollusca",88.46,8065000,"C:93.2%[S:92.0%,D:1.2%],F:1.3%,M:5.5%,n:5295",93.2,"0.2.13",52,88.4615,"proto"
"Idaea_straminata","GCA_951213275.1","Lepidoptera",73.13,9796490,"C:96.5%[S:93.1%,D:3.4%],F:1.6%,M:1.9%,n:5286",96.5,"0.2.13",67,79.0323,"proto"
"Ovis_aries","GCA_022416695.1","Laurasiatheria",76.5,17870341,"C:92.5%[S:91.3%,D:1.2%],F:1.4%,M:6.1%,n:13335",92.5,"0.2.13",217,87.3684,"deutero"
"Gibbula_magus","GCA_936450465.1","Mollusca",90.38,3416053,"C:75.8%[S:74.1%,D:1.7%],F:5.3%,M:18.9%,n:5295",75.8,"0.2.13",52,90.3846,"proto"
"Crocallis_elinguaria","GCA_907269135.1","Lepidoptera",70.15,3290844,"C:90.5%[S:88.2%,D:2.3%],F:2.2%,M:7.3%,n:5286",90.5,"0.2.13",67,75.8065,"proto"
"Nowickia_ferox","GCA_936446695.1","Diptera",67.16,2605262,"C:93.0%[S:84.3%,D:8.7%],F:2.9%,M:4.1%,n:3285",93,"0.2.13",67,72.5806,"proto"
"Bombus_terrestris","GCA_910591885.2","Endopterygota",70.31,6780370,"C:94.9%[S:94.5%,D:0.4%],F:1.6%,M:3.5%,n:5991",94.9,"0.2.13",64,73.7705,"proto"
"Meliscaeva_auricollis","GCA_948107695.1","Diptera",76.12,4898463,"C:95.8%[S:95.3%,D:0.5%],F:0.8%,M:3.4%,n:3285",95.8,"0.2.13",67,82.2581,"proto"
"Numenius_arquata","GCA_964106895.1","Neoaves",83.72,2605715,"C:88.3%[S:87.5%,D:0.8%],F:3.5%,M:8.2%,n:8338",88.3,"0.2.13",129,94.7368,"deutero"
"Numenius_arquata","GCA_964106895.1","Neoaves",83.72,2605715,"C:88.3%[S:87.5%,D:0.8%],F:3.5%,M:8.2%,n:8338",88.3,"0.2.13",129,94.7368,"deutero"
"Numenius_arquata","GCA_964106895.1","Neoaves",83.72,2605715,"C:88.3%[S:87.5%,D:0.8%],F:3.5%,M:8.2%,n:8338",88.3,"0.2.13",129,94.7368,"deutero"
"Numenius_arquata","GCA_964106895.1","Neoaves",83.72,2605715,"C:88.3%[S:87.5%,D:0.8%],F:3.5%,M:8.2%,n:8338",88.3,"0.2.13",129,94.7368,"deutero"
"Gymnosoma_rotundatum","GCA_916610165.1","Diptera",70.15,9400655,"C:97.6%[S:96.9%,D:0.7%],F:0.6%,M:1.8%,n:3285",97.6,"0.2.13",67,75.8065,"proto"
"Actinia_equina","GCA_011057435.1","Cnidaria",33.33,492607,"C:95.5%[S:64.7%,D:30.8%],F:2.7%,M:1.8%,n:954",95.5,"0.2.13",3,33.3333,"combined"
"Homo_sapiens","GCA_018472765.1","Catarrhini",84.49,56474489,"C:99.0%[S:98.6%,D:0.4%],F:0.2%,M:0.8%,n:13780",99,"0.2.13",245,99.5192,"deutero"
"Eulithis_testata","GCA_947507515.1","Lepidoptera",68.66,9289000,"C:95.5%[S:92.2%,D:3.3%],F:1.7%,M:2.8%,n:5286",95.5,"0.2.13",67,74.1935,"proto"
"Clupea_harengus","GCA_900700415.2","Clupeocephala",78.07,1006413,"C:95.5%[S:91.9%,D:3.6%],F:1.5%,M:3.0%,n:3640",95.5,"0.2.13",114,88.1188,"deutero"
"Cheilinus_undulatus","GCA_018320785.1","Clupeocephala",85.09,16477222,"C:96.7%[S:95.7%,D:1.0%],F:0.9%,M:2.4%,n:3640",96.7,"0.2.13",114,96.0396,"deutero"
"Gonocerus_acuteangulatus","GCA_946811695.1","Neoptera",66.13,1130754,"C:92.5%[S:89.0%,D:3.5%],F:2.9%,M:4.6%,n:2510",92.5,"0.2.13",62,69.4915,"proto"
"Colletes_gigas","GCA_013123115.1","Endopterygota",68.75,6455398,"C:62.0%[S:60.7%,D:1.3%],F:1.2%,M:36.8%,n:5286",62,"0.2.13",64,72.1311,"proto"
"Apamea_epomidion","GCA_947507525.1","Lepidoptera",70.15,10791849,"C:92.7%[S:90.5%,D:2.2%],F:2.5%,M:4.8%,n:5286",92.7,"0.2.13",67,75.8065,"proto"
"Rhopilema_esculentum","GCA_013076305.1","Cnidaria",0,195514,"C:85.4%[S:0.2%,D:85.2%],F:6.2%,M:8.4%,n:954",85.4,"0.2.13",3,0,"combined"
"Heteronetta_atricapilla","GCA_011075105.1","Neognathae",78.91,151401,"C:91.8%[S:90.3%,D:1.5%],F:3.3%,M:4.9%,n:8338",91.8,"0.2.13",128,89.3805,"deutero"
"Coccinella_septempunctata","GCA_907165185.1","Endopterygota",70.31,12431197,"C:95.0%[S:93.6%,D:1.4%],F:1.3%,M:3.7%,n:2124",95,"0.2.13",64,73.7705,"proto"
"Thalpophila_matura","GCA_948465475.1","Lepidoptera",71.64,11850868,"C:93.1%[S:89.0%,D:4.1%],F:3.3%,M:3.6%,n:5286",93.1,"0.2.13",67,77.4194,"proto"
"Echinococcus_multilocularis","GCA_000469725.3","Lophotrochozoa",8.16,11270870,"C:72.6%[S:70.6%,D:2.0%],F:5.2%,M:22.2%,n:954",72.6,"0.2.13",49,8.16327,"proto"
"Autographa_gamma","GCA_905146835.1","Lepidoptera",71.64,9142168,"C:92.6%[S:92.2%,D:0.4%],F:0.9%,M:6.5%,n:5286",92.6,"0.2.13",67,77.4194,"proto"
"Noctua_pronuba","GCA_905220345.1","Lepidoptera",71.64,14407860,"C:88.8%[S:86.5%,D:2.3%],F:2.7%,M:8.5%,n:5286",88.8,"0.2.13",67,77.4194,"proto"
"Xanthia_icteritia","GCA_949128155.1","Lepidoptera",71.64,14938151,"C:94.0%[S:90.0%,D:4.0%],F:2.5%,M:3.5%,n:5286",94,"0.2.13",67,77.4194,"proto"
"Parapoynx_stratiotata","GCA_910589245.1","Lepidoptera",71.64,2262674,"C:90.7%[S:90.0%,D:0.7%],F:1.1%,M:8.2%,n:5286",90.7,"0.2.13",67,77.4194,"proto"
"Chrysolina_oricalcia","GCA_944452925.1","Endopterygota",70.31,5478000,"C:89.0%[S:85.6%,D:3.4%],F:5.7%,M:5.3%,n:2124",89,"0.2.13",64,73.7705,"proto"
"Siniperca_scherzeri","GCA_027580175.1","Clupeocephala",85.96,16036871,"C:96.6%[S:95.7%,D:0.9%],F:1.2%,M:2.2%,n:3640",96.6,"0.2.13",114,97.0297,"deutero"
"Hypomecis_punctinalis","GCA_949316335.1","Lepidoptera",70.15,591008,"C:93.4%[S:91.8%,D:1.6%],F:1.6%,M:5.0%,n:5286",93.4,"0.2.13",67,75.8065,"proto"
"Mythimna_impura","GCA_905147345.1","Lepidoptera",74.63,23340292,"C:96.3%[S:95.3%,D:1.0%],F:1.3%,M:2.4%,n:5286",96.3,"0.2.13",67,80.6452,"proto"
"Perognathus_longimembris_pacificus","GCA_023159225.1","Glires",66.82,7389774,"C:92.7%[S:90.2%,D:2.5%],F:0.8%,M:6.5%,n:13798",92.7,"0.2.13",220,76.9634,"deutero"
"Anoplius_nigerrimus","GCA_914767735.1","Endopterygota",64.06,1681933,"C:88.9%[S:86.4%,D:2.5%],F:4.7%,M:6.4%,n:5991",88.9,"0.2.13",64,67.2131,"proto"
"Maniola_jurtina","GCA_905333105.1","Lepidoptera",71.64,4297759,"C:90.5%[S:90.1%,D:0.4%],F:0.9%,M:8.6%,n:5286",90.5,"0.2.13",67,77.4194,"proto"
"Tenthredo_amoena","GCA_963966615.1","Endopterygota",71.88,3886311,"C:90.2%[S:89.7%,D:0.5%],F:4.5%,M:5.3%,n:5991",90.2,"0.2.13",64,75.4098,"proto"
"Nymphula_nitidulata","GCA_947347705.1","Lepidoptera",73.13,21168000,"C:93.4%[S:89.7%,D:3.7%],F:2.9%,M:3.7%,n:5286",93.4,"0.2.13",67,79.0323,"proto"
"Lasioglossum_pauxillum","GCA_933228785.1","Endopterygota",67.19,10669560,"C:96.0%[S:95.4%,D:0.6%],F:1.1%,M:2.9%,n:5991",96,"0.2.13",64,70.4918,"proto"
"Gandaritis_pyraliata","GCA_947859165.1","Lepidoptera",65.67,1700954,"C:90.5%[S:87.0%,D:3.5%],F:1.8%,M:7.7%,n:5286",90.5,"0.2.13",67,70.9677,"proto"
"Cerceris_ruficornis","GCA_963989415.1","Endopterygota",67.19,3196449,"C:89.4%[S:89.2%,D:0.2%],F:5.3%,M:5.3%,n:5991",89.4,"0.2.13",64,70.4918,"proto"
"Cerceris_ruficornis","GCA_963989415.1","Endopterygota",67.19,3196449,"C:89.4%[S:89.2%,D:0.2%],F:5.3%,M:5.3%,n:5991",89.4,"0.2.13",64,70.4918,"proto"
"Cerceris_ruficornis","GCA_963989415.1","Endopterygota",67.19,3196449,"C:89.4%[S:89.2%,D:0.2%],F:5.3%,M:5.3%,n:5991",89.4,"0.2.13",64,70.4918,"proto"
"Cerceris_ruficornis","GCA_963989415.1","Endopterygota",67.19,3196449,"C:89.4%[S:89.2%,D:0.2%],F:5.3%,M:5.3%,n:5991",89.4,"0.2.13",64,70.4918,"proto"
"Chrysodeixis_includens","GCA_903961255.1","Lepidoptera",73.13,1958027,"C:93.7%[S:93.2%,D:0.5%],F:0.5%,M:5.8%,n:5286",93.7,"0.2.13",67,79.0323,"proto"
"Hoplodrina_blanda","GCA_949316365.1","Lepidoptera",68.66,12951863,"C:94.6%[S:90.8%,D:3.8%],F:2.4%,M:3.0%,n:5286",94.6,"0.2.13",67,74.1935,"proto"
"Schmidtea_mediterranea","GCA_002600895.1","Lophotrochozoa",63.27,834707,"C:77.0%[S:70.1%,D:6.9%],F:4.1%,M:18.9%,n:954",77,"0.2.13",49,63.2653,"proto"
"Raja_brachyura","GCA_963514005.1","Chondrichthyes",79.59,2048057,"C:92.5%[S:51.6%,D:40.9%],F:2.6%,M:4.9%,n:3354",92.5,"0.2.13",98,86.6667,"deutero"
"Coregonus_clupeaformis","GCA_020615455.1","Clupeocephala",80.7,2177185,"C:97.1%[S:52.0%,D:45.1%],F:1.2%,M:1.7%,n:3640",97.1,"0.2.13",114,91.0891,"deutero"
"Epistrophe_grossulariae","GCA_929447395.1","Diptera",74.63,4913865,"C:94.4%[S:90.9%,D:3.5%],F:2.5%,M:3.1%,n:3285",94.4,"0.2.13",67,80.6452,"proto"
"Diarsia_rubi","GCA_932274355.1","Lepidoptera",67.16,4546862,"C:88.8%[S:86.5%,D:2.3%],F:3.2%,M:8.0%,n:5286",88.8,"0.2.13",67,72.5806,"proto"
"Anolis_carolinensis","GCA_000090745.2","Lepidosauria",79.66,79867,"C:85.6%[S:84.2%,D:1.4%],F:3.5%,M:10.9%,n:7480",85.6,"0.2.13",118,87.8505,"deutero"
"Diplodus_puntazzo","GCA_963678695.2","Clupeocephala",85.09,5518951,"C:96.9%[S:96.2%,D:0.7%],F:0.8%,M:2.3%,n:3640",96.9,"0.2.13",114,96.0396,"deutero"
"Cydia_splendana","GCA_910591525.1","Lepidoptera",71.64,1108643,"C:85.9%[S:84.3%,D:1.6%],F:1.6%,M:12.5%,n:5286",85.9,"0.2.13",67,77.4194,"proto"
"Mugil_cephalus","GCA_022458985.1","Clupeocephala",84.21,20153794,"C:96.5%[S:95.9%,D:0.6%],F:0.8%,M:2.7%,n:3640",96.5,"0.2.13",114,95.0495,"deutero"
"Mytilus_edulis","GCA_025276775.1","Mollusca",88.46,29172,"C:79.8%[S:67.4%,D:12.4%],F:5.2%,M:15.0%,n:5295",79.8,"0.2.13",52,88.4615,"proto"
"Oryzias_latipes","GCA_002234695.1","Clupeocephala",79.82,3516609,"C:93.6%[S:92.7%,D:0.9%],F:1.6%,M:4.8%,n:3640",93.6,"0.2.13",114,90.099,"deutero"
"Homo_sapiens","GCA_042076675.1","Catarrhini",84.49,137486831,"C:98.9%[S:98.4%,D:0.5%],F:0.4%,M:0.7%,n:13780",98.9,"0.2.13",245,99.5192,"deutero"
"Thymallus_thymallus","GCA_023634145.1","Clupeocephala",80.7,2277286,"C:96.7%[S:57.8%,D:38.9%],F:0.9%,M:2.4%,n:3640",96.7,"0.2.13",114,91.0891,"deutero"
"Bombus_impatiens","GCA_000188095.4","Endopterygota",68.75,59072,"C:93.1%[S:92.9%,D:0.2%],F:3.0%,M:3.9%,n:5991",93.1,"0.2.13",64,72.1311,"proto"
"Margaritifera_margaritifera","GCA_029931535.1","Mollusca",86.54,3425502,"C:91.3%[S:88.8%,D:2.5%],F:2.0%,M:6.7%,n:5295",91.3,"0.2.13",52,86.5385,"proto"
"Margaritifera_margaritifera","GCA_029931535.1","Mollusca",86.54,3425502,"C:91.3%[S:88.8%,D:2.5%],F:2.0%,M:6.7%,n:5295",91.3,"0.2.13",52,86.5385,"proto"
"Margaritifera_margaritifera","GCA_029931535.1","Mollusca",86.54,3425502,"C:91.3%[S:88.8%,D:2.5%],F:2.0%,M:6.7%,n:5295",91.3,"0.2.13",52,86.5385,"proto"
"Margaritifera_margaritifera","GCA_029931535.1","Mollusca",86.54,3425502,"C:91.3%[S:88.8%,D:2.5%],F:2.0%,M:6.7%,n:5295",91.3,"0.2.13",52,86.5385,"proto"
"Gasterosteus_nipponicus","GCA_014132575.2","Clupeocephala",83.33,544634,"C:91.4%[S:89.8%,D:1.6%],F:3.0%,M:5.6%,n:3640",91.4,"0.2.13",114,94.0594,"deutero"
"Selenia_dentaria","GCA_917880765.1","Lepidoptera",68.66,1850243,"C:92.0%[S:89.3%,D:2.7%],F:4.2%,M:3.8%,n:5286",92,"0.2.13",67,74.1935,"proto"
"Homo_sapiens","GCA_041900245.1","Catarrhini",84.49,103282266,"C:98.9%[S:98.3%,D:0.6%],F:0.4%,M:0.7%,n:13780",98.9,"0.2.13",245,99.5192,"deutero"
"Lycopodina_hypogea","GCA_963969325.1","Demospongiae",0,169098,"C:68.4%[S:66.7%,D:1.7%],F:13.4%,M:18.2%,n:954",68.4,"0.2.13",6,0,"combined"
"Argyra_leucocephala","GCA_963942445.1","Diptera",58.21,4990337,"C:92.6%[S:88.3%,D:4.3%],F:2.2%,M:5.2%,n:3285",92.6,"0.2.13",67,62.9032,"proto"
"Xestia_sexstrigata","GCA_941918865.2","Lepidoptera",70.15,1597079,"C:92.1%[S:91.4%,D:0.7%],F:1.1%,M:6.8%,n:5286",92.1,"0.2.13",67,75.8065,"proto"
"Agelas_oroides","GCA_949130485.1","Demospongiae",0,2249437,"C:84.9%[S:82.4%,D:2.5%],F:5.2%,M:9.9%,n:954",84.9,"0.2.13",6,0,"combined"
"Chrysaora_quinquecirrha","GCA_012295145.1","Cnidaria",33.33,230037,"C:82.6%[S:68.8%,D:13.8%],F:7.9%,M:9.5%,n:954",82.6,"0.2.13",3,33.3333,"combined"
"Bombus_difficillimus","GCA_014737525.1","Endopterygota",70.31,338993,"C:93.3%[S:93.2%,D:0.1%],F:2.8%,M:3.9%,n:5991",93.3,"0.2.13",64,73.7705,"proto"
"Ammodytes_marinus","GCA_949987685.1","Clupeocephala",83.33,2041615,"C:94.8%[S:93.6%,D:1.2%],F:1.4%,M:3.8%,n:3640",94.8,"0.2.13",114,94.0594,"deutero"
"Aporia_crataegi","GCA_912999795.1","Lepidoptera",71.64,5261076,"C:96.5%[S:95.9%,D:0.6%],F:0.6%,M:2.9%,n:5286",96.5,"0.2.13",67,77.4194,"proto"
"Leucozona_laternaria","GCA_932273885.1","Diptera",76.12,7478926,"C:96.0%[S:95.4%,D:0.6%],F:0.6%,M:3.4%,n:3285",96,"0.2.13",67,82.2581,"proto"
"Noctua_janthe","GCA_910589295.1","Lepidoptera",71.64,18438343,"C:91.3%[S:88.6%,D:2.7%],F:3.4%,M:5.3%,n:5286",91.3,"0.2.13",67,77.4194,"proto"
"Lagria_hirta","GCA_947359425.1","Endopterygota",81.25,7715647,"C:95.7%[S:94.1%,D:1.6%],F:0.8%,M:3.5%,n:2124",95.7,"0.2.13",64,85.2459,"proto"
"Ochropacha_duplaris","GCA_951361185.1","Lepidoptera",76.12,9491029,"C:95.3%[S:91.6%,D:3.7%],F:2.1%,M:2.6%,n:5286",95.3,"0.2.13",67,82.2581,"proto"
"Nycteola_revayana","GCA_947037095.2","Lepidoptera",74.63,11315063,"C:95.3%[S:94.8%,D:0.5%],F:1.0%,M:3.7%,n:5286",95.3,"0.2.13",67,80.6452,"proto"
"Platycheirus_albimanus","GCA_916050605.2","Diptera",76.12,5597966,"C:95.6%[S:94.0%,D:1.6%],F:1.2%,M:3.2%,n:3285",95.6,"0.2.13",67,82.2581,"proto"
"Nomada_lathburiana","GCA_963667235.1","Endopterygota",68.75,13077505,"C:94.5%[S:94.2%,D:0.3%],F:2.1%,M:3.4%,n:5991",94.5,"0.2.13",64,72.1311,"proto"
"Orcinus_orca","GCA_937001465.1","Laurasiatheria",78.8,45583382,"C:95.9%[S:95.0%,D:0.9%],F:1.0%,M:3.1%,n:12234",95.9,"0.2.13",217,90,"deutero"
"Acentria_ephemerella","GCA_943193655.1","Lepidoptera",73.13,2530260,"C:92.7%[S:89.6%,D:3.1%],F:2.7%,M:4.6%,n:5286",92.7,"0.2.13",67,79.0323,"proto"
"Erannis_defoliaria","GCA_905404285.1","Lepidoptera",73.13,11448532,"C:90.4%[S:88.3%,D:2.1%],F:3.8%,M:5.8%,n:5286",90.4,"0.2.13",67,79.0323,"proto"
"Anthopleura_xanthogrammica","GCA_964019055.1","Cnidaria",33.33,2343175,"C:96.7%[S:95.7%,D:1.0%],F:0.9%,M:2.4%,n:954",96.7,"0.2.13",3,33.3333,"combined"
"Boloria_selene","GCA_905231875.1","Lepidoptera",71.64,4427016,"C:83.1%[S:80.9%,D:2.2%],F:1.3%,M:15.6%,n:5286",83.1,"0.2.13",67,77.4194,"proto"
"Boloria_euphrosyne","GCA_951802675.2","Lepidoptera",76.12,9201020,"C:95.2%[S:91.6%,D:3.6%],F:2.4%,M:2.4%,n:5286",95.2,"0.2.13",67,82.2581,"proto"
"Hippocampus_abdominalis","GCA_018466805.1","Clupeocephala",76.32,8410403,"C:91.6%[S:90.1%,D:1.5%],F:2.0%,M:6.4%,n:3640",91.6,"0.2.13",114,86.1386,"deutero"
"Melanostoma_scalare","GCA_949752715.1","Diptera",74.63,646024,"C:93.2%[S:91.3%,D:1.9%],F:1.6%,M:5.2%,n:3285",93.2,"0.2.13",67,80.6452,"proto"
"Vespa_crabro","GCA_910589235.2","Endopterygota",64.06,2980993,"C:94.5%[S:94.1%,D:0.4%],F:1.4%,M:4.1%,n:5991",94.5,"0.2.13",64,67.2131,"proto"
"Oryzias_latipes","GCA_947078795.1","Clupeocephala",80.7,1230570,"C:95.3%[S:94.6%,D:0.7%],F:1.4%,M:3.3%,n:3640",95.3,"0.2.13",114,91.0891,"deutero"
"Homo_sapiens","GCA_018472685.1","Catarrhini",84.49,50125412,"C:98.8%[S:98.3%,D:0.5%],F:0.2%,M:1.0%,n:13780",98.8,"0.2.13",245,99.5192,"deutero"
"Helicoverpa_zea","GCA_022581195.1","Lepidoptera",70.15,10871041,"C:95.8%[S:95.2%,D:0.6%],F:1.0%,M:3.2%,n:5286",95.8,"0.2.13",67,75.8065,"proto"
"Helicoverpa_zea","GCA_022581195.1","Lepidoptera",70.15,10871041,"C:99.6%[S:99.1%,D:0.5%],F:0.1%,M:0.3%,n:5286",99.6,"0.2.13",67,75.8065,"proto"
"Sisyra_terminalis","GCA_958496175.1","Endopterygota",71.88,21257292,"C:95.9%[S:94.6%,D:1.3%],F:1.3%,M:2.8%,n:2124",95.9,"0.2.13",64,75.4098,"proto"
"Tuberolachnus_salignus","GCA_956483605.1","Neoptera",50,5549255,"C:97.9%[S:96.7%,D:1.2%],F:0.4%,M:1.7%,n:2510",97.9,"0.2.13",62,52.5424,"proto"
"Alouatta_palliata","GCA_004027835.1","Euarchontoglires",76.71,51304,"C:67.6%[S:66.1%,D:1.5%],F:7.7%,M:24.7%,n:13780",67.6,"0.2.13",219,88.4211,"deutero"
"Pieris_napi","GCA_905231895.1","Lepidoptera",70.15,8823493,"C:96.7%[S:96.0%,D:0.7%],F:0.9%,M:2.4%,n:5286",96.7,"0.2.13",67,75.8065,"proto"
"Carcina_quercana","GCA_910589575.2","Lepidoptera",74.63,13030025,"C:91.3%[S:88.6%,D:2.7%],F:3.0%,M:5.7%,n:5286",91.3,"0.2.13",67,80.6452,"proto"
"Ephestia_elutella","GCA_018467065.1","Lepidoptera",76.12,433391,"C:93.2%[S:90.1%,D:3.1%],F:1.6%,M:5.2%,n:5286",93.2,"0.2.13",67,82.2581,"proto"
"Pterostichus_madidus","GCA_911728425.1","Endopterygota",64.06,255117,"C:78.8%[S:77.1%,D:1.7%],F:2.6%,M:18.6%,n:2124",78.8,"0.2.13",64,67.2131,"proto"
"Pieris_napi","GCA_905231885.1","Lepidoptera",70.15,10922705,"C:97.0%[S:96.1%,D:0.9%],F:0.8%,M:2.2%,n:5286",97,"0.2.13",67,75.8065,"proto"
"Campaea_margaritaria","GCA_912999815.1","Lepidoptera",71.64,11935323,"C:93.3%[S:91.0%,D:2.3%],F:2.5%,M:4.2%,n:5286",93.3,"0.2.13",67,77.4194,"proto"
"Oreochromis_aureus","GCA_013358895.1","Clupeocephala",85.09,4182292,"C:97.7%[S:96.9%,D:0.8%],F:0.9%,M:1.4%,n:3640",97.7,"0.2.13",114,96.0396,"deutero"
"Volucella_inanis","GCA_907269105.1","Diptera",74.63,30067333,"C:96.1%[S:95.5%,D:0.6%],F:1.0%,M:2.9%,n:3285",96.1,"0.2.13",67,80.6452,"proto"
"Eospalax_fontanierii","GCA_035773235.1","Glires",72.73,59200000,"C:97.5%[S:96.6%,D:0.9%],F:0.6%,M:1.9%,n:13798",97.5,"0.2.13",220,83.7696,"deutero"
"Eospalax_fontanierii","GCA_035773235.1","Glires",72.73,59200000,"C:97.5%[S:96.6%,D:0.9%],F:0.6%,M:1.9%,n:13798",97.5,"0.2.13",220,83.7696,"deutero"
"Eospalax_fontanierii","GCA_035773235.1","Glires",72.73,59200000,"C:97.5%[S:96.6%,D:0.9%],F:0.6%,M:1.9%,n:13798",97.5,"0.2.13",220,83.7696,"deutero"
"Eospalax_fontanierii","GCA_035773235.1","Glires",72.73,59200000,"C:97.5%[S:96.6%,D:0.9%],F:0.6%,M:1.9%,n:13798",97.5,"0.2.13",220,83.7696,"deutero"
"Lasiommata_megera","GCA_928268935.1","Lepidoptera",74.63,17824849,"C:96.8%[S:96.3%,D:0.5%],F:0.8%,M:2.4%,n:5286",96.8,"0.2.13",67,80.6452,"proto"
"Cydia_strobilella","GCA_947568885.1","Lepidoptera",74.63,10643263,"C:94.9%[S:94.0%,D:0.9%],F:1.4%,M:3.7%,n:5286",94.9,"0.2.13",67,80.6452,"proto"
"Bombus_pratorum","GCA_930367275.1","Endopterygota",70.31,8533403,"C:94.7%[S:94.2%,D:0.5%],F:1.7%,M:3.6%,n:5991",94.7,"0.2.13",64,73.7705,"proto"
"Tenthredo_notha","GCA_914767705.2","Endopterygota",70.31,7016856,"C:95.5%[S:94.9%,D:0.6%],F:1.1%,M:3.4%,n:5991",95.5,"0.2.13",64,73.7705,"proto"
"Brachypalpus_laphriformis","GCA_945910035.1","Diptera",74.63,18727380,"C:96.1%[S:94.5%,D:1.6%],F:1.1%,M:2.8%,n:3285",96.1,"0.2.13",67,80.6452,"proto"
"Bombus_pascuorum","GCA_905332995.1","Endopterygota",70.31,1917109,"C:91.8%[S:90.7%,D:1.1%],F:2.6%,M:5.6%,n:5991",91.8,"0.2.13",64,73.7705,"proto"
"Mesoligia_furuncula","GCA_916614155.1","Lepidoptera",71.64,4695465,"C:93.6%[S:90.7%,D:2.9%],F:3.1%,M:3.3%,n:5286",93.6,"0.2.13",67,77.4194,"proto"
"Charanyca_ferruginea","GCA_947361185.1","Lepidoptera",70.15,19352951,"C:93.4%[S:89.0%,D:4.4%],F:3.2%,M:3.4%,n:5286",93.4,"0.2.13",67,75.8065,"proto"
"Aricia_agestis","GCA_944452645.1","Lepidoptera",71.64,10368076,"C:95.7%[S:95.2%,D:0.5%],F:0.8%,M:3.5%,n:5286",95.7,"0.2.13",67,77.4194,"proto"
"Diarsia_brunnea","GCA_949774955.1","Lepidoptera",68.66,1851222,"C:91.9%[S:87.7%,D:4.2%],F:2.9%,M:5.2%,n:5286",91.9,"0.2.13",67,74.1935,"proto"
"Phorcus_lineatus","GCA_921293015.1","Mollusca",90.38,4940451,"C:83.6%[S:82.6%,D:1.0%],F:3.0%,M:13.4%,n:5295",83.6,"0.2.13",52,90.3846,"proto"
"Protophormia_terraenovae","GCA_951394005.1","Diptera",68.66,6582222,"C:96.7%[S:96.1%,D:0.6%],F:0.5%,M:2.8%,n:3285",96.7,"0.2.13",67,74.1935,"proto"
"Chrysotoxum_bicinctum","GCA_911387745.1","Diptera",74.63,1451537,"C:95.3%[S:93.3%,D:2.0%],F:0.8%,M:3.9%,n:3285",95.3,"0.2.13",67,80.6452,"proto"
"Leptura_quadrifasciata","GCA_963675555.1","Endopterygota",78.12,5389979,"C:95.7%[S:94.0%,D:1.7%],F:2.4%,M:1.9%,n:2124",95.7,"0.2.13",64,81.9672,"proto"
"Macrophya_alboannulata","GCA_949628255.1","Endopterygota",70.31,1167444,"C:92.6%[S:88.3%,D:4.3%],F:3.6%,M:3.8%,n:5991",92.6,"0.2.13",64,73.7705,"proto"
"Bombus_muscorum","GCA_963971185.1","Endopterygota",70.31,3445925,"C:94.1%[S:93.8%,D:0.3%],F:2.1%,M:3.8%,n:5991",94.1,"0.2.13",64,73.7705,"proto"
"Malthinus_flaveolus","GCA_950108345.1","Endopterygota",75,3462109,"C:97.5%[S:92.3%,D:5.2%],F:1.2%,M:1.3%,n:2124",97.5,"0.2.13",64,78.6885,"proto"
"Felis_catus_x_Prionailurus_bengalensis","GCA_016509475.1","Laurasiatheria",78.8,82622880,"C:88.9%[S:80.8%,D:8.1%],F:1.7%,M:9.4%,n:14502",88.9,"0.2.13",217,90,"deutero"
"Watsonalla_cultraria","GCA_964035505.1","Lepidoptera",70.15,6829000,"C:94.3%[S:92.0%,D:2.3%],F:2.7%,M:3.0%,n:5286",94.3,"0.2.13",67,75.8065,"proto"
"Sialis_fuliginosa","GCA_961205875.1","Endopterygota",75,10166000,"C:96.6%[S:95.8%,D:0.8%],F:0.8%,M:2.6%,n:2124",96.6,"0.2.13",64,78.6885,"proto"
"Campaea_margaritaria","GCA_912999775.1","Lepidoptera",71.64,1988370,"C:93.0%[S:90.7%,D:2.3%],F:2.5%,M:4.5%,n:5286",93,"0.2.13",67,77.4194,"proto"
"Homo_sapiens","GCA_018506155.1","Catarrhini",74.29,34383521,"C:95.6%[S:95.2%,D:0.4%],F:0.2%,M:4.2%,n:13780",95.6,"0.2.13",245,87.5,"deutero"
"Sorex_araneus","GCA_027595985.1","Laurasiatheria",55.76,4024507,"C:93.3%[S:92.2%,D:1.1%],F:1.6%,M:5.1%,n:12234",93.3,"0.2.13",217,63.6842,"deutero"
"Elysia_crispata","GCA_033675545.1","Mollusca",82.69,458731,"C:92.8%[S:91.0%,D:1.8%],F:1.6%,M:5.6%,n:5295",92.8,"0.2.13",52,82.6923,"proto"
"Plebejus_argus","GCA_905404155.2","Lepidoptera",71.64,3678063,"C:95.7%[S:95.3%,D:0.4%],F:0.9%,M:3.4%,n:5286",95.7,"0.2.13",67,77.4194,"proto"
"Fundulus_heteroclitus","GCA_011125445.2","Clupeocephala",81.58,587965,"C:94.7%[S:90.7%,D:4.0%],F:1.7%,M:3.6%,n:3640",94.7,"0.2.13",114,92.0792,"deutero"
"Syngnathoides_biaculeatus","GCA_019802595.1","Clupeocephala",73.68,18018000,"C:92.7%[S:91.5%,D:1.2%],F:2.4%,M:4.9%,n:3640",92.7,"0.2.13",114,83.1683,"deutero"
"Hypsopygia_costalis","GCA_937001555.1","Lepidoptera",74.63,20574895,"C:94.2%[S:92.0%,D:2.2%],F:2.8%,M:3.0%,n:5286",94.2,"0.2.13",67,80.6452,"proto"
"Ormia_ochracea","GCA_963402855.1","Diptera",64.18,6941951,"C:95.2%[S:94.6%,D:0.6%],F:0.4%,M:4.4%,n:3285",95.2,"0.2.13",67,69.3548,"proto"
"Synanthedon_formicaeformis","GCA_945859765.1","Lepidoptera",67.16,2014889,"C:91.9%[S:90.9%,D:1.0%],F:1.0%,M:7.1%,n:5286",91.9,"0.2.13",67,72.5806,"proto"
"Caradrina_clavipalpis","GCA_932526535.1","Lepidoptera",68.66,16821581,"C:97.3%[S:96.8%,D:0.5%],F:0.9%,M:1.8%,n:5286",97.3,"0.2.13",67,74.1935,"proto"
"Biston_betularia","GCA_905404215.1","Lepidoptera",74.63,1182792,"C:96.1%[S:95.5%,D:0.6%],F:0.9%,M:3.0%,n:5286",96.1,"0.2.13",67,80.6452,"proto"
"Theonella_swinhoei","GCA_963970385.1","Demospongiae",0,729369,"C:76.0%[S:73.9%,D:2.1%],F:6.3%,M:17.7%,n:954",76,"0.2.13",6,0,"combined"
"Caretta_caretta","GCA_023653815.1","Archelosauria",88.98,18214114,"C:96.8%[S:96.0%,D:0.8%],F:0.8%,M:2.4%,n:7480",96.8,"0.2.13",118,98.1308,"deutero"
"Ceratothoa_steindachneri","GCA_963969495.1","Pancrustacea",69.81,2407688,"C:93.2%[S:92.8%,D:0.4%],F:4.8%,M:2.0%,n:1013",93.2,"0.2.13",53,71.1538,"proto"
"Opsariichthys_bidens","GCA_037194315.1","Clupeocephala",83.33,3083372,"C:95.0%[S:93.2%,D:1.8%],F:1.0%,M:4.0%,n:3640",95,"0.2.13",114,94.0594,"deutero"
"Agriphila_straminella","GCA_950108535.1","Lepidoptera",73.13,18497547,"C:95.3%[S:94.6%,D:0.7%],F:1.0%,M:3.7%,n:5286",95.3,"0.2.13",67,79.0323,"proto"
"Lutraria_rhynchaena","GCA_008271625.1","Mollusca",76.92,2143760,"C:84.5%[S:82.8%,D:1.7%],F:1.6%,M:13.9%,n:5295",84.5,"0.2.13",52,76.9231,"proto"
"Lutraria_rhynchaena","GCA_008271625.1","Mollusca",76.92,2143760,"C:84.5%[S:82.8%,D:1.7%],F:1.6%,M:13.9%,n:5295",84.5,"0.2.13",52,76.9231,"proto"
"Lutraria_rhynchaena","GCA_008271625.1","Mollusca",76.92,2143760,"C:84.5%[S:82.8%,D:1.7%],F:1.6%,M:13.9%,n:5295",84.5,"0.2.13",52,76.9231,"proto"
"Lutraria_rhynchaena","GCA_008271625.1","Mollusca",76.92,2143760,"C:84.5%[S:82.8%,D:1.7%],F:1.6%,M:13.9%,n:5295",84.5,"0.2.13",52,76.9231,"proto"
"Erebia_ligea","GCA_917050995.2","Lepidoptera",73.13,3678934,"C:92.9%[S:90.4%,D:2.5%],F:2.8%,M:4.3%,n:5286",92.9,"0.2.13",67,79.0323,"proto"
"Acropora_intermedia","GCA_014634585.1","Cnidaria",33.33,40253,"C:91.6%[S:90.1%,D:1.5%],F:4.3%,M:4.1%,n:954",91.6,"0.2.13",3,33.3333,"combined"
"Owenia_fusiformis","GCA_903813345.1","Annelida",65.62,19510697,"C:92.6%[S:89.2%,D:3.4%],F:1.7%,M:5.7%,n:954",92.6,"0.2.13",64,65.625,"proto"
"Brachymystax_lenok_tsinlingensis","GCA_031305455.1","Clupeocephala",81.58,2259589,"C:97.0%[S:54.9%,D:42.1%],F:0.8%,M:2.2%,n:3640",97,"0.2.13",114,92.0792,"deutero"
"Plectropomus_leopardus","GCA_008729295.2","Clupeocephala",85.96,897070,"C:92.6%[S:90.4%,D:2.2%],F:2.4%,M:5.0%,n:3640",92.6,"0.2.13",114,97.0297,"deutero"
"Anania_crocealis","GCA_949315895.1","Lepidoptera",73.13,14854060,"C:92.6%[S:89.2%,D:3.4%],F:3.3%,M:4.1%,n:5286",92.6,"0.2.13",67,79.0323,"proto"
"Aythya_baeri","GCA_026413565.1","Neognathae",78.91,29098202,"C:95.9%[S:95.6%,D:0.3%],F:1.0%,M:3.1%,n:8338",95.9,"0.2.13",128,89.3805,"deutero"
"Euzophera_pinguis","GCA_947363495.1","Lepidoptera",71.64,7703320,"C:94.4%[S:90.9%,D:3.5%],F:2.5%,M:3.1%,n:5286",94.4,"0.2.13",67,77.4194,"proto"
"Philonthus_spinipes","GCA_963082785.1","Endopterygota",76.56,8244937,"C:95.6%[S:90.3%,D:5.3%],F:2.7%,M:1.7%,n:2124",95.6,"0.2.13",64,80.3279,"proto"
"Merodon_equestris","GCA_958301585.1","Diptera",71.64,5555269,"C:95.1%[S:94.0%,D:1.1%],F:0.8%,M:4.1%,n:3285",95.1,"0.2.13",67,77.4194,"proto"
"Hydrochoerus_hydrochaeris","GCA_015741225.1","Glires",75,78808,"C:93.6%[S:92.9%,D:0.7%],F:1.8%,M:4.6%,n:13798",93.6,"0.2.13",220,86.3874,"deutero"
"Nibea_coibor","GCA_023373845.1","Clupeocephala",85.09,9638600,"C:97.3%[S:95.8%,D:1.5%],F:0.9%,M:1.8%,n:3640",97.3,"0.2.13",114,96.0396,"deutero"
"Polyommatus_iphigenia","GCA_963422495.1","Lepidoptera",73.13,6101433,"C:90.1%[S:87.1%,D:3.0%],F:3.0%,M:6.9%,n:5286",90.1,"0.2.13",67,79.0323,"proto"
"Actinia_tenebrosa","GCA_029948245.1","Cnidaria",33.33,716361,"C:96.4%[S:92.9%,D:3.5%],F:1.6%,M:2.0%,n:954",96.4,"0.2.13",3,33.3333,"combined"
"Pipistrellus_pygmaeus","GCA_949987585.1","Laurasiatheria",60.83,54047000,"C:96.0%[S:94.8%,D:1.2%],F:1.0%,M:3.0%,n:12234",96,"0.2.13",217,69.4737,"deutero"
"Nephrotoma_appendiculata","GCA_947310385.1","Diptera",68.66,3235052,"C:92.5%[S:90.9%,D:1.6%],F:1.0%,M:6.5%,n:3285",92.5,"0.2.13",67,74.1935,"proto"
"Yponomeuta_cagnagella","GCA_947310995.1","Lepidoptera",71.64,14200349,"C:95.4%[S:94.6%,D:0.8%],F:1.1%,M:3.5%,n:5286",95.4,"0.2.13",67,77.4194,"proto"
"Albula_goreensis","GCA_022829145.1","Neopterygii",83.78,17514905,"C:93.6%[S:84.3%,D:9.3%],F:2.2%,M:4.2%,n:3640",93.6,"0.2.13",111,94.898,"deutero"
"Ischnus_inquisitorius","GCA_963924025.1","Endopterygota",65.62,3910738,"C:92.6%[S:92.1%,D:0.5%],F:2.4%,M:5.0%,n:5991",92.6,"0.2.13",64,68.8525,"proto"
"Symphodus_melops","GCA_947650265.1","Clupeocephala",84.21,1186940,"C:95.2%[S:94.2%,D:1.0%],F:1.0%,M:3.8%,n:3640",95.2,"0.2.13",114,95.0495,"deutero"
"Nineta_flava","GCA_963920215.1","Endopterygota",71.88,5799206,"C:95.5%[S:94.3%,D:1.2%],F:1.9%,M:2.6%,n:2124",95.5,"0.2.13",64,75.4098,"proto"
"Bibio_marci","GCA_910594885.1","Diptera",67.16,44910499,"C:93.1%[S:92.0%,D:1.1%],F:0.6%,M:6.3%,n:3285",93.1,"0.2.13",67,72.5806,"proto"
"Lobophora_halterata","GCA_932526365.1","Lepidoptera",67.16,10931577,"C:94.5%[S:92.3%,D:2.2%],F:2.2%,M:3.3%,n:5286",94.5,"0.2.13",67,72.5806,"proto"
"Leucania_comma","GCA_958295575.1","Lepidoptera",70.15,11502663,"C:94.7%[S:94.0%,D:0.7%],F:1.1%,M:4.2%,n:5286",94.7,"0.2.13",67,75.8065,"proto"
"Ovis_aries","GCA_024222265.1","Laurasiatheria",77.88,73625792,"C:96.5%[S:94.6%,D:1.9%],F:1.2%,M:2.3%,n:13335",96.5,"0.2.13",217,88.9474,"deutero"
"Mus_minutoides","GCA_902729475.2","Muridae",72.88,74168,"C:94.3%[S:92.7%,D:1.6%],F:1.1%,M:4.6%,n:13798",94.3,"0.2.13",236,83.0918,"deutero"
"Hedya_salicella","GCA_905404275.1","Lepidoptera",70.15,25550971,"C:94.7%[S:94.2%,D:0.5%],F:1.7%,M:3.6%,n:5286",94.7,"0.2.13",67,75.8065,"proto"
"Electrophaes_corylata","GCA_947095575.1","Lepidoptera",68.66,9829084,"C:95.2%[S:91.7%,D:3.5%],F:1.9%,M:2.9%,n:5286",95.2,"0.2.13",67,74.1935,"proto"
"Mesoplodon_densirostris","GCA_025265405.1","Laurasiatheria",79.72,48253041,"C:95.3%[S:93.2%,D:2.1%],F:0.6%,M:4.1%,n:13335",95.3,"0.2.13",217,91.0526,"deutero"
"Empis_livida","GCA_963932195.1","Diptera",64.18,4318076,"C:94.6%[S:93.5%,D:1.1%],F:1.3%,M:4.1%,n:3285",94.6,"0.2.13",67,69.3548,"proto"
"Hydrotaea_cyrtoneurina","GCA_958296145.1","Diptera",65.67,8111380,"C:96.7%[S:95.9%,D:0.8%],F:0.6%,M:2.7%,n:3285",96.7,"0.2.13",67,70.9677,"proto"
"Bombus_vestalis","GCA_963556215.1","Endopterygota",70.31,3425147,"C:93.5%[S:93.2%,D:0.3%],F:2.4%,M:4.1%,n:5991",93.5,"0.2.13",64,73.7705,"proto"
"Ancistrocerus_nigricornis","GCA_916049575.1","Endopterygota",62.5,18662773,"C:86.1%[S:85.8%,D:0.3%],F:4.6%,M:9.3%,n:5991",86.1,"0.2.13",64,65.5738,"proto"
"Dromaius_novaehollandiae","GCA_016128335.1","Archosauria",84.87,14094718,"C:96.6%[S:96.2%,D:0.4%],F:1.3%,M:2.1%,n:8338",96.6,"0.2.13",119,96.1905,"deutero"
"Tiliacea_aurago","GCA_948098905.1","Lepidoptera",70.15,16029918,"C:93.7%[S:90.2%,D:3.5%],F:2.7%,M:3.6%,n:5286",93.7,"0.2.13",67,75.8065,"proto"
"Mizuhopecten_yessoensis","GCA_002113885.2","Mollusca",88.46,65014,"C:94.6%[S:93.7%,D:0.9%],F:2.3%,M:3.1%,n:5295",94.6,"0.2.13",52,88.4615,"proto"
"Mizuhopecten_yessoensis","GCA_002113885.2","Mollusca",88.46,65014,"C:94.6%[S:93.7%,D:0.9%],F:2.3%,M:3.1%,n:5295",94.6,"0.2.13",52,88.4615,"proto"
"Mizuhopecten_yessoensis","GCA_002113885.2","Mollusca",88.46,65014,"C:94.6%[S:93.7%,D:0.9%],F:2.3%,M:3.1%,n:5295",94.6,"0.2.13",52,88.4615,"proto"
"Mizuhopecten_yessoensis","GCA_002113885.2","Mollusca",88.46,65014,"C:94.6%[S:93.7%,D:0.9%],F:2.3%,M:3.1%,n:5295",94.6,"0.2.13",52,88.4615,"proto"
"Dendrophyllia_cribrosa","GCA_024195265.1","Cnidaria",33.33,2020450,"C:89.1%[S:0.3%,D:88.8%],F:4.4%,M:6.5%,n:954",89.1,"0.2.13",3,33.3333,"combined"
"Xenopus_laevis","GCA_017654675.1","Xenopus",83.93,22451507,"C:95.9%[S:45.8%,D:50.1%],F:1.0%,M:3.1%,n:5310",95.9,"0.2.13",112,93.0693,"deutero"
"Tetragnatha_montana","GCA_963680715.1","Chelicerata",82.35,4743939,"C:96.4%[S:89.8%,D:6.6%],F:1.4%,M:2.2%,n:2934",96.4,"0.2.13",51,84,"proto"
"Mastomys_coucha","GCA_008632895.1","Muridae",70.76,30483,"C:97.2%[S:96.2%,D:1.0%],F:0.7%,M:2.1%,n:13798",97.2,"0.2.13",236,80.6763,"deutero"
"Homo_sapiens","GCA_018471065.1","Catarrhini",84.08,34803293,"C:98.9%[S:98.6%,D:0.3%],F:0.2%,M:0.9%,n:13780",98.9,"0.2.13",245,99.0385,"deutero"
"Ciconia_boyciana","GCA_034638445.1","Neoaves",85.27,35788150,"C:94.5%[S:94.0%,D:0.5%],F:1.5%,M:4.0%,n:8338",94.5,"0.2.13",129,96.4912,"deutero"
"Ochlodes_sylvanus","GCA_905404295.1","Lepidoptera",64.18,6806391,"C:96.2%[S:95.5%,D:0.7%],F:1.3%,M:2.5%,n:5286",96.2,"0.2.13",67,69.3548,"proto"
"Empis_stercorea","GCA_949752835.1","Diptera",64.18,934403,"C:95.5%[S:86.6%,D:8.9%],F:1.0%,M:3.5%,n:3285",95.5,"0.2.13",67,69.3548,"proto"
"Apotomis_turbidana","GCA_905147355.2","Lepidoptera",74.63,13785672,"C:93.6%[S:90.6%,D:3.0%],F:2.8%,M:3.6%,n:5286",93.6,"0.2.13",67,80.6452,"proto"
"Anser_indicus","GCA_025583725.1","Neognathae",79.69,5739385,"C:94.4%[S:93.9%,D:0.5%],F:1.5%,M:4.1%,n:8338",94.4,"0.2.13",128,90.2655,"deutero"
"Eristalis_intricaria","GCA_964034865.1","Diptera",71.64,3879833,"C:96.0%[S:95.3%,D:0.7%],F:0.8%,M:3.2%,n:3285",96,"0.2.13",67,77.4194,"proto"
"Poecilia_picta","GCA_033032245.1","Clupeocephala",81.58,7297303,"C:90.5%[S:89.2%,D:1.3%],F:2.4%,M:7.1%,n:3640",90.5,"0.2.13",114,92.0792,"deutero"
"Eunapius_fragilis","GCA_963681505.1","Demospongiae",0,486828,"C:64.5%[S:62.2%,D:2.3%],F:4.9%,M:30.6%,n:954",64.5,"0.2.13",6,0,"combined"
"Porites_lutea","GCA_958299805.1","Cnidaria",33.33,3640410,"C:94.9%[S:93.0%,D:1.9%],F:2.2%,M:2.9%,n:954",94.9,"0.2.13",3,33.3333,"combined"
"Plutella_xylostella","GCA_932276175.1","Lepidoptera",70.15,10073550,"C:96.2%[S:95.3%,D:0.9%],F:1.2%,M:2.6%,n:5286",96.2,"0.2.13",67,75.8065,"proto"
"Macropis_europaea","GCA_916610135.1","Endopterygota",67.19,8431811,"C:89.9%[S:89.7%,D:0.2%],F:3.8%,M:6.3%,n:5991",89.9,"0.2.13",64,70.4918,"proto"
"Gibbula_magus","GCA_936439675.1","Mollusca",92.31,454001,"C:71.8%[S:69.2%,D:2.6%],F:6.8%,M:21.4%,n:5295",71.8,"0.2.13",52,92.3077,"proto"
"Linnaemya_tessellans","GCA_951800035.1","Diptera",62.69,7736229,"C:96.1%[S:95.6%,D:0.5%],F:0.9%,M:3.0%,n:3285",96.1,"0.2.13",67,67.7419,"proto"
"Acrocera_orbiculus","GCA_947359355.1","Diptera",68.66,63123693,"C:93.2%[S:91.8%,D:1.4%],F:0.8%,M:6.0%,n:3285",93.2,"0.2.13",67,74.1935,"proto"
"Heliconius_sara","GCA_917862395.1","Lepidoptera",82.09,8212732,"C:96.0%[S:95.6%,D:0.4%],F:1.0%,M:3.0%,n:5286",96,"0.2.13",67,88.7097,"proto"
"Streptopelia_turtur","GCA_901699155.2","Neoaves",85.27,3790373,"C:93.1%[S:91.4%,D:1.7%],F:1.8%,M:5.1%,n:8338",93.1,"0.2.13",129,96.4912,"deutero"
"Acleris_emargana","GCA_927399475.2","Lepidoptera",73.13,16693437,"C:88.2%[S:85.3%,D:2.9%],F:5.0%,M:6.8%,n:5286",88.2,"0.2.13",67,79.0323,"proto"
"Anas_platyrhynchos","GCA_017639305.1","Neognathae",77.34,8556976,"C:91.7%[S:90.5%,D:1.2%],F:3.0%,M:5.3%,n:8338",91.7,"0.2.13",128,87.6106,"deutero"
"Tridacna_gigas","GCA_945859785.2","Mollusca",82.69,9438000,"C:89.0%[S:87.6%,D:1.4%],F:1.4%,M:9.6%,n:5295",89,"0.2.13",52,82.6923,"proto"
"Thymelicus_acteon","GCA_951805285.1","Lepidoptera",68.66,10698480,"C:95.4%[S:94.8%,D:0.6%],F:1.2%,M:3.4%,n:5286",95.4,"0.2.13",67,74.1935,"proto"
"Ancistrocerus_nigricornis","GCA_916050135.1","Endopterygota",59.38,2636917,"C:88.4%[S:87.8%,D:0.6%],F:1.8%,M:9.8%,n:5991",88.4,"0.2.13",64,62.2951,"proto"
"Luperina_testacea","GCA_927399505.1","Lepidoptera",71.64,17070088,"C:94.4%[S:91.9%,D:2.5%],F:2.4%,M:3.2%,n:5286",94.4,"0.2.13",67,77.4194,"proto"
"Mus_minutoides","GCA_902729475.1","Muridae",72.88,75529,"C:95.7%[S:94.6%,D:1.1%],F:1.3%,M:3.0%,n:12692",95.7,"0.2.13",236,83.0918,"deutero"
"Drepana_falcataria","GCA_945859725.1","Lepidoptera",73.13,11587502,"C:94.7%[S:94.1%,D:0.6%],F:1.3%,M:4.0%,n:5286",94.7,"0.2.13",67,79.0323,"proto"
"Psococerastis_gibbosa","GCA_963971405.1","Neoptera",62.9,1835334,"C:94.5%[S:91.5%,D:3.0%],F:2.6%,M:2.9%,n:1367",94.5,"0.2.13",62,66.1017,"proto"
"Ypsolopha_scabrella","GCA_910592155.1","Lepidoptera",73.13,26541151,"C:89.3%[S:86.5%,D:2.8%],F:4.2%,M:6.5%,n:5286",89.3,"0.2.13",67,79.0323,"proto"
"Ophion_ellenae","GCA_963210295.1","Endopterygota",64.06,657725,"C:89.9%[S:89.5%,D:0.4%],F:3.8%,M:6.3%,n:5991",89.9,"0.2.13",64,67.2131,"proto"
"Sciurus_carolinensis","GCA_902686445.2","Glires",79.09,13975867,"C:94.4%[S:93.0%,D:1.4%],F:1.4%,M:4.2%,n:12692",94.4,"0.2.13",220,91.0995,"deutero"
"Chelmon_rostratus","GCA_017976325.1","Clupeocephala",85.96,16959746,"C:97.2%[S:96.3%,D:0.9%],F:1.1%,M:1.7%,n:3640",97.2,"0.2.13",114,97.0297,"deutero"
"Homo_sapiens","GCA_042037925.1","Catarrhini",84.49,133179805,"C:98.9%[S:98.4%,D:0.5%],F:0.4%,M:0.7%,n:13780",98.9,"0.2.13",245,99.5192,"deutero"
"Porites_australiensis","GCA_022179025.1","Cnidaria",0,17662,"C:90.4%[S:87.2%,D:3.2%],F:6.0%,M:3.6%,n:954",90.4,"0.2.13",3,0,"combined"
"Channa_maculata","GCA_020496755.1","Clupeocephala",85.96,21727292,"C:95.2%[S:94.4%,D:0.8%],F:1.1%,M:3.7%,n:3640",95.2,"0.2.13",114,97.0297,"deutero"
"Sicus_ferrugineus","GCA_922984085.1","Diptera",68.66,14305902,"C:92.8%[S:91.4%,D:1.4%],F:1.5%,M:5.7%,n:3285",92.8,"0.2.13",67,74.1935,"proto"
"Homo_sapiens","GCA_018471105.1","Catarrhini",84.49,51040418,"C:98.9%[S:98.5%,D:0.4%],F:0.2%,M:0.9%,n:13780",98.9,"0.2.13",245,99.5192,"deutero"
"Opisthograptis_luteolata","GCA_931315605.2","Lepidoptera",70.15,2987644,"C:93.0%[S:90.2%,D:2.8%],F:2.9%,M:4.1%,n:5286",93,"0.2.13",67,75.8065,"proto"
"Operophtera_brumata","GCA_932527245.1","Lepidoptera",68.66,2469237,"C:93.0%[S:91.6%,D:1.4%],F:2.1%,M:4.9%,n:5286",93,"0.2.13",67,74.1935,"proto"
"Eristalinus_sepulchralis","GCA_944738645.1","Diptera",71.64,5609999,"C:86.9%[S:83.2%,D:3.7%],F:2.3%,M:10.8%,n:3285",86.9,"0.2.13",67,77.4194,"proto"
"Agriphila_tristella","GCA_928269205.1","Lepidoptera",73.13,1489387,"C:93.0%[S:89.4%,D:3.6%],F:3.4%,M:3.6%,n:5286",93,"0.2.13",67,79.0323,"proto"
"Pleuronectes_platessa","GCA_947347685.1","Clupeocephala",81.58,1477112,"C:95.2%[S:93.8%,D:1.4%],F:1.2%,M:3.6%,n:3640",95.2,"0.2.13",114,92.0792,"deutero"
"Acomys_cahirinus","GCA_004027535.1","Muridae",68.22,42476,"C:70.1%[S:69.4%,D:0.7%],F:9.3%,M:20.6%,n:12692",70.1,"0.2.13",236,77.7778,"deutero"
"Erebia_epiphron","GCA_963932025.1","Lepidoptera",73.13,16267000,"C:95.0%[S:94.2%,D:0.8%],F:1.2%,M:3.8%,n:5286",95,"0.2.13",67,79.0323,"proto"
"Opsariichthys_bidens","GCA_037194245.1","Clupeocephala",83.33,5275600,"C:94.3%[S:89.5%,D:4.8%],F:1.1%,M:4.6%,n:3640",94.3,"0.2.13",114,94.0594,"deutero"
"Homo_sapiens","GCA_018469955.1","Catarrhini",84.49,25380071,"C:99.0%[S:98.6%,D:0.4%],F:0.2%,M:0.8%,n:13780",99,"0.2.13",245,99.5192,"deutero"
"Triplophysa_rosa","GCA_024868665.2","Clupeocephala",78.95,377582,"C:94.3%[S:92.5%,D:1.8%],F:1.3%,M:4.4%,n:3640",94.3,"0.2.13",114,89.1089,"deutero"
"Gasterosteus_aculeatus","GCA_006232285.1","Clupeocephala",81.58,32252,"C:89.4%[S:88.3%,D:1.1%],F:4.8%,M:5.8%,n:3640",89.4,"0.2.13",114,92.0792,"deutero"
"Phacochoerus_africanus","GCA_019331625.1","Laurasiatheria",72.81,212097,"C:85.8%[S:85.3%,D:0.5%],F:3.9%,M:10.3%,n:13335",85.8,"0.2.13",217,83.1579,"deutero"
"Scomber_scombrus","GCA_963691925.1","Clupeocephala",83.33,1496448,"C:95.5%[S:94.6%,D:0.9%],F:1.2%,M:3.3%,n:3640",95.5,"0.2.13",114,94.0594,"deutero"
"Homo_sapiens","GCA_018506965.1","Catarrhini",84.49,62203274,"C:99.1%[S:98.7%,D:0.4%],F:0.2%,M:0.7%,n:13780",99.1,"0.2.13",245,99.5192,"deutero"
"Pandemis_cinnamomeana","GCA_932294345.1","Lepidoptera",73.13,11714000,"C:92.5%[S:89.8%,D:2.7%],F:3.2%,M:4.3%,n:5286",92.5,"0.2.13",67,79.0323,"proto"
"Eilema_caniola","GCA_949126895.1","Lepidoptera",71.64,9921372,"C:93.2%[S:89.0%,D:4.2%],F:3.4%,M:3.4%,n:5286",93.2,"0.2.13",67,77.4194,"proto"
"Hydractinia_echinata","GCA_030067915.1","Cnidaria",33.33,554117,"C:92.3%[S:79.2%,D:13.1%],F:2.0%,M:5.7%,n:954",92.3,"0.2.13",3,33.3333,"combined"
"Barypeithes_pellucidus","GCA_963991005.1","Endopterygota",79.69,12223848,"C:96.4%[S:94.9%,D:1.5%],F:1.7%,M:1.9%,n:2124",96.4,"0.2.13",64,83.6066,"proto"
"Barypeithes_pellucidus","GCA_963991005.1","Endopterygota",79.69,12223848,"C:96.4%[S:94.9%,D:1.5%],F:1.7%,M:1.9%,n:2124",96.4,"0.2.13",64,83.6066,"proto"
"Barypeithes_pellucidus","GCA_963991005.1","Endopterygota",79.69,12223848,"C:96.4%[S:94.9%,D:1.5%],F:1.7%,M:1.9%,n:2124",96.4,"0.2.13",64,83.6066,"proto"
"Barypeithes_pellucidus","GCA_963991005.1","Endopterygota",79.69,12223848,"C:96.4%[S:94.9%,D:1.5%],F:1.7%,M:1.9%,n:2124",96.4,"0.2.13",64,83.6066,"proto"
"Mythimna_pallens","GCA_961205895.1","Lepidoptera",73.13,14353839,"C:91.4%[S:88.3%,D:3.1%],F:3.3%,M:5.3%,n:5286",91.4,"0.2.13",67,79.0323,"proto"
"Pholis_gunnellus","GCA_910591455.2","Clupeocephala",85.09,3519450,"C:92.4%[S:91.3%,D:1.1%],F:3.4%,M:4.2%,n:3640",92.4,"0.2.13",114,96.0396,"deutero"
"Biston_stratarius","GCA_950106675.1","Lepidoptera",74.63,4223313,"C:94.0%[S:90.6%,D:3.4%],F:2.4%,M:3.6%,n:5286",94,"0.2.13",67,80.6452,"proto"
"Carpatolechia_fugitivella","GCA_951230895.1","Lepidoptera",71.64,1029615,"C:95.1%[S:94.1%,D:1.0%],F:1.1%,M:3.8%,n:5286",95.1,"0.2.13",67,77.4194,"proto"
"Vanessa_atalanta","GCA_905147705.1","Lepidoptera",76.12,5095216,"C:92.1%[S:91.7%,D:0.4%],F:0.7%,M:7.2%,n:5286",92.1,"0.2.13",67,82.2581,"proto"
"Cyprinodon_diabolis","GCA_030533445.1","Clupeocephala",80.7,12045327,"C:95.5%[S:94.8%,D:0.7%],F:0.9%,M:3.6%,n:3640",95.5,"0.2.13",114,91.0891,"deutero"
"Phymatocera_aterrima","GCA_963170745.1","Endopterygota",71.88,3026574,"C:91.2%[S:90.6%,D:0.6%],F:2.4%,M:6.4%,n:5991",91.2,"0.2.13",64,75.4098,"proto"
"Laothoe_populi","GCA_905220505.1","Lepidoptera",70.15,6972935,"C:93.9%[S:92.0%,D:1.9%],F:2.3%,M:3.8%,n:5286",93.9,"0.2.13",67,75.8065,"proto"
"Ovis_aries","GCA_022416755.1","Laurasiatheria",77.88,75674662,"C:95.8%[S:94.1%,D:1.7%],F:1.4%,M:2.8%,n:13335",95.8,"0.2.13",217,88.9474,"deutero"
"Rutilus_rutilus","GCA_951802725.1","Clupeocephala",81.58,3932511,"C:95.6%[S:93.7%,D:1.9%],F:0.9%,M:3.5%,n:3640",95.6,"0.2.13",114,92.0792,"deutero"
"Homo_sapiens","GCA_042077865.1","Catarrhini",84.49,133573433,"C:98.9%[S:98.4%,D:0.5%],F:0.4%,M:0.7%,n:13780",98.9,"0.2.13",245,99.5192,"deutero"
"Lagria_hirta","GCA_947359435.1","Endopterygota",75,2923370,"C:92.1%[S:90.5%,D:1.6%],F:1.1%,M:6.8%,n:2124",92.1,"0.2.13",64,78.6885,"proto"
"Pimpla_rufipes","GCA_963932165.1","Endopterygota",64.06,2490355,"C:90.4%[S:89.9%,D:0.5%],F:4.0%,M:5.6%,n:5991",90.4,"0.2.13",64,67.2131,"proto"
"Rhagonycha_lutea","GCA_958510855.1","Endopterygota",70.31,7455203,"C:96.9%[S:88.2%,D:8.7%],F:1.5%,M:1.6%,n:2124",96.9,"0.2.13",64,73.7705,"proto"
"Eilema_depressum","GCA_914767765.1","Lepidoptera",67.16,2591420,"C:92.6%[S:89.5%,D:3.1%],F:2.5%,M:4.9%,n:5286",92.6,"0.2.13",67,72.5806,"proto"
"Homo_sapiens","GCA_018472855.1","Catarrhini",84.49,26379428,"C:99.0%[S:98.6%,D:0.4%],F:0.2%,M:0.8%,n:13780",99,"0.2.13",245,99.5192,"deutero"
"Hypercompe_scribonia","GCA_949316075.1","Lepidoptera",73.13,3787282,"C:94.5%[S:93.4%,D:1.1%],F:1.3%,M:4.2%,n:5286",94.5,"0.2.13",67,79.0323,"proto"
"Meriones_unguiculatus","GCA_030254825.1","Muridae",63.56,50173090,"C:97.1%[S:96.3%,D:0.8%],F:0.9%,M:2.0%,n:13798",97.1,"0.2.13",236,72.4638,"deutero"
"Colias_croceus","GCA_905220445.1","Lepidoptera",71.64,4104204,"C:91.3%[S:90.7%,D:0.6%],F:0.7%,M:8.0%,n:5286",91.3,"0.2.13",67,77.4194,"proto"
"Rattus_rattus","GCA_011800105.1","Muridae",74.58,31539,"C:95.7%[S:95.0%,D:0.7%],F:0.9%,M:3.4%,n:13798",95.7,"0.2.13",236,85.0242,"deutero"
"Apeira_syringaria","GCA_934044485.1","Lepidoptera",70.15,20999187,"C:92.7%[S:90.5%,D:2.2%],F:3.5%,M:3.8%,n:5286",92.7,"0.2.13",67,75.8065,"proto"
"Calliphora_vomitoria","GCA_942486075.1","Diptera",67.16,1311140,"C:97.6%[S:96.6%,D:1.0%],F:0.3%,M:2.1%,n:3285",97.6,"0.2.13",67,72.5806,"proto"
"Arion_vulgaris","GCA_020796225.1","Mollusca",82.69,8603329,"C:82.2%[S:70.8%,D:11.4%],F:3.3%,M:14.5%,n:5295",82.2,"0.2.13",52,82.6923,"proto"
"Arion_vulgaris","GCA_020796225.1","Mollusca",82.69,8603329,"C:82.2%[S:70.8%,D:11.4%],F:3.3%,M:14.5%,n:5295",82.2,"0.2.13",52,82.6923,"proto"
"Arion_vulgaris","GCA_020796225.1","Mollusca",82.69,8603329,"C:82.2%[S:70.8%,D:11.4%],F:3.3%,M:14.5%,n:5295",82.2,"0.2.13",52,82.6923,"proto"
"Arion_vulgaris","GCA_020796225.1","Mollusca",82.69,8603329,"C:82.2%[S:70.8%,D:11.4%],F:3.3%,M:14.5%,n:5295",82.2,"0.2.13",52,82.6923,"proto"
"Sus_scrofa","GCA_021656055.1","Laurasiatheria",75.58,157950,"C:95.2%[S:94.4%,D:0.8%],F:1.2%,M:3.6%,n:13335",95.2,"0.2.13",217,86.3158,"deutero"
"Nysson_spinosus","GCA_910591585.1","Endopterygota",71.88,7396645,"C:95.2%[S:95.1%,D:0.1%],F:1.3%,M:3.5%,n:5991",95.2,"0.2.13",64,75.4098,"proto"
"Cantharis_rustica","GCA_911387815.1","Endopterygota",70.31,1241017,"C:91.8%[S:87.1%,D:4.7%],F:1.9%,M:6.3%,n:2124",91.8,"0.2.13",64,73.7705,"proto"
"Pachyseris_speciosa","GCA_016490735.1","Cnidaria",33.33,766649,"C:93.6%[S:90.5%,D:3.1%],F:3.2%,M:3.2%,n:954",93.6,"0.2.13",3,33.3333,"combined"
"Hyppa_rectilinea","GCA_951799385.1","Lepidoptera",73.13,8312066,"C:94.4%[S:93.9%,D:0.5%],F:1.2%,M:4.4%,n:5286",94.4,"0.2.13",67,79.0323,"proto"
"Erannis_defoliaria","GCA_905404195.1","Lepidoptera",73.13,914930,"C:89.8%[S:87.5%,D:2.3%],F:4.0%,M:6.2%,n:5286",89.8,"0.2.13",67,79.0323,"proto"
"Phyllotreta_striolata","GCA_918026865.1","Endopterygota",71.88,2676005,"C:96.0%[S:95.2%,D:0.8%],F:0.2%,M:3.8%,n:2124",96,"0.2.13",64,75.4098,"proto"
"Catostylus_mosaicus","GCA_964019065.1","Cnidaria",0,3176829,"C:92.0%[S:91.9%,D:0.1%],F:2.7%,M:5.3%,n:954",92,"0.2.13",3,0,"combined"
"Scaeva_pyrastri","GCA_905146935.1","Diptera",76.12,8651641,"C:96.5%[S:95.8%,D:0.7%],F:0.5%,M:3.0%,n:3285",96.5,"0.2.13",67,82.2581,"proto"
"Homo_sapiens","GCA_018469695.1","Catarrhini",84.49,44719827,"C:99.0%[S:98.6%,D:0.4%],F:0.2%,M:0.8%,n:13780",99,"0.2.13",245,99.5192,"deutero"
"Ennomos_fuscantarius","GCA_905220475.1","Lepidoptera",73.13,15530408,"C:96.8%[S:96.3%,D:0.5%],F:1.0%,M:2.2%,n:5286",96.8,"0.2.13",67,79.0323,"proto"
"Phycodurus_eques","GCA_024500275.1","Clupeocephala",75.44,16851628,"C:91.9%[S:90.6%,D:1.3%],F:1.9%,M:6.2%,n:3640",91.9,"0.2.13",114,85.1485,"deutero"
"Eristalinus_sepulchralis","GCA_944738805.1","Diptera",73.13,2639017,"C:86.5%[S:83.2%,D:3.3%],F:2.4%,M:11.1%,n:3285",86.5,"0.2.13",67,79.0323,"proto"
"Lapara_coniferarum","GCA_949316015.1","Lepidoptera",73.13,3234385,"C:92.4%[S:88.7%,D:3.7%],F:2.9%,M:4.7%,n:5286",92.4,"0.2.13",67,79.0323,"proto"
"Saccostrea_echinata","GCA_033153115.1","Mollusca",94.23,19678253,"C:92.0%[S:86.3%,D:5.7%],F:2.6%,M:5.4%,n:5295",92,"0.2.13",52,94.2308,"proto"
"Saccostrea_echinata","GCA_033153115.1","Mollusca",94.23,19678253,"C:92.0%[S:86.3%,D:5.7%],F:2.6%,M:5.4%,n:5295",92,"0.2.13",52,94.2308,"proto"
"Saccostrea_echinata","GCA_033153115.1","Mollusca",94.23,19678253,"C:92.0%[S:86.3%,D:5.7%],F:2.6%,M:5.4%,n:5295",92,"0.2.13",52,94.2308,"proto"
"Saccostrea_echinata","GCA_033153115.1","Mollusca",94.23,19678253,"C:92.0%[S:86.3%,D:5.7%],F:2.6%,M:5.4%,n:5295",92,"0.2.13",52,94.2308,"proto"
"Polyodon_spathula","GCA_017654505.1","Gnathostomata",81.63,3441286,"C:93.0%[S:51.1%,D:41.9%],F:1.8%,M:5.2%,n:3640",93,"0.2.13",98,88.8889,"deutero"
"Ocypus_olens","GCA_910593855.1","Endopterygota",76.56,273013,"C:95.0%[S:92.7%,D:2.3%],F:2.1%,M:2.9%,n:2124",95,"0.2.13",64,80.3279,"proto"
"Hypomecis_atomaria","GCA_964007245.1","Lepidoptera",74.63,6703302,"C:93.4%[S:91.4%,D:2.0%],F:1.7%,M:4.9%,n:5286",93.4,"0.2.13",67,80.6452,"proto"
"Hypomecis_atomaria","GCA_964007245.1","Lepidoptera",74.63,6703302,"C:93.4%[S:91.4%,D:2.0%],F:1.7%,M:4.9%,n:5286",93.4,"0.2.13",67,80.6452,"proto"
"Hypomecis_atomaria","GCA_964007245.1","Lepidoptera",74.63,6703302,"C:93.4%[S:91.4%,D:2.0%],F:1.7%,M:4.9%,n:5286",93.4,"0.2.13",67,80.6452,"proto"
"Hypomecis_atomaria","GCA_964007245.1","Lepidoptera",74.63,6703302,"C:93.4%[S:91.4%,D:2.0%],F:1.7%,M:4.9%,n:5286",93.4,"0.2.13",67,80.6452,"proto"
"Clonorchis_sinensis","GCA_003604175.2","Lophotrochozoa",18.37,838796,"C:73.3%[S:72.5%,D:0.8%],F:4.2%,M:22.5%,n:954",73.3,"0.2.13",49,18.3673,"proto"
"Callithrix_jacchus","GCA_011100555.1","Euarchontoglires",77.63,13255626,"C:93.8%[S:92.0%,D:1.8%],F:0.9%,M:5.3%,n:13780",93.8,"0.2.13",219,89.4737,"deutero"
"Sesia_bembeciformis","GCA_943735985.1","Lepidoptera",74.63,539933,"C:88.8%[S:85.7%,D:3.1%],F:3.2%,M:8.0%,n:5286",88.8,"0.2.13",67,80.6452,"proto"
"Elegia_similella","GCA_947532085.1","Lepidoptera",76.12,23057964,"C:93.5%[S:90.2%,D:3.3%],F:3.2%,M:3.3%,n:5286",93.5,"0.2.13",67,82.2581,"proto"
"Corvus_moneduloides","GCA_009650955.1","Neoaves",79.84,11524098,"C:93.1%[S:92.7%,D:0.4%],F:1.7%,M:5.2%,n:10844",93.1,"0.2.13",129,90.3509,"deutero"
"Sanderia_malayensis","GCA_013076295.1","Cnidaria",0,411334,"C:90.3%[S:87.2%,D:3.1%],F:2.8%,M:6.9%,n:954",90.3,"0.2.13",3,0,"combined"
"Homo_sapiens","GCA_042076455.1","Catarrhini",74.29,133272142,"C:95.6%[S:95.1%,D:0.5%],F:0.4%,M:4.0%,n:13780",95.6,"0.2.13",245,87.5,"deutero"
"Archips_crataeganus","GCA_947859365.1","Lepidoptera",71.64,8231938,"C:94.1%[S:91.7%,D:2.4%],F:2.5%,M:3.4%,n:5286",94.1,"0.2.13",67,77.4194,"proto"
"Agrotis_clavis","GCA_954870645.1","Lepidoptera",70.15,6919873,"C:95.3%[S:94.7%,D:0.6%],F:1.2%,M:3.5%,n:5286",95.3,"0.2.13",67,75.8065,"proto"
"Telmatherina_bonti","GCA_933228915.1","Clupeocephala",85.09,1254875,"C:92.2%[S:91.1%,D:1.1%],F:2.2%,M:5.6%,n:3640",92.2,"0.2.13",114,96.0396,"deutero"
"Alectoris_magna","GCA_030625065.1","Neognathae",79.69,23345045,"C:91.4%[S:90.9%,D:0.5%],F:3.2%,M:5.4%,n:8338",91.4,"0.2.13",128,90.2655,"deutero"
"Anoplius_nigerrimus","GCA_914767785.2","Endopterygota",64.06,776252,"C:90.1%[S:89.5%,D:0.6%],F:2.8%,M:7.1%,n:5991",90.1,"0.2.13",64,67.2131,"proto"
"Cyclophora_punctaria","GCA_951394245.1","Lepidoptera",71.64,7052089,"C:93.9%[S:90.1%,D:3.8%],F:2.1%,M:4.0%,n:5286",93.9,"0.2.13",67,77.4194,"proto"
"Crambe_crambe","GCA_963924555.1","Demospongiae",0,3453662,"C:87.0%[S:84.9%,D:2.1%],F:4.5%,M:8.5%,n:954",87,"0.2.13",6,0,"combined"
"Meganola_albula","GCA_936450015.1","Lepidoptera",73.13,13346821,"C:95.3%[S:92.2%,D:3.1%],F:1.9%,M:2.8%,n:5286",95.3,"0.2.13",67,79.0323,"proto"
"Agriotes_lineatus","GCA_940337035.1","Endopterygota",75,201347,"C:93.1%[S:60.7%,D:32.4%],F:1.8%,M:5.1%,n:2124",93.1,"0.2.13",64,78.6885,"proto"
"Homo_sapiens","GCA_018472575.1","Catarrhini",74.29,54673245,"C:95.8%[S:95.4%,D:0.4%],F:0.2%,M:4.0%,n:13780",95.8,"0.2.13",245,87.5,"deutero"
"Equus_caballus","GCA_964023265.1","Laurasiatheria",81.11,36577919,"C:97.7%[S:97.1%,D:0.6%],F:0.9%,M:1.4%,n:12234",97.7,"0.2.13",217,92.6316,"deutero"
"Alsophila_aescularia","GCA_946251855.1","Lepidoptera",74.63,13301133,"C:95.3%[S:94.2%,D:1.1%],F:1.2%,M:3.5%,n:5286",95.3,"0.2.13",67,80.6452,"proto"
"Schizotus_pectinicornis","GCA_951805265.1","Endopterygota",82.81,3604651,"C:95.5%[S:94.1%,D:1.4%],F:0.8%,M:3.7%,n:2124",95.5,"0.2.13",64,86.8852,"proto"
"Macaria_notata","GCA_927399385.1","Lepidoptera",68.66,4117977,"C:84.8%[S:82.2%,D:2.6%],F:3.6%,M:11.6%,n:5286",84.8,"0.2.13",67,74.1935,"proto"
"Homo_sapiens","GCA_042026535.1","Catarrhini",84.49,118012399,"C:98.9%[S:98.4%,D:0.5%],F:0.4%,M:0.7%,n:13780",98.9,"0.2.13",245,99.5192,"deutero"
"Oncorhynchus_tshawytscha","GCA_018296145.1","Clupeocephala",82.46,2884253,"C:96.6%[S:60.3%,D:36.3%],F:1.2%,M:2.2%,n:3640",96.6,"0.2.13",114,93.0693,"deutero"
"Cybosia_mesomella","GCA_946251875.1","Lepidoptera",68.66,424974,"C:93.3%[S:91.6%,D:1.7%],F:2.1%,M:4.6%,n:5286",93.3,"0.2.13",67,74.1935,"proto"
"Lymantria_monacha","GCA_905163525.1","Lepidoptera",76.12,903702,"C:93.8%[S:92.7%,D:1.1%],F:1.3%,M:4.9%,n:5286",93.8,"0.2.13",67,82.2581,"proto"
"Homo_sapiens","GCA_042077765.1","Catarrhini",84.49,132891317,"C:98.8%[S:98.3%,D:0.5%],F:0.4%,M:0.8%,n:13780",98.8,"0.2.13",245,99.5192,"deutero"
"Nemotelus_pantherinus","GCA_963978885.1","Diptera",71.64,7095600,"C:90.0%[S:85.9%,D:4.1%],F:3.8%,M:6.2%,n:3285",90,"0.2.13",67,77.4194,"proto"
"Nemotelus_pantherinus","GCA_963978885.1","Diptera",71.64,7095600,"C:90.0%[S:85.9%,D:4.1%],F:3.8%,M:6.2%,n:3285",90,"0.2.13",67,77.4194,"proto"
"Nemotelus_pantherinus","GCA_963978885.1","Diptera",71.64,7095600,"C:90.0%[S:85.9%,D:4.1%],F:3.8%,M:6.2%,n:3285",90,"0.2.13",67,77.4194,"proto"
"Nemotelus_pantherinus","GCA_963978885.1","Diptera",71.64,7095600,"C:90.0%[S:85.9%,D:4.1%],F:3.8%,M:6.2%,n:3285",90,"0.2.13",67,77.4194,"proto"
"Galerucella_nymphaeae","GCA_963978555.1","Endopterygota",75,6699100,"C:96.7%[S:95.6%,D:1.1%],F:0.9%,M:2.4%,n:2124",96.7,"0.2.13",64,78.6885,"proto"
"Galerucella_nymphaeae","GCA_963978555.1","Endopterygota",75,6699100,"C:96.7%[S:95.6%,D:1.1%],F:0.9%,M:2.4%,n:2124",96.7,"0.2.13",64,78.6885,"proto"
"Galerucella_nymphaeae","GCA_963978555.1","Endopterygota",75,6699100,"C:96.7%[S:95.6%,D:1.1%],F:0.9%,M:2.4%,n:2124",96.7,"0.2.13",64,78.6885,"proto"
"Galerucella_nymphaeae","GCA_963978555.1","Endopterygota",75,6699100,"C:96.7%[S:95.6%,D:1.1%],F:0.9%,M:2.4%,n:2124",96.7,"0.2.13",64,78.6885,"proto"
"Notocelia_uddmanniana","GCA_905163575.1","Lepidoptera",74.63,699156,"C:89.6%[S:86.3%,D:3.3%],F:4.2%,M:6.2%,n:5286",89.6,"0.2.13",67,80.6452,"proto"
"Xestia_xanthographa","GCA_905147715.1","Lepidoptera",71.64,9149592,"C:95.7%[S:94.9%,D:0.8%],F:1.3%,M:3.0%,n:5286",95.7,"0.2.13",67,77.4194,"proto"
"Beris_morrisii","GCA_951812415.1","Diptera",70.15,6675420,"C:94.5%[S:87.4%,D:7.1%],F:2.3%,M:3.2%,n:3285",94.5,"0.2.13",67,75.8065,"proto"
"Rhagonycha_fulva","GCA_905340355.1","Endopterygota",71.88,21086067,"C:97.8%[S:94.6%,D:3.2%],F:0.3%,M:1.9%,n:2124",97.8,"0.2.13",64,75.4098,"proto"
"Homo_sapiens","GCA_018504655.1","Catarrhini",84.49,20564675,"C:98.9%[S:98.5%,D:0.4%],F:0.2%,M:0.9%,n:13780",98.9,"0.2.13",245,99.5192,"deutero"
"Sus_scrofa","GCA_019290145.1","Laurasiatheria",76.04,223517,"C:94.6%[S:93.6%,D:1.0%],F:1.6%,M:3.8%,n:13335",94.6,"0.2.13",217,86.8421,"deutero"
"Ocypus_olens","GCA_910593695.2","Endopterygota",76.56,4567902,"C:97.8%[S:96.6%,D:1.2%],F:0.9%,M:1.3%,n:2124",97.8,"0.2.13",64,80.3279,"proto"
"Homo_sapiens","GCA_042034105.1","Catarrhini",84.49,95048477,"C:98.9%[S:98.3%,D:0.6%],F:0.4%,M:0.7%,n:13780",98.9,"0.2.13",245,99.5192,"deutero"
"Bombus_picipes","GCA_014737485.1","Endopterygota",70.31,377516,"C:92.8%[S:92.6%,D:0.2%],F:2.9%,M:4.3%,n:5991",92.8,"0.2.13",64,73.7705,"proto"
"Carcina_quercana","GCA_910589345.2","Lepidoptera",74.63,370694,"C:89.6%[S:85.9%,D:3.7%],F:3.2%,M:7.2%,n:5286",89.6,"0.2.13",67,80.6452,"proto"
"Saimiri_boliviensis_boliviensis","GCA_016699345.1","Euarchontoglires",77.17,4857773,"C:95.7%[S:94.6%,D:1.1%],F:0.7%,M:3.6%,n:13780",95.7,"0.2.13",219,88.9474,"deutero"
"Rhineura_floridana","GCA_030035675.1","Lepidosauria",83.05,18156940,"C:95.4%[S:93.6%,D:1.8%],F:1.0%,M:3.6%,n:7480",95.4,"0.2.13",118,91.5888,"deutero"
"Philereme_vetulata","GCA_918811585.1","Lepidoptera",61.19,709530,"C:80.5%[S:77.7%,D:2.8%],F:3.4%,M:16.1%,n:5286",80.5,"0.2.13",67,66.129,"proto"
"Orgyia_antiqua","GCA_917414775.1","Lepidoptera",70.15,3865439,"C:84.0%[S:81.5%,D:2.5%],F:1.9%,M:14.1%,n:5286",84,"0.2.13",67,75.8065,"proto"
"Dysidea_avara","GCA_963678975.1","Demospongiae",0,1714350,"C:83.9%[S:80.9%,D:3.0%],F:5.9%,M:10.2%,n:954",83.9,"0.2.13",6,0,"combined"
"Altica_lythri","GCA_964028335.1","Endopterygota",70.31,2893756,"C:96.4%[S:91.6%,D:4.8%],F:0.4%,M:3.2%,n:2124",96.4,"0.2.13",64,73.7705,"proto"
"Eulithis_prunata","GCA_918843955.1","Lepidoptera",52.24,232637,"C:70.6%[S:68.3%,D:2.3%],F:2.2%,M:27.2%,n:5286",70.6,"0.2.13",67,56.4516,"proto"
"Conops_quadrifasciatus","GCA_949752815.1","Diptera",68.66,13220657,"C:93.1%[S:82.5%,D:10.6%],F:1.8%,M:5.1%,n:3285",93.1,"0.2.13",67,74.1935,"proto"
"Glaucopsyche_alexis","GCA_905404225.1","Lepidoptera",71.64,5232038,"C:92.0%[S:87.4%,D:4.6%],F:2.9%,M:5.1%,n:5286",92,"0.2.13",67,77.4194,"proto"
"Pseudopipra_pipra","GCA_036250125.1","Neoaves",80.62,10447158,"C:90.5%[S:89.8%,D:0.7%],F:2.0%,M:7.5%,n:10844",90.5,"0.2.13",129,91.2281,"deutero"
"Arcuatula_senhousia","GCA_963971305.1","Mollusca",90.38,2134782,"C:92.4%[S:90.3%,D:2.1%],F:1.5%,M:6.1%,n:5295",92.4,"0.2.13",52,90.3846,"proto"
"Xestia_rhomboidea","GCA_963853795.1","Lepidoptera",71.64,9866268,"C:96.2%[S:95.6%,D:0.6%],F:0.9%,M:2.9%,n:5286",96.2,"0.2.13",67,77.4194,"proto"
"Homo_sapiens","GCA_042030605.1","Catarrhini",84.49,96619145,"C:98.9%[S:98.3%,D:0.6%],F:0.4%,M:0.7%,n:13780",98.9,"0.2.13",245,99.5192,"deutero"
"Achlya_flavicornis","GCA_947623365.1","Lepidoptera",76.12,11759888,"C:94.5%[S:91.1%,D:3.4%],F:2.4%,M:3.1%,n:5286",94.5,"0.2.13",67,82.2581,"proto"
"Coregonus_ussuriensis","GCA_031479575.1","Clupeocephala",79.82,4271330,"C:93.2%[S:45.5%,D:47.7%],F:1.5%,M:5.3%,n:3640",93.2,"0.2.13",114,90.099,"deutero"
"Homo_sapiens","GCA_042036935.1","Catarrhini",84.49,107159283,"C:98.9%[S:98.4%,D:0.5%],F:0.4%,M:0.7%,n:13780",98.9,"0.2.13",245,99.5192,"deutero"
"Homo_sapiens","GCA_018469665.1","Catarrhini",84.49,54362305,"C:99.0%[S:98.6%,D:0.4%],F:0.2%,M:0.8%,n:13780",99,"0.2.13",245,99.5192,"deutero"
"Hecatera_dysodea","GCA_905332915.2","Lepidoptera",71.64,18008363,"C:97.1%[S:96.5%,D:0.6%],F:0.9%,M:2.0%,n:5286",97.1,"0.2.13",67,77.4194,"proto"
"Electrophorus_electricus","GCA_036250545.1","Clupeocephala",78.07,1515056,"C:94.7%[S:92.7%,D:2.0%],F:1.2%,M:4.1%,n:3640",94.7,"0.2.13",114,88.1188,"deutero"
"Amphimallon_solstitiale","GCA_963170755.1","Endopterygota",78.12,3724788,"C:96.6%[S:94.4%,D:2.2%],F:1.4%,M:2.0%,n:2124",96.6,"0.2.13",64,81.9672,"proto"
"Spilosoma_lubricipeda","GCA_905220595.1","Lepidoptera",73.13,20639572,"C:95.3%[S:92.0%,D:3.3%],F:2.2%,M:2.5%,n:5286",95.3,"0.2.13",67,79.0323,"proto"
"Meleagris_gallopavo","GCA_905368555.1","Neognathae",80.47,26554504,"C:97.0%[S:96.7%,D:0.3%],F:0.9%,M:2.1%,n:8338",97,"0.2.13",128,91.1504,"deutero"
"Chloroclysta_siterata","GCA_932294275.1","Lepidoptera",70.15,20597670,"C:97.4%[S:97.0%,D:0.4%],F:0.7%,M:1.9%,n:5286",97.4,"0.2.13",67,75.8065,"proto"
"Blastomussa_wellsi","GCA_947652115.1","Cnidaria",33.33,418556,"C:88.8%[S:0.2%,D:88.6%],F:5.5%,M:5.7%,n:954",88.8,"0.2.13",3,33.3333,"combined"
"Rissa_tridactyla","GCA_028501385.1","Neoaves",80.62,18169445,"C:91.4%[S:91.1%,D:0.3%],F:1.1%,M:7.5%,n:8338",91.4,"0.2.13",129,91.2281,"deutero"
"Brachyopa_scutellaris","GCA_949775065.1","Diptera",74.63,8818246,"C:94.0%[S:85.8%,D:8.2%],F:2.7%,M:3.3%,n:3285",94,"0.2.13",67,80.6452,"proto"
"Eupithecia_centaureata","GCA_944548335.1","Lepidoptera",64.18,514340,"C:92.6%[S:88.3%,D:4.3%],F:2.7%,M:4.7%,n:5286",92.6,"0.2.13",67,69.3548,"proto"
"Amphipyra_berbera","GCA_910594945.1","Lepidoptera",71.64,19930773,"C:97.0%[S:96.5%,D:0.5%],F:0.8%,M:2.2%,n:5286",97,"0.2.13",67,77.4194,"proto"
"Pipistrellus_kuhlii","GCA_014108245.1","Laurasiatheria",61.75,10591995,"C:95.8%[S:94.4%,D:1.4%],F:1.0%,M:3.2%,n:12234",95.8,"0.2.13",217,70.5263,"deutero"
"Pipistrellus_kuhlii","GCA_014108245.1","Laurasiatheria",61.75,10591995,"C:95.8%[S:94.4%,D:1.4%],F:1.0%,M:3.2%,n:12234",95.8,"0.2.13",217,70.5263,"deutero"
"Pipistrellus_kuhlii","GCA_014108245.1","Laurasiatheria",61.75,10591995,"C:95.8%[S:94.4%,D:1.4%],F:1.0%,M:3.2%,n:12234",95.8,"0.2.13",217,70.5263,"deutero"
"Pipistrellus_kuhlii","GCA_014108245.1","Laurasiatheria",61.75,10591995,"C:95.8%[S:94.4%,D:1.4%],F:1.0%,M:3.2%,n:12234",95.8,"0.2.13",217,70.5263,"deutero"
"Oreohelix_idahoensis","GCA_024509875.1","Mollusca",84.62,394446,"C:77.8%[S:66.1%,D:11.7%],F:5.1%,M:17.1%,n:5295",77.8,"0.2.13",52,84.6154,"proto"
"Saturnia_pavonia","GCA_947532125.1","Lepidoptera",71.64,13190847,"C:94.9%[S:94.2%,D:0.7%],F:0.9%,M:4.2%,n:5286",94.9,"0.2.13",67,77.4194,"proto"
"Paracanthobrama_guichenoti","GCA_018749465.1","Clupeocephala",82.46,1965784,"C:96.1%[S:89.5%,D:6.6%],F:0.9%,M:3.0%,n:3640",96.1,"0.2.13",114,93.0693,"deutero"
"Coccinella_septempunctata","GCA_907165205.1","Endopterygota",70.31,16512651,"C:95.1%[S:93.6%,D:1.5%],F:1.0%,M:3.9%,n:2124",95.1,"0.2.13",64,73.7705,"proto"
"Vipera_ursinii","GCA_947247035.1","Lepidosauria",75.42,2137891,"C:81.4%[S:79.6%,D:1.8%],F:3.9%,M:14.7%,n:7480",81.4,"0.2.13",118,83.1776,"deutero"
"Vipera_ursinii","GCA_947247035.1","Lepidosauria",75.42,2137891,"C:81.4%[S:79.6%,D:1.8%],F:3.9%,M:14.7%,n:7480",81.4,"0.2.13",118,83.1776,"deutero"
"Vipera_ursinii","GCA_947247035.1","Lepidosauria",75.42,2137891,"C:81.4%[S:79.6%,D:1.8%],F:3.9%,M:14.7%,n:7480",81.4,"0.2.13",118,83.1776,"deutero"
"Vipera_ursinii","GCA_947247035.1","Lepidosauria",75.42,2137891,"C:81.4%[S:79.6%,D:1.8%],F:3.9%,M:14.7%,n:7480",81.4,"0.2.13",118,83.1776,"deutero"
"Neoascia_interrupta","GCA_947623515.1","Diptera",76.12,4001592,"C:93.6%[S:86.7%,D:6.9%],F:2.4%,M:4.0%,n:3285",93.6,"0.2.13",67,82.2581,"proto"
"Macaria_brunneata","GCA_964197775.1","Lepidoptera",70.15,1930802,"C:91.4%[S:90.5%,D:0.9%],F:1.9%,M:6.7%,n:5286",91.4,"0.2.13",67,75.8065,"proto"
"Dasysyrphus_tricinctus","GCA_963921185.1","Diptera",74.63,2415853,"C:95.3%[S:93.2%,D:2.1%],F:1.1%,M:3.6%,n:3285",95.3,"0.2.13",67,80.6452,"proto"
"Homo_sapiens","GCA_018471345.1","Catarrhini",84.49,47714433,"C:99.1%[S:98.7%,D:0.4%],F:0.2%,M:0.7%,n:13780",99.1,"0.2.13",245,99.5192,"deutero"
"Tricholauxania_praeusta","GCA_949775025.1","Diptera",71.64,8001616,"C:94.6%[S:84.9%,D:9.7%],F:2.7%,M:2.7%,n:3285",94.6,"0.2.13",67,77.4194,"proto"
"Zygaena_filipendulae","GCA_907165265.1","Lepidoptera",65.67,2058275,"C:92.0%[S:91.2%,D:0.8%],F:0.9%,M:7.1%,n:5286",92,"0.2.13",67,70.9677,"proto"
"Podabrus_alpinus","GCA_932273715.1","Endopterygota",71.88,587059,"C:91.0%[S:83.7%,D:7.3%],F:3.4%,M:5.6%,n:2124",91,"0.2.13",64,75.4098,"proto"
"Xiphias_gladius","GCA_016859285.1","Clupeocephala",85.96,5252707,"C:95.6%[S:94.9%,D:0.7%],F:1.2%,M:3.2%,n:3640",95.6,"0.2.13",114,97.0297,"deutero"
"Dryobates_pubescens","GCA_014839835.1","Neoaves",77.52,19150283,"C:87.0%[S:86.4%,D:0.6%],F:4.8%,M:8.2%,n:8338",87,"0.2.13",129,87.7193,"deutero"
"Patella_vulgata","GCA_932274485.2","Mollusca",90.38,23836764,"C:93.2%[S:92.0%,D:1.2%],F:1.1%,M:5.7%,n:5295",93.2,"0.2.13",52,90.3846,"proto"
"Patella_vulgata","GCA_932274485.2","Mollusca",90.38,23836764,"C:93.2%[S:92.0%,D:1.2%],F:1.1%,M:5.7%,n:5295",93.2,"0.2.13",52,90.3846,"proto"
"Patella_vulgata","GCA_932274485.2","Mollusca",90.38,23836764,"C:93.2%[S:92.0%,D:1.2%],F:1.1%,M:5.7%,n:5295",93.2,"0.2.13",52,90.3846,"proto"
"Patella_vulgata","GCA_932274485.2","Mollusca",90.38,23836764,"C:93.2%[S:92.0%,D:1.2%],F:1.1%,M:5.7%,n:5295",93.2,"0.2.13",52,90.3846,"proto"
"Channa_striata","GCA_034621705.1","Clupeocephala",85.96,5865822,"C:94.9%[S:93.5%,D:1.4%],F:1.1%,M:4.0%,n:3640",94.9,"0.2.13",114,97.0297,"deutero"
"Blastobasis_lacticolella","GCA_905147135.1","Lepidoptera",71.64,11597587,"C:95.2%[S:94.2%,D:1.0%],F:1.4%,M:3.4%,n:5286",95.2,"0.2.13",67,77.4194,"proto"
"Acronicta_psi","GCA_946251945.1","Lepidoptera",73.13,6814251,"C:95.6%[S:95.0%,D:0.6%],F:1.0%,M:3.4%,n:5286",95.6,"0.2.13",67,79.0323,"proto"
"Xyrichtys_novacula","GCA_962446985.1","Clupeocephala",85.96,21535717,"C:96.4%[S:95.4%,D:1.0%],F:0.8%,M:2.8%,n:3640",96.4,"0.2.13",114,97.0297,"deutero"
"Tenthredo_scrophulariae","GCA_963978835.1","Endopterygota",70.31,3069073,"C:90.6%[S:90.0%,D:0.6%],F:4.7%,M:4.7%,n:5991",90.6,"0.2.13",64,73.7705,"proto"
"Tenthredo_scrophulariae","GCA_963978835.1","Endopterygota",70.31,3069073,"C:90.6%[S:90.0%,D:0.6%],F:4.7%,M:4.7%,n:5991",90.6,"0.2.13",64,73.7705,"proto"
"Tenthredo_scrophulariae","GCA_963978835.1","Endopterygota",70.31,3069073,"C:90.6%[S:90.0%,D:0.6%],F:4.7%,M:4.7%,n:5991",90.6,"0.2.13",64,73.7705,"proto"
"Tenthredo_scrophulariae","GCA_963978835.1","Endopterygota",70.31,3069073,"C:90.6%[S:90.0%,D:0.6%],F:4.7%,M:4.7%,n:5991",90.6,"0.2.13",64,73.7705,"proto"
"Nephrotoma_flavescens","GCA_932526605.1","Diptera",67.16,2873576,"C:92.7%[S:91.3%,D:1.4%],F:0.7%,M:6.6%,n:3285",92.7,"0.2.13",67,72.5806,"proto"
"Clarias_fuscus","GCA_030347435.1","Clupeocephala",78.95,8386172,"C:94.5%[S:92.1%,D:2.4%],F:1.2%,M:4.3%,n:3640",94.5,"0.2.13",114,89.1089,"deutero"
"Cnaphalocrocis_medinalis","GCA_014851415.1","Lepidoptera",70.15,524627,"C:93.9%[S:90.9%,D:3.0%],F:1.9%,M:4.2%,n:5286",93.9,"0.2.13",67,75.8065,"proto"
"Apotomis_capreana","GCA_947623375.1","Lepidoptera",73.13,5041000,"C:93.8%[S:89.3%,D:4.5%],F:2.8%,M:3.4%,n:5286",93.8,"0.2.13",67,79.0323,"proto"
"Mesoligia_furuncula","GCA_916611985.1","Lepidoptera",67.16,1682941,"C:93.4%[S:90.8%,D:2.6%],F:3.2%,M:3.4%,n:5286",93.4,"0.2.13",67,72.5806,"proto"
"Bibio_marci","GCA_910594885.2","Diptera",67.16,44910499,"C:93.8%[S:92.2%,D:1.6%],F:0.7%,M:5.5%,n:3285",93.8,"0.2.13",67,72.5806,"proto"
"Mactromeris_polynyma","GCA_032209605.1","Mollusca",78.85,2142274,"C:80.4%[S:78.4%,D:2.0%],F:2.8%,M:16.8%,n:5295",80.4,"0.2.13",52,78.8462,"proto"
"Spodoptera_exigua","GCA_022315195.1","Lepidoptera",70.15,9597298,"C:95.5%[S:94.6%,D:0.9%],F:1.1%,M:3.4%,n:5286",95.5,"0.2.13",67,75.8065,"proto"
"Ptychoptera_albimana","GCA_961205885.1","Diptera",58.21,1860529,"C:93.2%[S:92.5%,D:0.7%],F:0.6%,M:6.2%,n:3285",93.2,"0.2.13",67,62.9032,"proto"
"Pammene_fasciana","GCA_911728535.1","Lepidoptera",71.64,16017629,"C:93.7%[S:90.5%,D:3.2%],F:2.6%,M:3.7%,n:5286",93.7,"0.2.13",67,77.4194,"proto"
"Thunnus_albacares","GCA_914725855.1","Clupeocephala",85.09,26795544,"C:96.9%[S:9.7%,D:87.2%],F:1.3%,M:1.8%,n:3640",96.9,"0.2.13",114,96.0396,"deutero"
"Mus_minutoides","GCA_902729485.2","Muridae",72.46,103650,"C:84.4%[S:83.6%,D:0.8%],F:2.3%,M:13.3%,n:12692",84.4,"0.2.13",236,82.6087,"deutero"
"Chalcosyrphus_nemorum","GCA_949716465.1","Diptera",77.61,6513352,"C:96.0%[S:87.9%,D:8.1%],F:1.1%,M:2.9%,n:3285",96,"0.2.13",67,83.871,"proto"
"Ochlodes_sylvanus","GCA_905404205.1","Lepidoptera",61.19,673362,"C:82.8%[S:81.8%,D:1.0%],F:1.2%,M:16.0%,n:5286",82.8,"0.2.13",67,66.129,"proto"
"Sarcophaga_subvicina","GCA_936449025.2","Diptera",67.16,10290937,"C:96.7%[S:95.8%,D:0.9%],F:0.5%,M:2.8%,n:3285",96.7,"0.2.13",67,72.5806,"proto"
"Spilarctia_lutea","GCA_916048165.1","Lepidoptera",73.13,19053634,"C:95.4%[S:92.1%,D:3.3%],F:2.3%,M:2.3%,n:5286",95.4,"0.2.13",67,79.0323,"proto"
"Chrysoteuchia_culmella","GCA_910589405.1","Lepidoptera",70.15,3829234,"C:86.5%[S:83.9%,D:2.6%],F:2.5%,M:11.0%,n:5286",86.5,"0.2.13",67,75.8065,"proto"
"Ricordea_florida","GCA_949710055.1","Cnidaria",33.33,91217,"C:82.8%[S:73.2%,D:9.6%],F:6.3%,M:10.9%,n:954",82.8,"0.2.13",3,33.3333,"combined"
"Mythimna_vitellina","GCA_949316375.1","Lepidoptera",73.13,15239282,"C:91.0%[S:87.6%,D:3.4%],F:3.5%,M:5.5%,n:5286",91,"0.2.13",67,79.0323,"proto"
"Periophthalmus_magnuspinnatus","GCA_009829125.3","Clupeocephala",79.82,2301275,"C:91.6%[S:90.2%,D:1.4%],F:1.7%,M:6.7%,n:3640",91.6,"0.2.13",114,90.099,"deutero"
"Suncus_etruscus","GCA_024139225.1","Laurasiatheria",53.46,5042816,"C:88.9%[S:87.1%,D:1.8%],F:2.3%,M:8.8%,n:12234",88.9,"0.2.13",217,61.0526,"deutero"
"Tachinus_rufipes","GCA_963932245.1","Endopterygota",79.69,12054482,"C:93.9%[S:89.9%,D:4.0%],F:4.3%,M:1.8%,n:2124",93.9,"0.2.13",64,83.6066,"proto"
"Argyresthia_goedartella","GCA_949825015.1","Lepidoptera",65.67,1733580,"C:90.8%[S:89.3%,D:1.5%],F:1.2%,M:8.0%,n:5286",90.8,"0.2.13",67,70.9677,"proto"
"Stegodyphus_mimosarum","GCA_000611955.2","Chelicerata",84.31,40146,"C:88.4%[S:85.2%,D:3.2%],F:7.9%,M:3.7%,n:2934",88.4,"0.2.13",51,86,"proto"
"Mythimna_ferrago","GCA_910589535.1","Lepidoptera",71.64,27190380,"C:96.6%[S:94.2%,D:2.4%],F:1.1%,M:2.3%,n:5286",96.6,"0.2.13",67,77.4194,"proto"
"Cottoperca_gobio","GCA_900634415.1","Clupeocephala",85.09,6330900,"C:91.6%[S:89.7%,D:1.9%],F:1.9%,M:6.5%,n:3640",91.6,"0.2.13",114,96.0396,"deutero"
"Homo_sapiens","GCA_018471555.1","Catarrhini",74.29,44250376,"C:95.8%[S:95.3%,D:0.5%],F:0.2%,M:4.0%,n:13780",95.8,"0.2.13",245,87.5,"deutero"
"Omphaloscelis_lunosa","GCA_916610215.1","Lepidoptera",70.15,21574654,"C:93.1%[S:90.6%,D:2.5%],F:2.5%,M:4.4%,n:5286",93.1,"0.2.13",67,75.8065,"proto"
"Aelia_acuminata","GCA_911387785.2","Neoptera",62.9,4690255,"C:97.6%[S:95.7%,D:1.9%],F:0.7%,M:1.7%,n:2510",97.6,"0.2.13",62,66.1017,"proto"
"Eledona_agricola","GCA_964023215.1","Endopterygota",84.38,4218407,"C:97.0%[S:96.2%,D:0.8%],F:0.8%,M:2.2%,n:2124",97,"0.2.13",64,88.5246,"proto"
"Alosa_alosa","GCA_017589495.2","Clupeocephala",76.32,1188980,"C:91.4%[S:89.0%,D:2.4%],F:2.0%,M:6.6%,n:3640",91.4,"0.2.13",114,86.1386,"deutero"
"Acomys_kempi","GCA_964186715.1","Muridae",67.8,32857,"C:96.2%[S:91.8%,D:4.4%],F:1.0%,M:2.8%,n:13798",96.2,"0.2.13",236,77.2947,"deutero"
"Lasioglossum_calceatum","GCA_963966675.1","Endopterygota",67.19,9645349,"C:93.0%[S:92.1%,D:0.9%],F:3.6%,M:3.4%,n:5991",93,"0.2.13",64,70.4918,"proto"
"Bombus_breviceps","GCA_014825925.1","Endopterygota",70.31,1044356,"C:94.1%[S:93.8%,D:0.3%],F:2.5%,M:3.4%,n:5991",94.1,"0.2.13",64,73.7705,"proto"
"Eupithecia_phoeniceata","GCA_964204885.1","Lepidoptera",71.64,9850443,"C:95.6%[S:94.9%,D:0.7%],F:1.3%,M:3.1%,n:5286",95.6,"0.2.13",67,77.4194,"proto"
"Drosophila_phalerata","GCA_951394115.1","Drosophila",70.59,923726,"C:97.5%[S:86.4%,D:11.1%],F:1.2%,M:1.3%,n:3285",97.5,"0.2.13",85,78.9474,"proto"
"Megachile_willughbiella","GCA_945859595.2","Endopterygota",68.75,14767377,"C:93.2%[S:93.0%,D:0.2%],F:2.6%,M:4.2%,n:5991",93.2,"0.2.13",64,72.1311,"proto"
"Dioctria_rufipes","GCA_963924295.1","Diptera",76.12,3623881,"C:96.0%[S:95.0%,D:1.0%],F:1.0%,M:3.0%,n:3285",96,"0.2.13",67,82.2581,"proto"
"Colias_croceus","GCA_905220415.1","Lepidoptera",73.13,10749422,"C:95.8%[S:95.3%,D:0.5%],F:0.5%,M:3.7%,n:5286",95.8,"0.2.13",67,79.0323,"proto"
"Pholidichthys_leucotaenia","GCA_020510985.1","Clupeocephala",85.09,5867598,"C:35.0%[S:33.8%,D:1.2%],F:1.1%,M:63.9%,n:3640",35,"0.2.13",114,96.0396,"deutero"
"Zelleria_hepariella","GCA_949319315.1","Lepidoptera",70.15,1033269,"C:90.4%[S:86.5%,D:3.9%],F:2.6%,M:7.0%,n:5286",90.4,"0.2.13",67,75.8065,"proto"
"Sphenella_marginata","GCA_951509765.1","Diptera",62.69,758719,"C:95.7%[S:94.9%,D:0.8%],F:1.1%,M:3.2%,n:3285",95.7,"0.2.13",67,67.7419,"proto"
"Homo_sapiens","GCA_021951015.1","Catarrhini",84.49,62879740,"C:99.1%[S:98.6%,D:0.5%],F:0.1%,M:0.8%,n:13780",99.1,"0.2.13",245,99.5192,"deutero"
"Aythya_marila","GCA_029042245.1","Neognathae",79.69,32460729,"C:96.3%[S:95.8%,D:0.5%],F:1.3%,M:2.4%,n:8338",96.3,"0.2.13",128,90.2655,"deutero"
"Thomomys_bottae","GCA_031878665.1","Glires",58.64,6183328,"C:93.1%[S:91.5%,D:1.6%],F:0.6%,M:6.3%,n:13798",93.1,"0.2.13",220,67.5393,"deutero"
"Euplexia_lucipara","GCA_921972225.1","Lepidoptera",71.64,14928361,"C:95.2%[S:92.9%,D:2.3%],F:2.3%,M:2.5%,n:5286",95.2,"0.2.13",67,77.4194,"proto"
"Galaxea_fascicularis","GCA_948470475.1","Cnidaria",33.33,1749000,"C:87.7%[S:0.5%,D:87.2%],F:4.0%,M:8.3%,n:954",87.7,"0.2.13",3,33.3333,"combined"
"Trichoplusia_ni","GCA_003590095.1","Lepidoptera",73.13,621965,"C:96.3%[S:91.6%,D:4.7%],F:0.9%,M:2.8%,n:5286",96.3,"0.2.13",67,79.0323,"proto"
"Homo_sapiens","GCA_018506125.1","Catarrhini",84.49,35182712,"C:98.9%[S:98.5%,D:0.4%],F:0.2%,M:0.9%,n:13780",98.9,"0.2.13",245,99.5192,"deutero"
"Lumbricus_terrestris","GCA_949752735.1","Annelida",82.81,1589769,"C:95.0%[S:91.3%,D:3.7%],F:2.9%,M:2.1%,n:954",95,"0.2.13",64,82.8125,"proto"
"Rhogogaster_chlorosoma","GCA_944452905.1","Endopterygota",68.75,1558262,"C:88.6%[S:85.8%,D:2.8%],F:3.9%,M:7.5%,n:5991",88.6,"0.2.13",64,72.1311,"proto"
"Tinea_pellionella","GCA_948150575.1","Lepidoptera",71.64,4567964,"C:94.1%[S:90.7%,D:3.4%],F:1.4%,M:4.5%,n:5286",94.1,"0.2.13",67,77.4194,"proto"
"Eugnorisma_glareosa","GCA_947579045.1","Lepidoptera",73.13,1291693,"C:91.4%[S:87.5%,D:3.9%],F:3.5%,M:5.1%,n:5286",91.4,"0.2.13",67,79.0323,"proto"
"Netelia_thomsonii","GCA_964017225.1","Endopterygota",67.19,1389800,"C:92.5%[S:92.3%,D:0.2%],F:2.4%,M:5.1%,n:5991",92.5,"0.2.13",64,70.4918,"proto"
"Euplexia_lucipara","GCA_921956305.1","Lepidoptera",71.64,896480,"C:93.7%[S:91.0%,D:2.7%],F:2.6%,M:3.7%,n:5286",93.7,"0.2.13",67,77.4194,"proto"
"Hylaea_fasciaria","GCA_905147295.1","Lepidoptera",62.69,825097,"C:74.4%[S:72.0%,D:2.4%],F:2.8%,M:22.8%,n:5286",74.4,"0.2.13",67,67.7419,"proto"
"Cataclysta_lemnata","GCA_963931975.1","Lepidoptera",70.15,989062,"C:91.9%[S:89.7%,D:2.2%],F:2.6%,M:5.5%,n:5286",91.9,"0.2.13",67,75.8065,"proto"
"Synaphobranchus_kaupii","GCA_029718625.1","Neopterygii",81.08,519789,"C:90.1%[S:81.4%,D:8.7%],F:2.9%,M:7.0%,n:3640",90.1,"0.2.13",111,91.8367,"deutero"
"Lasioglossum_morio","GCA_916610115.1","Endopterygota",67.19,7963761,"C:95.6%[S:95.2%,D:0.4%],F:1.0%,M:3.4%,n:5991",95.6,"0.2.13",64,70.4918,"proto"
"Bombus_haemorrhoidalis","GCA_014825975.1","Endopterygota",70.31,874667,"C:93.6%[S:93.5%,D:0.1%],F:2.5%,M:3.9%,n:5991",93.6,"0.2.13",64,73.7705,"proto"
"Lacerta_agilis","GCA_009819535.1","Lepidosauria",84.75,6613248,"C:90.7%[S:88.6%,D:2.1%],F:2.3%,M:7.0%,n:7480",90.7,"0.2.13",118,93.4579,"deutero"
"Autographa_gamma","GCA_905146925.1","Lepidoptera",73.13,11185469,"C:97.3%[S:96.9%,D:0.4%],F:0.6%,M:2.1%,n:5286",97.3,"0.2.13",67,79.0323,"proto"
"Stictonetta_naevosa","GCA_011074415.1","Neognathae",78.12,136958,"C:92.4%[S:90.9%,D:1.5%],F:2.8%,M:4.8%,n:8338",92.4,"0.2.13",128,88.4956,"deutero"
"Andrena_praecox","GCA_963932275.1","Endopterygota",71.88,3320118,"C:91.7%[S:91.2%,D:0.5%],F:3.7%,M:4.6%,n:5991",91.7,"0.2.13",64,75.4098,"proto"
"Cantharis_rufa","GCA_947369205.1","Endopterygota",68.75,10477904,"C:96.6%[S:93.4%,D:3.2%],F:0.9%,M:2.5%,n:2124",96.6,"0.2.13",64,72.1311,"proto"
"Leucoma_salicis","GCA_948253155.1","Lepidoptera",68.66,9217107,"C:92.5%[S:89.0%,D:3.5%],F:3.8%,M:3.7%,n:5286",92.5,"0.2.13",67,74.1935,"proto"
"Hypsibius_exemplaris","GCA_002082055.1","Ecdysozoa",17.78,76809,"C:84.6%[S:83.3%,D:1.3%],F:2.9%,M:12.5%,n:954",84.6,"0.2.13",45,17.7778,"proto"
"Xestospongia_bergquistia","GCA_963965975.1","Demospongiae",0,4238256,"C:86.4%[S:84.3%,D:2.1%],F:3.1%,M:10.5%,n:954",86.4,"0.2.13",6,0,"combined"
"Chondrilla_caribensis","GCA_964020155.1","Demospongiae",0,2275441,"C:83.6%[S:81.9%,D:1.7%],F:5.2%,M:11.2%,n:954",83.6,"0.2.13",6,0,"combined"
"Tiphia_femorata","GCA_944319695.1","Endopterygota",71.88,12680120,"C:95.3%[S:94.9%,D:0.4%],F:1.3%,M:3.4%,n:5991",95.3,"0.2.13",64,75.4098,"proto"
"Tiliacea_citrago","GCA_963921375.1","Lepidoptera",70.15,12463310,"C:94.7%[S:94.1%,D:0.6%],F:0.9%,M:4.4%,n:5286",94.7,"0.2.13",67,75.8065,"proto"
"Anopheles_ziemanni","GCA_943734765.1","Diptera",68.66,44379353,"C:95.6%[S:95.0%,D:0.6%],F:0.8%,M:3.6%,n:3285",95.6,"0.2.13",67,74.1935,"proto"
"Sphaerophoria_taeniata","GCA_943591125.1","Diptera",71.64,2128915,"C:91.5%[S:86.0%,D:5.5%],F:2.9%,M:5.6%,n:3285",91.5,"0.2.13",67,77.4194,"proto"
"Dunckerocampus_dactyliophorus","GCA_027744805.2","Clupeocephala",76.32,26519775,"C:93.1%[S:91.7%,D:1.4%],F:1.6%,M:5.3%,n:3640",93.1,"0.2.13",114,86.1386,"deutero"
"Mus_musculus_castaneus","GCA_964188545.1","Muridae",77.12,107094373,"C:96.5%[S:95.3%,D:1.2%],F:1.0%,M:2.5%,n:13798",96.5,"0.2.13",236,87.9227,"deutero"
"Thymelicus_lineola","GCA_963932265.1","Lepidoptera",71.64,466433,"C:94.8%[S:93.2%,D:1.6%],F:1.6%,M:3.6%,n:5286",94.8,"0.2.13",67,77.4194,"proto"
"Poecilia_formosa","GCA_013036135.2","Clupeocephala",78.95,1104733,"C:92.6%[S:91.8%,D:0.8%],F:1.3%,M:6.1%,n:3640",92.6,"0.2.13",114,89.1089,"deutero"
"Homo_sapiens","GCA_018471545.1","Catarrhini",84.08,54639450,"C:99.0%[S:98.4%,D:0.6%],F:0.2%,M:0.8%,n:13780",99,"0.2.13",245,99.0385,"deutero"
"Homo_sapiens","GCA_042030705.1","Catarrhini",84.49,135893483,"C:98.8%[S:98.3%,D:0.5%],F:0.4%,M:0.8%,n:13780",98.8,"0.2.13",245,99.5192,"deutero"
"Mytilus_edulis","GCA_963676685.2","Mollusca",88.46,1737898,"C:93.7%[S:91.3%,D:2.4%],F:1.2%,M:5.1%,n:5295",93.7,"0.2.13",52,88.4615,"proto"
"Linnaemya_vulpina","GCA_963675445.1","Diptera",62.69,5718539,"C:95.0%[S:94.5%,D:0.5%],F:1.2%,M:3.8%,n:3285",95,"0.2.13",67,67.7419,"proto"
"Psittacula_echo","GCA_963264785.1","Neoaves",81.4,5922112,"C:91.3%[S:90.9%,D:0.4%],F:2.1%,M:6.6%,n:8338",91.3,"0.2.13",129,92.1053,"deutero"
"Dioctria_linearis","GCA_963930735.1","Diptera",74.63,806677,"C:96.5%[S:95.5%,D:1.0%],F:1.0%,M:2.5%,n:3285",96.5,"0.2.13",67,80.6452,"proto"
"Sesia_apiformis","GCA_914767725.1","Lepidoptera",65.67,232758,"C:78.1%[S:75.7%,D:2.4%],F:4.8%,M:17.1%,n:5286",78.1,"0.2.13",67,70.9677,"proto"
"Hippoglossus_hippoglossus","GCA_009819705.1","Clupeocephala",85.96,7020318,"C:97.6%[S:96.2%,D:1.4%],F:0.8%,M:1.6%,n:3640",97.6,"0.2.13",114,97.0297,"deutero"
"Syngnathus_typhle","GCA_033458585.1","Clupeocephala",73.68,9083732,"C:91.2%[S:88.4%,D:2.8%],F:1.7%,M:7.1%,n:3640",91.2,"0.2.13",114,83.1683,"deutero"
"Channa_argus","GCA_018997905.1","Clupeocephala",85.09,13290021,"C:80.8%[S:78.8%,D:2.0%],F:1.3%,M:17.9%,n:15213",80.8,"0.2.13",114,96.0396,"deutero"
"Patella_vulgata","GCA_932274405.1","Mollusca",88.46,1202266,"C:92.7%[S:91.1%,D:1.6%],F:1.6%,M:5.7%,n:5295",92.7,"0.2.13",52,88.4615,"proto"
"Neogale_vison","GCA_964106545.1","Laurasiatheria",76.04,1439238,"C:95.6%[S:92.1%,D:3.5%],F:1.1%,M:3.3%,n:14502",95.6,"0.2.13",217,86.8421,"deutero"
"Cynocephalus_volans","GCA_027409185.1","Euarchontoglires",78.08,69195939,"C:96.7%[S:95.1%,D:1.6%],F:0.7%,M:2.6%,n:12692",96.7,"0.2.13",219,90,"deutero"
"Xestia_sexstrigata","GCA_941918905.1","Lepidoptera",71.64,11656141,"C:97.2%[S:96.7%,D:0.5%],F:0.9%,M:1.9%,n:5286",97.2,"0.2.13",67,77.4194,"proto"
"Podargus_strigoides","GCA_028020825.1","Neoaves",83.72,11637970,"C:91.8%[S:89.7%,D:2.1%],F:2.1%,M:6.1%,n:8338",91.8,"0.2.13",129,94.7368,"deutero"
"Epistrophe_grossulariae","GCA_929447575.1","Diptera",76.12,947511,"C:93.9%[S:90.0%,D:3.9%],F:2.4%,M:3.7%,n:3285",93.9,"0.2.13",67,82.2581,"proto"
"Antitype_chi","GCA_947359405.1","Lepidoptera",73.13,10376138,"C:91.4%[S:88.9%,D:2.5%],F:3.1%,M:5.5%,n:5286",91.4,"0.2.13",67,79.0323,"proto"
"Anopheles_bellator","GCA_943735745.1","Diptera",62.69,196687,"C:94.3%[S:93.6%,D:0.7%],F:0.8%,M:4.9%,n:3285",94.3,"0.2.13",67,67.7419,"proto"
"Cryptocephalus_primarius","GCA_963576515.1","Endopterygota",70.31,1867949,"C:94.9%[S:93.7%,D:1.2%],F:1.3%,M:3.8%,n:2124",94.9,"0.2.13",64,73.7705,"proto"
"Sphaeramia_orbicularis","GCA_902148855.1","Clupeocephala",85.09,2360121,"C:94.1%[S:91.1%,D:3.0%],F:1.7%,M:4.2%,n:3640",94.1,"0.2.13",114,96.0396,"deutero"
"Andrena_hattorfiana","GCA_944738655.2","Endopterygota",68.75,10245246,"C:93.2%[S:92.9%,D:0.3%],F:2.8%,M:4.0%,n:5991",93.2,"0.2.13",64,72.1311,"proto"
"Aricia_agestis","GCA_905147365.1","Lepidoptera",71.64,17774651,"C:95.4%[S:94.9%,D:0.5%],F:1.1%,M:3.5%,n:5286",95.4,"0.2.13",67,77.4194,"proto"
"Nomada_ferruginata","GCA_963583965.1","Endopterygota",68.75,12758063,"C:94.4%[S:94.0%,D:0.4%],F:1.9%,M:3.7%,n:5991",94.4,"0.2.13",64,72.1311,"proto"
"Acropora_spathulata","GCA_964019555.1","Cnidaria",33.33,6818000,"C:95.2%[S:94.4%,D:0.8%],F:2.4%,M:2.4%,n:954",95.2,"0.2.13",3,33.3333,"combined"
"Acleris_cristana","GCA_948252455.1","Lepidoptera",76.12,6508426,"C:94.5%[S:93.5%,D:1.0%],F:1.4%,M:4.1%,n:5286",94.5,"0.2.13",67,82.2581,"proto"
"Habrosyne_pyritoides","GCA_907165225.1","Lepidoptera",74.63,175653,"C:91.8%[S:88.5%,D:3.3%],F:3.2%,M:5.0%,n:5286",91.8,"0.2.13",67,80.6452,"proto"
"Limenitis_camilla","GCA_905147315.1","Lepidoptera",73.13,1968423,"C:91.5%[S:91.0%,D:0.5%],F:0.8%,M:7.7%,n:5286",91.5,"0.2.13",67,79.0323,"proto"
"Ophonus_ardosiacus","GCA_943138245.1","Endopterygota",71.88,650894,"C:94.5%[S:90.6%,D:3.9%],F:2.7%,M:2.8%,n:2124",94.5,"0.2.13",64,75.4098,"proto"
"Baccha_elongata","GCA_951217075.1","Diptera",73.13,1077545,"C:94.8%[S:92.7%,D:2.1%],F:1.2%,M:4.0%,n:3285",94.8,"0.2.13",67,79.0323,"proto"
"Ovis_aries","GCA_022416785.1","Laurasiatheria",77.42,71930095,"C:96.4%[S:94.8%,D:1.6%],F:1.3%,M:2.3%,n:13335",96.4,"0.2.13",217,88.4211,"deutero"
"Mythimna_ferrago","GCA_910589535.2","Lepidoptera",70.15,7306184,"C:92.8%[S:92.1%,D:0.7%],F:0.8%,M:6.4%,n:5286",92.8,"0.2.13",67,75.8065,"proto"
"Perizoma_flavofasciatum","GCA_958496245.1","Lepidoptera",70.15,13416557,"C:95.0%[S:94.5%,D:0.5%],F:1.0%,M:4.0%,n:5286",95,"0.2.13",67,75.8065,"proto"
"Stenus_bimaculatus","GCA_963971135.1","Endopterygota",76.56,3547562,"C:96.2%[S:93.6%,D:2.6%],F:0.7%,M:3.1%,n:2124",96.2,"0.2.13",64,80.3279,"proto"
"Stenus_bimaculatus","GCA_963971135.1","Endopterygota",76.56,3547562,"C:96.2%[S:93.6%,D:2.6%],F:0.7%,M:3.1%,n:2124",96.2,"0.2.13",64,80.3279,"proto"
"Stenus_bimaculatus","GCA_963971135.1","Endopterygota",76.56,3547562,"C:96.2%[S:93.6%,D:2.6%],F:0.7%,M:3.1%,n:2124",96.2,"0.2.13",64,80.3279,"proto"
"Stenus_bimaculatus","GCA_963971135.1","Endopterygota",76.56,3547562,"C:96.2%[S:93.6%,D:2.6%],F:0.7%,M:3.1%,n:2124",96.2,"0.2.13",64,80.3279,"proto"
"Erebia_ligea","GCA_917051295.2","Lepidoptera",73.13,14975182,"C:93.4%[S:91.1%,D:2.3%],F:2.8%,M:3.8%,n:5286",93.4,"0.2.13",67,79.0323,"proto"
"Rissa_tridactyla","GCA_028500815.1","Neoaves",84.5,15653959,"C:95.1%[S:94.3%,D:0.8%],F:1.0%,M:3.9%,n:8338",95.1,"0.2.13",129,95.614,"deutero"
"Eupithecia_pulchellata","GCA_963931895.1","Lepidoptera",65.67,630654,"C:92.0%[S:90.8%,D:1.2%],F:1.8%,M:6.2%,n:5286",92,"0.2.13",67,70.9677,"proto"
"Ochlodes_sylvanus","GCA_905404295.2","Lepidoptera",64.18,6806391,"C:95.9%[S:95.3%,D:0.6%],F:1.0%,M:3.1%,n:5286",95.9,"0.2.13",67,69.3548,"proto"
"Luperina_testacea","GCA_927399495.1","Lepidoptera",68.66,839134,"C:92.3%[S:89.0%,D:3.3%],F:2.9%,M:4.8%,n:5286",92.3,"0.2.13",67,74.1935,"proto"
"Hecatera_dysodea","GCA_905332915.1","Lepidoptera",71.64,18008363,"C:96.5%[S:95.7%,D:0.8%],F:1.2%,M:2.3%,n:5286",96.5,"0.2.13",67,77.4194,"proto"
"Stelis_phaeoptera","GCA_943735895.1","Endopterygota",65.62,269156,"C:82.5%[S:81.7%,D:0.8%],F:1.7%,M:15.8%,n:5991",82.5,"0.2.13",64,68.8525,"proto"
"Chondrosia_reniformis","GCA_947172415.1","Demospongiae",0,4706000,"C:84.2%[S:83.5%,D:0.7%],F:2.8%,M:13.0%,n:954",84.2,"0.2.13",6,0,"combined"
"Arenicola_marina","GCA_964019135.1","Annelida",60.94,360722,"C:95.5%[S:94.9%,D:0.6%],F:2.2%,M:2.3%,n:954",95.5,"0.2.13",64,60.9375,"proto"
"Eupithecia_subumbrata","GCA_949316285.1","Lepidoptera",62.69,13570168,"C:93.8%[S:90.4%,D:3.4%],F:2.4%,M:3.8%,n:5286",93.8,"0.2.13",67,67.7419,"proto"
"Alosa_sapidissima","GCA_018492685.1","Clupeocephala",78.95,1565278,"C:94.4%[S:92.7%,D:1.7%],F:1.3%,M:4.3%,n:3640",94.4,"0.2.13",114,89.1089,"deutero"
"Ovis_aries","GCA_000298735.2","Laurasiatheria",73.73,150472,"C:86.4%[S:85.4%,D:1.0%],F:2.8%,M:10.8%,n:13335",86.4,"0.2.13",217,84.2105,"deutero"
"Melolontha_melolontha","GCA_935421255.1","Endopterygota",71.88,787599,"C:85.1%[S:83.4%,D:1.7%],F:3.0%,M:11.9%,n:2124",85.1,"0.2.13",64,75.4098,"proto"
"Homo_sapiens","GCA_042031945.1","Catarrhini",84.49,111420198,"C:99.0%[S:98.4%,D:0.6%],F:0.4%,M:0.6%,n:13780",99,"0.2.13",245,99.5192,"deutero"
"Culter_alburnus","GCA_009869775.1","Clupeocephala",83.33,121415,"C:94.4%[S:92.4%,D:2.0%],F:2.1%,M:3.5%,n:3640",94.4,"0.2.13",114,94.0594,"deutero"
"Neocrepidodera_transversa","GCA_963243735.1","Endopterygota",76.56,5881602,"C:97.5%[S:95.8%,D:1.7%],F:0.7%,M:1.8%,n:2124",97.5,"0.2.13",64,80.3279,"proto"
"Notodonta_dromedarius","GCA_905147855.1","Lepidoptera",71.64,3034062,"C:96.5%[S:95.7%,D:0.8%],F:1.0%,M:2.5%,n:5286",96.5,"0.2.13",67,77.4194,"proto"
"Cygnus_olor","GCA_009769625.2","Neognathae",78.12,8308965,"C:92.0%[S:91.5%,D:0.5%],F:1.9%,M:6.1%,n:8338",92,"0.2.13",128,88.4956,"deutero"
"Coremacera_marginata","GCA_914767935.1","Diptera",71.64,2710321,"C:95.7%[S:94.3%,D:1.4%],F:1.3%,M:3.0%,n:3285",95.7,"0.2.13",67,77.4194,"proto"
"Lemur_catta","GCA_004024665.1","Euarchontoglires",81.74,158439,"C:83.0%[S:82.4%,D:0.6%],F:3.7%,M:13.3%,n:13780",83,"0.2.13",219,94.2105,"deutero"
"Poecilia_formosa","GCA_013036085.2","Clupeocephala",81.58,1886383,"C:90.3%[S:89.2%,D:1.1%],F:1.6%,M:8.1%,n:15213",90.3,"0.2.13",114,92.0792,"deutero"
"Acropora_florida","GCA_014634605.1","Cnidaria",33.33,34202,"C:88.6%[S:0.5%,D:88.1%],F:5.0%,M:6.4%,n:954",88.6,"0.2.13",3,33.3333,"combined"
"Anisus_vortex","GCA_949126835.1","Mollusca",78.85,3531458,"C:94.6%[S:93.1%,D:1.5%],F:1.2%,M:4.2%,n:5295",94.6,"0.2.13",52,78.8462,"proto"
"Anisus_vortex","GCA_949126835.1","Mollusca",78.85,3531458,"C:94.6%[S:93.1%,D:1.5%],F:1.2%,M:4.2%,n:5295",94.6,"0.2.13",52,78.8462,"proto"
"Anisus_vortex","GCA_949126835.1","Mollusca",78.85,3531458,"C:94.6%[S:93.1%,D:1.5%],F:1.2%,M:4.2%,n:5295",94.6,"0.2.13",52,78.8462,"proto"
"Anisus_vortex","GCA_949126835.1","Mollusca",78.85,3531458,"C:94.6%[S:93.1%,D:1.5%],F:1.2%,M:4.2%,n:5295",94.6,"0.2.13",52,78.8462,"proto"
"Mastigias_papua","GCA_964019165.1","Cnidaria",0,2217481,"C:83.1%[S:80.9%,D:2.2%],F:8.1%,M:8.8%,n:954",83.1,"0.2.13",3,0,"combined"
"Cloeon_dipterum","GCA_949628265.1","Pancrustacea",77.36,10197503,"C:97.2%[S:96.2%,D:1.0%],F:0.4%,M:2.4%,n:1367",97.2,"0.2.13",53,78.8462,"proto"
"Mythimna_impura","GCA_905147345.3","Lepidoptera",74.63,24326301,"C:94.6%[S:93.9%,D:0.7%],F:1.1%,M:4.3%,n:5286",94.6,"0.2.13",67,80.6452,"proto"
"Verasper_variegatus","GCA_026259375.1","Clupeocephala",85.96,22761669,"C:95.0%[S:90.1%,D:4.9%],F:2.1%,M:2.9%,n:3640",95,"0.2.13",114,97.0297,"deutero"
"Rhinolophus_ferrumequinum","GCA_004115265.3","Laurasiatheria",74.19,31900497,"C:96.3%[S:95.1%,D:1.2%],F:1.1%,M:2.6%,n:12234",96.3,"0.2.13",217,84.7368,"deutero"
"Lomographa_bimaculata","GCA_948107675.1","Lepidoptera",73.13,869518,"C:93.4%[S:92.0%,D:1.4%],F:1.0%,M:5.6%,n:5286",93.4,"0.2.13",67,79.0323,"proto"
"Amblyteles_armatorius","GCA_933228735.2","Endopterygota",65.62,4376817,"C:90.0%[S:89.4%,D:0.6%],F:3.4%,M:6.6%,n:5991",90,"0.2.13",64,68.8525,"proto"
"Limnephilus_rhombicus","GCA_929108145.2","Endopterygota",70.31,10796652,"C:93.9%[S:92.4%,D:1.5%],F:3.1%,M:3.0%,n:2124",93.9,"0.2.13",64,73.7705,"proto"
"Oryzias_latipes","GCA_947078845.1","Clupeocephala",80.7,1651551,"C:95.4%[S:94.6%,D:0.8%],F:1.6%,M:3.0%,n:3640",95.4,"0.2.13",114,91.0891,"deutero"
"Melanostoma_mellinum","GCA_914767635.1","Diptera",76.12,4649678,"C:95.6%[S:94.0%,D:1.6%],F:1.2%,M:3.2%,n:3285",95.6,"0.2.13",67,82.2581,"proto"
"Nymphalis_polychloros","GCA_905220585.1","Lepidoptera",74.63,13933406,"C:96.5%[S:96.2%,D:0.3%],F:1.1%,M:2.4%,n:5286",96.5,"0.2.13",67,80.6452,"proto"
"Malpolon_monspessulanus","GCA_964265115.1","Lepidosauria",78.81,32743049,"C:88.4%[S:87.0%,D:1.4%],F:2.2%,M:9.4%,n:7480",88.4,"0.2.13",118,86.9159,"deutero"
"Malpolon_monspessulanus","GCA_964265115.1","Lepidosauria",78.81,32743049,"C:88.4%[S:87.0%,D:1.4%],F:2.2%,M:9.4%,n:7480",88.4,"0.2.13",118,86.9159,"deutero"
"Malpolon_monspessulanus","GCA_964265115.1","Lepidosauria",78.81,32743049,"C:88.4%[S:87.0%,D:1.4%],F:2.2%,M:9.4%,n:7480",88.4,"0.2.13",118,86.9159,"deutero"
"Malpolon_monspessulanus","GCA_964265115.1","Lepidosauria",78.81,32743049,"C:88.4%[S:87.0%,D:1.4%],F:2.2%,M:9.4%,n:7480",88.4,"0.2.13",118,86.9159,"deutero"
"Miltochrista_miniata","GCA_933228765.1","Lepidoptera",71.64,16479611,"C:92.7%[S:89.5%,D:3.2%],F:3.6%,M:3.7%,n:5286",92.7,"0.2.13",67,77.4194,"proto"
"Homo_sapiens","GCA_042029545.1","Catarrhini",84.49,98811830,"C:98.9%[S:98.4%,D:0.5%],F:0.4%,M:0.7%,n:13780",98.9,"0.2.13",245,99.5192,"deutero"
"Mythimna_impura","GCA_905147345.2","Lepidoptera",74.63,23340292,"C:96.9%[S:96.0%,D:0.9%],F:0.9%,M:2.2%,n:5286",96.9,"0.2.13",67,80.6452,"proto"
"Protocalliphora_azurea","GCA_932274085.1","Diptera",71.64,8399297,"C:97.9%[S:97.5%,D:0.4%],F:0.5%,M:1.6%,n:3285",97.9,"0.2.13",67,77.4194,"proto"
"Chrysops_caecutiens","GCA_963971475.1","Diptera",70.15,2487246,"C:93.6%[S:90.0%,D:3.6%],F:1.4%,M:5.0%,n:3285",93.6,"0.2.13",67,75.8065,"proto"
"Chrysops_caecutiens","GCA_963971475.1","Diptera",70.15,2487246,"C:93.6%[S:90.0%,D:3.6%],F:1.4%,M:5.0%,n:3285",93.6,"0.2.13",67,75.8065,"proto"
"Chrysops_caecutiens","GCA_963971475.1","Diptera",70.15,2487246,"C:93.6%[S:90.0%,D:3.6%],F:1.4%,M:5.0%,n:3285",93.6,"0.2.13",67,75.8065,"proto"
"Chrysops_caecutiens","GCA_963971475.1","Diptera",70.15,2487246,"C:93.6%[S:90.0%,D:3.6%],F:1.4%,M:5.0%,n:3285",93.6,"0.2.13",67,75.8065,"proto"
"Homo_sapiens","GCA_018506165.1","Catarrhini",84.49,36975063,"C:98.9%[S:98.5%,D:0.4%],F:0.2%,M:0.9%,n:13780",98.9,"0.2.13",245,99.5192,"deutero"
"Leucophora_obtusa","GCA_949987735.1","Diptera",68.66,4345626,"C:96.4%[S:94.8%,D:1.6%],F:0.9%,M:2.7%,n:3285",96.4,"0.2.13",67,74.1935,"proto"
"Delphinapterus_leucas","GCA_035221355.1","Laurasiatheria",79.26,3310522,"C:94.3%[S:93.0%,D:1.3%],F:0.8%,M:4.9%,n:13335",94.3,"0.2.13",217,90.5263,"deutero"
"Sus_scrofa_domesticus","GCA_020567905.1","Laurasiatheria",76.5,26066865,"C:96.2%[S:95.8%,D:0.4%],F:1.1%,M:2.7%,n:13335",96.2,"0.2.13",217,87.3684,"deutero"
"Frankliniella_occidentalis","GCA_000697945.4","Neoptera",69.35,6158,"C:96.4%[S:95.2%,D:1.2%],F:1.5%,M:2.1%,n:1367",96.4,"0.2.13",62,72.8814,"proto"
"Agriphila_inquinatella","GCA_964059425.1","Lepidoptera",74.63,5695902,"C:94.8%[S:93.7%,D:1.1%],F:1.6%,M:3.6%,n:5286",94.8,"0.2.13",67,80.6452,"proto"
"Dolichopus_griseipennis","GCA_963082915.1","Diptera",61.19,532831,"C:91.4%[S:89.5%,D:1.9%],F:1.1%,M:7.5%,n:3285",91.4,"0.2.13",67,66.129,"proto"
"Synanthedon_vespiformis","GCA_918305855.1","Lepidoptera",61.19,382097,"C:80.5%[S:77.1%,D:3.4%],F:2.3%,M:17.2%,n:5286",80.5,"0.2.13",67,66.129,"proto"
"Trachurus_trachurus","GCA_905171665.2","Clupeocephala",85.96,6490592,"C:94.1%[S:93.0%,D:1.1%],F:1.4%,M:4.5%,n:3640",94.1,"0.2.13",114,97.0297,"deutero"
"Eleginops_maclovinus","GCA_036324505.1","Clupeocephala",83.33,7582354,"C:94.5%[S:93.8%,D:0.7%],F:1.9%,M:3.6%,n:3640",94.5,"0.2.13",114,94.0594,"deutero"
"Labia_minor","GCA_963082975.1","Neoptera",70.97,2388475,"C:97.6%[S:95.4%,D:2.2%],F:1.2%,M:1.2%,n:1367",97.6,"0.2.13",62,74.5763,"proto"
"Globia_sparganii","GCA_949316385.1","Lepidoptera",68.66,11367125,"C:92.6%[S:89.4%,D:3.2%],F:3.1%,M:4.3%,n:5286",92.6,"0.2.13",67,74.1935,"proto"
"Pyrgus_malvae","GCA_911387725.2","Lepidoptera",70.15,11451735,"C:97.2%[S:96.6%,D:0.6%],F:0.7%,M:2.1%,n:5286",97.2,"0.2.13",67,75.8065,"proto"
"Tenthredo_livida","GCA_963992785.1","Endopterygota",70.31,6013175,"C:89.6%[S:88.8%,D:0.8%],F:4.2%,M:6.2%,n:5991",89.6,"0.2.13",64,73.7705,"proto"
"Tenthredo_livida","GCA_963992785.1","Endopterygota",70.31,6013175,"C:89.6%[S:88.8%,D:0.8%],F:4.2%,M:6.2%,n:5991",89.6,"0.2.13",64,73.7705,"proto"
"Tenthredo_livida","GCA_963992785.1","Endopterygota",70.31,6013175,"C:89.6%[S:88.8%,D:0.8%],F:4.2%,M:6.2%,n:5991",89.6,"0.2.13",64,73.7705,"proto"
"Tenthredo_livida","GCA_963992785.1","Endopterygota",70.31,6013175,"C:89.6%[S:88.8%,D:0.8%],F:4.2%,M:6.2%,n:5991",89.6,"0.2.13",64,73.7705,"proto"
"Haliotis_laevigata","GCA_008038995.1","Mollusca",92.31,3353,"C:71.1%[S:69.3%,D:1.8%],F:6.3%,M:22.6%,n:5295",71.1,"0.2.13",52,92.3077,"proto"
"Labrus_mixtus","GCA_963584025.1","Clupeocephala",84.21,2678957,"C:96.1%[S:95.3%,D:0.8%],F:1.3%,M:2.6%,n:3640",96.1,"0.2.13",114,95.0495,"deutero"
"Acrobasis_suavella","GCA_943193695.1","Lepidoptera",71.64,21951097,"C:91.6%[S:89.4%,D:2.2%],F:4.0%,M:4.4%,n:5286",91.6,"0.2.13",67,77.4194,"proto"
"Saxidomus_purpurata","GCA_022818135.1","Mollusca",75,511514,"C:70.2%[S:66.4%,D:3.8%],F:3.5%,M:26.3%,n:5295",70.2,"0.2.13",52,75,"proto"
"Saxidomus_purpurata","GCA_022818135.1","Mollusca",75,511514,"C:70.2%[S:66.4%,D:3.8%],F:3.5%,M:26.3%,n:5295",70.2,"0.2.13",52,75,"proto"
"Saxidomus_purpurata","GCA_022818135.1","Mollusca",75,511514,"C:70.2%[S:66.4%,D:3.8%],F:3.5%,M:26.3%,n:5295",70.2,"0.2.13",52,75,"proto"
"Saxidomus_purpurata","GCA_022818135.1","Mollusca",75,511514,"C:70.2%[S:66.4%,D:3.8%],F:3.5%,M:26.3%,n:5295",70.2,"0.2.13",52,75,"proto"
"Habrosyne_pyritoides","GCA_907165245.1","Lepidoptera",74.63,14121114,"C:95.2%[S:93.2%,D:2.0%],F:1.9%,M:2.9%,n:5286",95.2,"0.2.13",67,80.6452,"proto"
"Cantharis_flavilabris","GCA_949152385.1","Endopterygota",70.31,1075827,"C:97.1%[S:90.3%,D:6.8%],F:1.5%,M:1.4%,n:2124",97.1,"0.2.13",64,73.7705,"proto"
"Dendrolimus_punctatus","GCA_012273795.1","Lepidoptera",73.13,1359888,"C:95.4%[S:86.1%,D:9.3%],F:1.5%,M:3.1%,n:5286",95.4,"0.2.13",67,79.0323,"proto"
"Ovis_aries","GCA_022416745.1","Laurasiatheria",77.42,65130578,"C:95.8%[S:94.2%,D:1.6%],F:1.3%,M:2.9%,n:13335",95.8,"0.2.13",217,88.4211,"deutero"
"Puntigrus_tetrazona","GCA_018831695.1","Clupeocephala",83.33,1423374,"C:94.9%[S:90.0%,D:4.9%],F:1.1%,M:4.0%,n:3640",94.9,"0.2.13",114,94.0594,"deutero"
"Xestia_xanthographa","GCA_905147715.2","Lepidoptera",71.64,9149592,"C:96.8%[S:96.0%,D:0.8%],F:0.9%,M:2.3%,n:5286",96.8,"0.2.13",67,77.4194,"proto"
"Agrotis_puta","GCA_943136025.2","Lepidoptera",71.64,11978410,"C:96.5%[S:96.0%,D:0.5%],F:1.0%,M:2.5%,n:5286",96.5,"0.2.13",67,77.4194,"proto"
"Abrostola_tripartita","GCA_905340255.1","Lepidoptera",71.64,3518944,"C:96.7%[S:96.1%,D:0.6%],F:1.0%,M:2.3%,n:5286",96.7,"0.2.13",67,77.4194,"proto"
"Stelis_phaeoptera","GCA_943735885.1","Endopterygota",68.75,13395760,"C:95.6%[S:95.4%,D:0.2%],F:0.9%,M:3.5%,n:5991",95.6,"0.2.13",64,72.1311,"proto"
"Homo_sapiens","GCA_018466845.1","Catarrhini",84.49,59044574,"C:99.0%[S:98.6%,D:0.4%],F:0.2%,M:0.8%,n:13780",99,"0.2.13",245,99.5192,"deutero"
"Lathronympha_strigana","GCA_949128075.1","Lepidoptera",74.63,2840798,"C:92.2%[S:88.5%,D:3.7%],F:3.5%,M:4.3%,n:5286",92.2,"0.2.13",67,80.6452,"proto"
"Amphipoea_lucens","GCA_947508005.1","Lepidoptera",70.15,11346000,"C:94.0%[S:90.9%,D:3.1%],F:2.5%,M:3.5%,n:5286",94,"0.2.13",67,75.8065,"proto"
"Luperina_nickerlii","GCA_963855955.1","Lepidoptera",73.13,8052121,"C:95.2%[S:94.7%,D:0.5%],F:1.2%,M:3.6%,n:5286",95.2,"0.2.13",67,79.0323,"proto"
"Pheosia_tremula","GCA_905333115.1","Lepidoptera",71.64,412752,"C:96.6%[S:94.9%,D:1.7%],F:0.9%,M:2.5%,n:5286",96.6,"0.2.13",67,77.4194,"proto"
"Agriphila_geniculea","GCA_927399405.1","Lepidoptera",71.64,18923089,"C:93.7%[S:91.0%,D:2.7%],F:2.7%,M:3.6%,n:5286",93.7,"0.2.13",67,77.4194,"proto"
"Patella_vulgata","GCA_932274485.1","Mollusca",90.38,18376887,"C:94.6%[S:93.6%,D:1.0%],F:1.2%,M:4.2%,n:5295",94.6,"0.2.13",52,90.3846,"proto"
"Epicampocera_succincta","GCA_932527255.1","Diptera",67.16,5426261,"C:96.4%[S:92.1%,D:4.3%],F:1.6%,M:2.0%,n:3285",96.4,"0.2.13",67,72.5806,"proto"
"Craniophora_ligustri","GCA_905163465.1","Lepidoptera",71.64,12212030,"C:97.0%[S:96.5%,D:0.5%],F:1.0%,M:2.0%,n:5286",97,"0.2.13",67,77.4194,"proto"
"Volucella_bombylans","GCA_949129105.1","Diptera",71.64,975328,"C:94.6%[S:91.5%,D:3.1%],F:1.3%,M:4.1%,n:3285",94.6,"0.2.13",67,77.4194,"proto"
"Pseudoliparis_swirei","GCA_029220125.1","Clupeocephala",74.56,4219354,"C:93.2%[S:91.8%,D:1.4%],F:2.0%,M:4.8%,n:3640",93.2,"0.2.13",114,84.1584,"deutero"
"Odiellus_spinosus","GCA_963920705.1","Chelicerata",82.35,3575313,"C:96.8%[S:95.6%,D:1.2%],F:0.4%,M:2.8%,n:2934",96.8,"0.2.13",51,84,"proto"
"Laodelphax_striatellus","GCA_003335185.2","Neoptera",61.29,119723,"C:96.3%[S:93.1%,D:3.2%],F:1.6%,M:2.1%,n:2510",96.3,"0.2.13",62,64.4068,"proto"
"Pandemis_corylana","GCA_949127965.1","Lepidoptera",73.13,12139594,"C:93.2%[S:89.2%,D:4.0%],F:3.0%,M:3.8%,n:5286",93.2,"0.2.13",67,79.0323,"proto"
"Abraxas_sylvata","GCA_964187985.1","Lepidoptera",70.15,5655000,"C:93.9%[S:92.7%,D:1.2%],F:1.7%,M:4.4%,n:5286",93.9,"0.2.13",67,75.8065,"proto"
"Calamotropha_paludella","GCA_927399485.1","Lepidoptera",76.12,23859661,"C:94.8%[S:92.0%,D:2.8%],F:2.8%,M:2.4%,n:5286",94.8,"0.2.13",67,82.2581,"proto"
"Meandrina_meandrites","GCA_963693305.1","Cnidaria",33.33,7628668,"C:95.5%[S:94.0%,D:1.5%],F:1.5%,M:3.0%,n:954",95.5,"0.2.13",3,33.3333,"combined"
"Eristalis_pertinax","GCA_907269085.1","Diptera",71.64,1218356,"C:94.9%[S:94.0%,D:0.9%],F:0.6%,M:4.5%,n:3285",94.9,"0.2.13",67,77.4194,"proto"
"Noctua_fimbriata","GCA_905163415.1","Lepidoptera",71.64,4379755,"C:90.4%[S:87.9%,D:2.5%],F:3.6%,M:6.0%,n:5286",90.4,"0.2.13",67,77.4194,"proto"
"Sabethes_cyaneus","GCA_943734655.2","Diptera",76.12,22692164,"C:95.6%[S:94.4%,D:1.2%],F:1.4%,M:3.0%,n:3285",95.6,"0.2.13",67,82.2581,"proto"
"Celastrina_argiolus","GCA_905147145.1","Lepidoptera",68.66,1155857,"C:91.3%[S:89.6%,D:1.7%],F:0.6%,M:8.1%,n:5286",91.3,"0.2.13",67,74.1935,"proto"
"Cistogaster_globosa","GCA_937654215.1","Diptera",65.67,551397,"C:93.3%[S:87.8%,D:5.5%],F:2.8%,M:3.9%,n:3285",93.3,"0.2.13",67,70.9677,"proto"
"Udea_ferrugalis","GCA_950022985.1","Lepidoptera",74.63,13239845,"C:92.3%[S:88.9%,D:3.4%],F:2.9%,M:4.8%,n:5286",92.3,"0.2.13",67,80.6452,"proto"
"Ennomos_quercinarius","GCA_910589525.1","Lepidoptera",74.63,16143525,"C:95.8%[S:95.2%,D:0.6%],F:1.4%,M:2.8%,n:5286",95.8,"0.2.13",67,80.6452,"proto"
"Agrochola_lota","GCA_947364295.1","Lepidoptera",70.15,2151531,"C:93.5%[S:92.4%,D:1.1%],F:1.3%,M:5.2%,n:5286",93.5,"0.2.13",67,75.8065,"proto"
"Thyatira_batis","GCA_905147775.1","Lepidoptera",74.63,2448635,"C:96.7%[S:96.3%,D:0.4%],F:0.8%,M:2.5%,n:5286",96.7,"0.2.13",67,80.6452,"proto"
"Parapoynx_stratiotata","GCA_910589355.1","Lepidoptera",71.64,13784991,"C:95.3%[S:94.8%,D:0.5%],F:1.1%,M:3.6%,n:5286",95.3,"0.2.13",67,77.4194,"proto"
"Choreutis_nemorana","GCA_949316135.1","Lepidoptera",68.66,6980553,"C:93.2%[S:90.0%,D:3.2%],F:2.3%,M:4.5%,n:5286",93.2,"0.2.13",67,74.1935,"proto"
"Montipora_cactus","GCA_014634245.1","Cnidaria",0,26103,"C:82.5%[S:0.8%,D:81.7%],F:7.8%,M:9.7%,n:954",82.5,"0.2.13",3,0,"combined"
"Opsariichthys_bidens","GCA_037194365.1","Clupeocephala",83.33,9007218,"C:95.6%[S:90.4%,D:5.2%],F:0.9%,M:3.5%,n:3640",95.6,"0.2.13",114,94.0594,"deutero"
"Unio_delphinus","GCA_029339505.1","Mollusca",88.46,10231822,"C:83.1%[S:80.3%,D:2.8%],F:3.2%,M:13.7%,n:5295",83.1,"0.2.13",52,88.4615,"proto"
"Unio_delphinus","GCA_029339505.1","Mollusca",88.46,10231822,"C:83.1%[S:80.3%,D:2.8%],F:3.2%,M:13.7%,n:5295",83.1,"0.2.13",52,88.4615,"proto"
"Unio_delphinus","GCA_029339505.1","Mollusca",88.46,10231822,"C:83.1%[S:80.3%,D:2.8%],F:3.2%,M:13.7%,n:5295",83.1,"0.2.13",52,88.4615,"proto"
"Unio_delphinus","GCA_029339505.1","Mollusca",88.46,10231822,"C:83.1%[S:80.3%,D:2.8%],F:3.2%,M:13.7%,n:5295",83.1,"0.2.13",52,88.4615,"proto"
"Bombus_sylvestris","GCA_911622165.2","Endopterygota",70.31,5862009,"C:94.0%[S:93.6%,D:0.4%],F:2.0%,M:4.0%,n:5991",94,"0.2.13",64,73.7705,"proto"
"Lasioglossum_villosulum","GCA_963971365.1","Endopterygota",65.62,3091471,"C:93.4%[S:93.0%,D:0.4%],F:3.6%,M:3.0%,n:5991",93.4,"0.2.13",64,68.8525,"proto"
"Lasioglossum_villosulum","GCA_963971365.1","Endopterygota",65.62,3091471,"C:93.4%[S:93.0%,D:0.4%],F:3.6%,M:3.0%,n:5991",93.4,"0.2.13",64,68.8525,"proto"
"Lasioglossum_villosulum","GCA_963971365.1","Endopterygota",65.62,3091471,"C:93.4%[S:93.0%,D:0.4%],F:3.6%,M:3.0%,n:5991",93.4,"0.2.13",64,68.8525,"proto"
"Lasioglossum_villosulum","GCA_963971365.1","Endopterygota",65.62,3091471,"C:93.4%[S:93.0%,D:0.4%],F:3.6%,M:3.0%,n:5991",93.4,"0.2.13",64,68.8525,"proto"
"Chaenocephalus_aceratus","GCA_023974075.1","Clupeocephala",79.82,1500626,"C:86.6%[S:82.8%,D:3.8%],F:3.4%,M:10.0%,n:3640",86.6,"0.2.13",114,90.099,"deutero"
"Oligia_latruncula","GCA_948474685.1","Lepidoptera",70.15,1319680,"C:91.8%[S:87.6%,D:4.2%],F:2.8%,M:5.4%,n:5286",91.8,"0.2.13",67,75.8065,"proto"
"Dasysyrphus_albostriatus","GCA_946251815.1","Diptera",76.12,6406000,"C:95.7%[S:94.9%,D:0.8%],F:0.8%,M:3.5%,n:3285",95.7,"0.2.13",67,82.2581,"proto"
"Stictocephala_bisonia","GCA_035578905.1","Neoptera",69.35,385276,"C:92.4%[S:88.1%,D:4.3%],F:3.0%,M:4.6%,n:2510",92.4,"0.2.13",62,72.8814,"proto"
"Erithacus_rubecula","GCA_903797595.2","Neoaves",77.52,5585877,"C:91.1%[S:90.8%,D:0.3%],F:1.5%,M:7.4%,n:10844",91.1,"0.2.13",129,87.7193,"deutero"
"Homo_sapiens","GCA_042032465.1","Catarrhini",84.49,133325347,"C:98.9%[S:98.4%,D:0.5%],F:0.4%,M:0.7%,n:13780",98.9,"0.2.13",245,99.5192,"deutero"
"Chrysolophus_pictus","GCA_037305975.1","Neognathae",82.03,37751291,"C:95.9%[S:95.4%,D:0.5%],F:1.0%,M:3.1%,n:8338",95.9,"0.2.13",128,92.9204,"deutero"
"Anopheles_maculipalpis","GCA_943734695.1","Diptera",65.67,22618715,"C:94.5%[S:94.2%,D:0.3%],F:1.0%,M:4.5%,n:3285",94.5,"0.2.13",67,70.9677,"proto"
"Lochmaea_capreae","GCA_949126855.1","Endopterygota",75,2598267,"C:94.0%[S:92.9%,D:1.1%],F:1.1%,M:4.9%,n:2124",94,"0.2.13",64,78.6885,"proto"
"Timandra_comae","GCA_958496195.1","Lepidoptera",70.15,6719650,"C:96.0%[S:95.5%,D:0.5%],F:0.7%,M:3.3%,n:5286",96,"0.2.13",67,75.8065,"proto"
"Tenthredo_distinguenda","GCA_947538915.1","Endopterygota",70.31,14135000,"C:91.3%[S:90.7%,D:0.6%],F:3.3%,M:5.4%,n:5991",91.3,"0.2.13",64,73.7705,"proto"
"Neodiprion_lecontei","GCA_021901455.1","Endopterygota",71.88,8158086,"C:94.3%[S:93.8%,D:0.5%],F:2.1%,M:3.6%,n:5991",94.3,"0.2.13",64,75.4098,"proto"
"Neodiprion_lecontei","GCA_021901455.1","Endopterygota",71.88,8158086,"C:98.3%[S:97.6%,D:0.7%],F:0.3%,M:1.4%,n:5991",98.3,"0.2.13",64,75.4098,"proto"
"Chroicocephalus_ridibundus","GCA_030820635.1","Neoaves",83.72,18400000,"C:95.9%[S:95.1%,D:0.8%],F:1.5%,M:2.6%,n:8338",95.9,"0.2.13",129,94.7368,"deutero"
"Gasterosteus_aculeatus","GCA_006232265.1","Clupeocephala",83.33,24675,"C:80.2%[S:78.7%,D:1.5%],F:7.0%,M:12.8%,n:3640",80.2,"0.2.13",114,94.0594,"deutero"
"Asteroscopus_sphinx","GCA_949699085.1","Lepidoptera",67.16,626024,"C:93.6%[S:92.1%,D:1.5%],F:1.6%,M:4.8%,n:5286",93.6,"0.2.13",67,72.5806,"proto"
"Lycaena_phlaeas","GCA_905333005.2","Lepidoptera",74.63,18072480,"C:96.6%[S:96.1%,D:0.5%],F:0.9%,M:2.5%,n:5286",96.6,"0.2.13",67,80.6452,"proto"
"Melitaea_cinxia","GCA_905220555.1","Lepidoptera",73.13,1850851,"C:87.4%[S:86.6%,D:0.8%],F:0.7%,M:11.9%,n:5286",87.4,"0.2.13",67,79.0323,"proto"
"Amphiprion_percula","GCA_003047355.2","Clupeocephala",85.09,3123421,"C:97.0%[S:95.7%,D:1.3%],F:1.0%,M:2.0%,n:3640",97,"0.2.13",114,96.0396,"deutero"
"Epirrita_christyi","GCA_951392215.1","Lepidoptera",70.15,6127092,"C:93.3%[S:89.5%,D:3.8%],F:2.7%,M:4.0%,n:5286",93.3,"0.2.13",67,75.8065,"proto"
"Papilio_machaon","GCA_912999765.1","Lepidoptera",73.13,8777606,"C:95.0%[S:93.3%,D:1.7%],F:0.7%,M:4.3%,n:5286",95,"0.2.13",67,79.0323,"proto"
"Hipparchia_semele","GCA_933228835.1","Lepidoptera",71.64,5736683,"C:88.8%[S:86.8%,D:2.0%],F:2.7%,M:8.5%,n:5286",88.8,"0.2.13",67,77.4194,"proto"
"Machimus_atricapillus","GCA_933228755.1","Diptera",64.18,1013192,"C:83.0%[S:81.8%,D:1.2%],F:1.0%,M:16.0%,n:3285",83,"0.2.13",67,69.3548,"proto"
"Ametastegia_equiseti","GCA_963989295.1","Endopterygota",70.31,5853595,"C:90.1%[S:87.8%,D:2.3%],F:5.9%,M:4.0%,n:5991",90.1,"0.2.13",64,73.7705,"proto"
"Ametastegia_equiseti","GCA_963989295.1","Endopterygota",70.31,5853595,"C:90.1%[S:87.8%,D:2.3%],F:5.9%,M:4.0%,n:5991",90.1,"0.2.13",64,73.7705,"proto"
"Ametastegia_equiseti","GCA_963989295.1","Endopterygota",70.31,5853595,"C:90.1%[S:87.8%,D:2.3%],F:5.9%,M:4.0%,n:5991",90.1,"0.2.13",64,73.7705,"proto"
"Ametastegia_equiseti","GCA_963989295.1","Endopterygota",70.31,5853595,"C:90.1%[S:87.8%,D:2.3%],F:5.9%,M:4.0%,n:5991",90.1,"0.2.13",64,73.7705,"proto"
"Micromesistius_poutassou","GCA_964030765.1","Clupeocephala",78.95,238748,"C:83.4%[S:80.1%,D:3.3%],F:2.6%,M:14.0%,n:3640",83.4,"0.2.13",114,89.1089,"deutero"
"Hydraecia_micacea","GCA_914767645.1","Lepidoptera",71.64,18807492,"C:94.4%[S:91.8%,D:2.6%],F:2.5%,M:3.1%,n:5286",94.4,"0.2.13",67,77.4194,"proto"
"Acropora_microphthalma","GCA_014634165.1","Cnidaria",33.33,36638,"C:91.4%[S:89.9%,D:1.5%],F:4.4%,M:4.2%,n:954",91.4,"0.2.13",3,33.3333,"combined"
"Agrochola_lota","GCA_947364205.1","Lepidoptera",70.15,11176252,"C:95.0%[S:94.2%,D:0.8%],F:1.1%,M:3.9%,n:5286",95,"0.2.13",67,75.8065,"proto"
"Lophiomys_imhausi","GCA_907164525.1","Muridae",64.83,35791,"C:94.4%[S:93.2%,D:1.2%],F:1.1%,M:4.5%,n:13798",94.4,"0.2.13",236,73.913,"deutero"
"Phyto_melanocephala","GCA_941918925.1","Diptera",65.67,13167689,"C:95.5%[S:91.3%,D:4.2%],F:2.9%,M:1.6%,n:3285",95.5,"0.2.13",67,70.9677,"proto"
"Ennomos_quercinarius","GCA_910589525.2","Lepidoptera",74.63,16143525,"C:93.3%[S:92.6%,D:0.7%],F:1.6%,M:5.1%,n:5286",93.3,"0.2.13",67,80.6452,"proto"
"Rhimphoctona_megacephalus","GCA_963989365.1","Endopterygota",64.06,695103,"C:89.9%[S:89.4%,D:0.5%],F:4.1%,M:6.0%,n:5991",89.9,"0.2.13",64,67.2131,"proto"
"Rhimphoctona_megacephalus","GCA_963989365.1","Endopterygota",64.06,695103,"C:89.9%[S:89.4%,D:0.5%],F:4.1%,M:6.0%,n:5991",89.9,"0.2.13",64,67.2131,"proto"
"Rhimphoctona_megacephalus","GCA_963989365.1","Endopterygota",64.06,695103,"C:89.9%[S:89.4%,D:0.5%],F:4.1%,M:6.0%,n:5991",89.9,"0.2.13",64,67.2131,"proto"
"Rhimphoctona_megacephalus","GCA_963989365.1","Endopterygota",64.06,695103,"C:89.9%[S:89.4%,D:0.5%],F:4.1%,M:6.0%,n:5991",89.9,"0.2.13",64,67.2131,"proto"
"Sepioteuthis_lessoniana","GCA_963585895.1","Coleoidea",86.54,656900,"C:78.0%[S:76.6%,D:1.4%],F:4.7%,M:17.3%,n:5295",78,"0.2.13",52,91.8367,"proto"
"Sarcophaga_caerulescens","GCA_927399465.1","Diptera",67.16,3015626,"C:97.5%[S:96.4%,D:1.1%],F:0.2%,M:2.3%,n:3285",97.5,"0.2.13",67,72.5806,"proto"
"Tachina_fera","GCA_905220395.1","Diptera",67.16,2078727,"C:94.9%[S:94.1%,D:0.8%],F:1.0%,M:4.1%,n:3285",94.9,"0.2.13",67,72.5806,"proto"
"Xestia_xanthographa","GCA_913789905.1","Lepidoptera",70.15,2208737,"C:92.3%[S:91.5%,D:0.8%],F:1.0%,M:6.7%,n:5286",92.3,"0.2.13",67,75.8065,"proto"
"Hirtodrosophila_cameraria","GCA_949708645.1","Diptera",79.1,341164,"C:91.5%[S:80.1%,D:11.4%],F:1.5%,M:7.0%,n:3285",91.5,"0.2.13",67,85.4839,"proto"
"Acridotheres_tristis","GCA_027559615.1","Neoaves",81.4,7308823,"C:92.7%[S:92.4%,D:0.3%],F:1.3%,M:6.0%,n:10844",92.7,"0.2.13",129,92.1053,"deutero"
"Micropterus_salmoides","GCA_022435785.1","Clupeocephala",85.09,15296922,"C:97.4%[S:96.5%,D:0.9%],F:0.8%,M:1.8%,n:3640",97.4,"0.2.13",114,96.0396,"deutero"
"Anas_platyrhynchos","GCA_017639285.1","Neognathae",77.34,16035322,"C:91.9%[S:90.7%,D:1.2%],F:3.1%,M:5.0%,n:8338",91.9,"0.2.13",128,87.6106,"deutero"
"Megachile_ligniseca","GCA_945859565.1","Endopterygota",68.75,1803219,"C:91.5%[S:90.6%,D:0.9%],F:2.6%,M:5.9%,n:5991",91.5,"0.2.13",64,72.1311,"proto"
"Thyatira_batis","GCA_905147785.2","Lepidoptera",74.63,7458081,"C:96.3%[S:95.9%,D:0.4%],F:0.7%,M:3.0%,n:5286",96.3,"0.2.13",67,80.6452,"proto"
"Argentina_silus","GCA_951799395.1","Clupeocephala",80.7,858168,"C:89.8%[S:86.4%,D:3.4%],F:1.1%,M:9.1%,n:3640",89.8,"0.2.13",114,91.0891,"deutero"
"Chrysopilus_asiliformis","GCA_964034945.1","Diptera",73.13,6560707,"C:95.3%[S:94.6%,D:0.7%],F:1.2%,M:3.5%,n:3285",95.3,"0.2.13",67,79.0323,"proto"
"Melanostoma_mellinum","GCA_914767615.2","Diptera",73.13,916944,"C:94.0%[S:92.1%,D:1.9%],F:1.5%,M:4.5%,n:3285",94,"0.2.13",67,79.0323,"proto"
"Diarsia_brunnea","GCA_949774965.1","Lepidoptera",68.66,6683731,"C:93.5%[S:89.7%,D:3.8%],F:2.6%,M:3.9%,n:5286",93.5,"0.2.13",67,74.1935,"proto"
"Alectoris_chukar","GCA_035666275.1","Neognathae",79.69,1069603,"C:95.0%[S:94.4%,D:0.6%],F:1.1%,M:3.9%,n:8338",95,"0.2.13",128,90.2655,"deutero"
"Tyria_jacobaeae","GCA_947561695.1","Lepidoptera",71.64,9303053,"C:94.3%[S:93.5%,D:0.8%],F:1.2%,M:4.5%,n:5286",94.3,"0.2.13",67,77.4194,"proto"
"Agriopis_aurantiaria","GCA_914767795.1","Lepidoptera",73.13,1626614,"C:92.4%[S:90.2%,D:2.2%],F:3.0%,M:4.6%,n:5286",92.4,"0.2.13",67,79.0323,"proto"
"Capreolus_capreolus","GCA_951849835.1","Laurasiatheria",78.8,69851389,"C:96.5%[S:94.3%,D:2.2%],F:1.1%,M:2.4%,n:13335",96.5,"0.2.13",217,90,"deutero"
"Dolichovespula_media","GCA_911387685.1","Endopterygota",67.19,1625878,"C:93.8%[S:93.5%,D:0.3%],F:1.8%,M:4.4%,n:5991",93.8,"0.2.13",64,70.4918,"proto"
"Tenthredo_notha","GCA_914767705.1","Endopterygota",70.31,7016856,"C:85.9%[S:85.5%,D:0.4%],F:4.8%,M:9.3%,n:5991",85.9,"0.2.13",64,73.7705,"proto"
"Halyzia_sedecimguttata","GCA_937616445.1","Endopterygota",67.19,734643,"C:85.8%[S:81.6%,D:4.2%],F:5.4%,M:8.8%,n:2124",85.8,"0.2.13",64,70.4918,"proto"
"Thera_britannica","GCA_939531255.1","Lepidoptera",71.64,6103618,"C:97.3%[S:96.6%,D:0.7%],F:0.7%,M:2.0%,n:5286",97.3,"0.2.13",67,77.4194,"proto"
"Macaria_liturata","GCA_964023185.1","Lepidoptera",64.18,518060,"C:91.6%[S:90.6%,D:1.0%],F:1.9%,M:6.5%,n:5286",91.6,"0.2.13",67,69.3548,"proto"
"Apotomis_turbidana","GCA_905147195.1","Lepidoptera",73.13,1023545,"C:88.5%[S:85.6%,D:2.9%],F:2.8%,M:8.7%,n:5286",88.5,"0.2.13",67,79.0323,"proto"
"Mamestra_brassicae","GCA_905163435.1","Lepidoptera",71.64,17758554,"C:96.4%[S:95.7%,D:0.7%],F:1.0%,M:2.6%,n:5286",96.4,"0.2.13",67,77.4194,"proto"
"Hedya_salicella","GCA_905404235.1","Lepidoptera",70.15,1009936,"C:93.5%[S:92.7%,D:0.8%],F:1.6%,M:4.9%,n:5286",93.5,"0.2.13",67,75.8065,"proto"
"Protophormia_terraenovae","GCA_951394085.1","Diptera",68.66,979618,"C:94.0%[S:92.8%,D:1.2%],F:0.7%,M:5.3%,n:3285",94,"0.2.13",67,74.1935,"proto"
"Brachylomia_viminalis","GCA_937001585.2","Lepidoptera",70.15,20659211,"C:92.6%[S:90.0%,D:2.6%],F:3.2%,M:4.2%,n:5286",92.6,"0.2.13",67,75.8065,"proto"
"Hyperoplus_immaculatus","GCA_949357725.1","Clupeocephala",82.46,1486508,"C:95.6%[S:94.6%,D:1.0%],F:1.1%,M:3.3%,n:3640",95.6,"0.2.13",114,93.0693,"deutero"
"Balaenoptera_musculus","GCA_009873245.3","Laurasiatheria",78.8,6315640,"C:94.5%[S:93.0%,D:1.5%],F:1.0%,M:4.5%,n:13335",94.5,"0.2.13",217,90,"deutero"
"Notodonta_ziczac","GCA_918843885.1","Lepidoptera",71.64,5097237,"C:96.0%[S:95.4%,D:0.6%],F:1.0%,M:3.0%,n:5286",96,"0.2.13",67,77.4194,"proto"
"Apoda_limacodes","GCA_946406115.1","Lepidoptera",73.13,15913142,"C:90.9%[S:88.5%,D:2.4%],F:4.3%,M:4.8%,n:5286",90.9,"0.2.13",67,79.0323,"proto"
"Bos_taurus","GCA_002263795.3","Laurasiatheria",82.49,25896116,"C:96.3%[S:95.2%,D:1.1%],F:1.1%,M:2.6%,n:13335",96.3,"0.2.13",217,94.2105,"deutero"
"Rhingia_rostrata","GCA_949824845.1","Diptera",76.12,1925229,"C:92.8%[S:86.1%,D:6.7%],F:2.3%,M:4.9%,n:3285",92.8,"0.2.13",67,82.2581,"proto"
"Fragum_whitleyi","GCA_948146395.1","Mollusca",84.62,2802427,"C:82.0%[S:80.9%,D:1.1%],F:2.9%,M:15.1%,n:5295",82,"0.2.13",52,84.6154,"proto"
"Oncorhynchus_nerka","GCA_034236695.1","Clupeocephala",82.46,2842582,"C:95.9%[S:59.3%,D:36.6%],F:1.4%,M:2.7%,n:3640",95.9,"0.2.13",114,93.0693,"deutero"
"Betta_splendens","GCA_900634795.3","Clupeocephala",85.09,2497747,"C:97.1%[S:95.2%,D:1.9%],F:0.7%,M:2.2%,n:3640",97.1,"0.2.13",114,96.0396,"deutero"
"Clarias_gariepinus","GCA_024256425.2","Clupeocephala",78.07,33715535,"C:96.1%[S:94.5%,D:1.6%],F:1.1%,M:2.8%,n:3640",96.1,"0.2.13",114,88.1188,"deutero"
"Saccostrea_glomerata","GCA_003671525.1","Mollusca",94.23,39540,"C:87.5%[S:83.8%,D:3.7%],F:3.8%,M:8.7%,n:5295",87.5,"0.2.13",52,94.2308,"proto"
"Saccostrea_glomerata","GCA_003671525.1","Mollusca",94.23,39540,"C:87.5%[S:83.8%,D:3.7%],F:3.8%,M:8.7%,n:5295",87.5,"0.2.13",52,94.2308,"proto"
"Saccostrea_glomerata","GCA_003671525.1","Mollusca",94.23,39540,"C:87.5%[S:83.8%,D:3.7%],F:3.8%,M:8.7%,n:5295",87.5,"0.2.13",52,94.2308,"proto"
"Saccostrea_glomerata","GCA_003671525.1","Mollusca",94.23,39540,"C:87.5%[S:83.8%,D:3.7%],F:3.8%,M:8.7%,n:5295",87.5,"0.2.13",52,94.2308,"proto"
"Onychomys_arenicola","GCA_949786425.1","Glires",70.45,29018958,"C:95.2%[S:94.5%,D:0.7%],F:0.3%,M:4.5%,n:13798",95.2,"0.2.13",220,81.1518,"deutero"
"Danaus_plexippus","GCA_018135715.1","Lepidoptera",73.13,3940764,"C:96.5%[S:95.1%,D:1.4%],F:0.7%,M:2.8%,n:5286",96.5,"0.2.13",67,79.0323,"proto"
"Arvicola_amphibius","GCA_903992535.1","Glires",67.73,5392280,"C:95.6%[S:94.3%,D:1.3%],F:0.8%,M:3.6%,n:12692",95.6,"0.2.13",220,78.0105,"deutero"
"Beaufortia_kweichowensis","GCA_019155185.1","Clupeocephala",81.58,5533578,"C:92.7%[S:90.7%,D:2.0%],F:1.8%,M:5.5%,n:3640",92.7,"0.2.13",114,92.0792,"deutero"
"Tyria_jacobaeae","GCA_947561705.1","Lepidoptera",70.15,2452695,"C:93.6%[S:92.7%,D:0.9%],F:1.3%,M:5.1%,n:5286",93.6,"0.2.13",67,75.8065,"proto"
"Cyclina_sinensis","GCA_012932295.1","Mollusca",80.77,2587078,"C:88.3%[S:77.6%,D:10.7%],F:1.5%,M:10.2%,n:5295",88.3,"0.2.13",52,80.7692,"proto"
"Cyclina_sinensis","GCA_012932295.1","Mollusca",80.77,2587078,"C:88.3%[S:77.6%,D:10.7%],F:1.5%,M:10.2%,n:5295",88.3,"0.2.13",52,80.7692,"proto"
"Cyclina_sinensis","GCA_012932295.1","Mollusca",80.77,2587078,"C:88.3%[S:77.6%,D:10.7%],F:1.5%,M:10.2%,n:5295",88.3,"0.2.13",52,80.7692,"proto"
"Cyclina_sinensis","GCA_012932295.1","Mollusca",80.77,2587078,"C:88.3%[S:77.6%,D:10.7%],F:1.5%,M:10.2%,n:5295",88.3,"0.2.13",52,80.7692,"proto"
"Alentia_gelatinosa","GCA_950022655.1","Annelida",70.31,3858780,"C:96.4%[S:95.8%,D:0.6%],F:2.3%,M:1.3%,n:954",96.4,"0.2.13",64,70.3125,"proto"
"Tridacna_crocea","GCA_943736015.1","Mollusca",84.62,32149973,"C:90.8%[S:89.3%,D:1.5%],F:1.4%,M:7.8%,n:5295",90.8,"0.2.13",52,84.6154,"proto"
"Homo_sapiens","GCA_042076565.1","Catarrhini",84.49,139361540,"C:99.0%[S:98.4%,D:0.6%],F:0.4%,M:0.6%,n:13780",99,"0.2.13",245,99.5192,"deutero"
"Coenonympha_glycerion","GCA_963855885.1","Lepidoptera",74.63,11561668,"C:94.4%[S:93.5%,D:0.9%],F:1.9%,M:3.7%,n:5286",94.4,"0.2.13",67,80.6452,"proto"
"Fragum_fragum","GCA_946902895.1","Mollusca",82.69,2298020,"C:76.2%[S:75.0%,D:1.2%],F:3.6%,M:20.2%,n:5295",76.2,"0.2.13",52,82.6923,"proto"
"Amphiduros_pacificus","GCA_949316495.1","Annelida",68.75,7010533,"C:98.4%[S:97.1%,D:1.3%],F:1.0%,M:0.6%,n:954",98.4,"0.2.13",64,68.75,"proto"
"Tholera_decimalis","GCA_943138005.1","Lepidoptera",68.66,687665,"C:89.3%[S:87.8%,D:1.5%],F:1.4%,M:9.3%,n:5286",89.3,"0.2.13",67,74.1935,"proto"
"Melieria_crassipennis","GCA_963668005.1","Diptera",68.66,3041392,"C:93.7%[S:90.4%,D:3.3%],F:1.5%,M:4.8%,n:3285",93.7,"0.2.13",67,74.1935,"proto"
"Apus_apus","GCA_020740795.1","Neoaves",78.29,25561769,"C:94.8%[S:94.5%,D:0.3%],F:1.6%,M:3.6%,n:8338",94.8,"0.2.13",129,88.5965,"deutero"
"Verasper_variegatus","GCA_013332515.1","Clupeocephala",85.09,14452835,"C:95.3%[S:94.2%,D:1.1%],F:1.7%,M:3.0%,n:3640",95.3,"0.2.13",114,96.0396,"deutero"
"Philophylla_caesio","GCA_963971545.1","Diptera",68.66,3970328,"C:94.5%[S:89.8%,D:4.7%],F:2.6%,M:2.9%,n:3285",94.5,"0.2.13",67,74.1935,"proto"
"Philophylla_caesio","GCA_963971545.1","Diptera",68.66,3970328,"C:94.5%[S:89.8%,D:4.7%],F:2.6%,M:2.9%,n:3285",94.5,"0.2.13",67,74.1935,"proto"
"Philophylla_caesio","GCA_963971545.1","Diptera",68.66,3970328,"C:94.5%[S:89.8%,D:4.7%],F:2.6%,M:2.9%,n:3285",94.5,"0.2.13",67,74.1935,"proto"
"Philophylla_caesio","GCA_963971545.1","Diptera",68.66,3970328,"C:94.5%[S:89.8%,D:4.7%],F:2.6%,M:2.9%,n:3285",94.5,"0.2.13",67,74.1935,"proto"
"Tenebrio_molitor","GCA_963966145.1","Endopterygota",82.81,7033857,"C:94.4%[S:93.4%,D:1.0%],F:1.3%,M:4.3%,n:2124",94.4,"0.2.13",64,86.8852,"proto"
"Porites_lobata","GCA_942486035.1","Cnidaria",33.33,2154615,"C:94.6%[S:91.1%,D:3.5%],F:2.4%,M:3.0%,n:954",94.6,"0.2.13",3,33.3333,"combined"
"Catalaphyllia_jardinei","GCA_022496165.2","Cnidaria",33.33,20569,"C:88.1%[S:84.9%,D:3.2%],F:6.9%,M:5.0%,n:954",88.1,"0.2.13",3,33.3333,"combined"
"Nebria_salina","GCA_944039265.1","Endopterygota",73.44,809889,"C:93.6%[S:92.4%,D:1.2%],F:1.1%,M:5.3%,n:2124",93.6,"0.2.13",64,77.0492,"proto"
"Xylota_segnis","GCA_963583995.1","Diptera",76.12,5344565,"C:94.7%[S:93.7%,D:1.0%],F:1.3%,M:4.0%,n:3285",94.7,"0.2.13",67,82.2581,"proto"
"Physocephala_rufipes","GCA_963966595.1","Diptera",64.18,765721,"C:90.4%[S:89.3%,D:1.1%],F:1.8%,M:7.8%,n:3285",90.4,"0.2.13",67,69.3548,"proto"
"Volucella_inflata","GCA_928272175.1","Diptera",68.66,334484,"C:86.6%[S:85.2%,D:1.4%],F:2.1%,M:11.3%,n:3285",86.6,"0.2.13",67,74.1935,"proto"
"Agrochola_circellaris","GCA_914767755.1","Lepidoptera",70.15,19711079,"C:94.0%[S:91.0%,D:3.0%],F:2.5%,M:3.5%,n:5286",94,"0.2.13",67,75.8065,"proto"
"Anopheles_darlingi","GCA_943734745.1","Diptera",65.67,19203082,"C:95.0%[S:94.5%,D:0.5%],F:0.7%,M:4.3%,n:3285",95,"0.2.13",67,70.9677,"proto"
"Lathronympha_strigana","GCA_949128165.1","Lepidoptera",73.13,10724000,"C:91.2%[S:87.1%,D:4.1%],F:3.8%,M:5.0%,n:5286",91.2,"0.2.13",67,79.0323,"proto"
"Myopa_tessellatipennis","GCA_943737955.1","Diptera",65.67,39921807,"C:94.8%[S:93.7%,D:1.1%],F:0.5%,M:4.7%,n:3285",94.8,"0.2.13",67,70.9677,"proto"
"Apodemus_agrarius","GCA_964023405.1","Muridae",68.64,35188814,"C:98.6%[S:97.6%,D:1.0%],F:0.4%,M:1.0%,n:13798",98.6,"0.2.13",236,78.2609,"deutero"
"Deilephila_elpenor","GCA_949752805.1","Lepidoptera",71.64,10013587,"C:94.9%[S:94.5%,D:0.4%],F:0.9%,M:4.2%,n:5286",94.9,"0.2.13",67,77.4194,"proto"
"Ochropleura_leucogaster","GCA_958449745.1","Lepidoptera",70.15,14664511,"C:94.8%[S:94.3%,D:0.5%],F:1.0%,M:4.2%,n:5286",94.8,"0.2.13",67,75.8065,"proto"
"Shargacucullia_verbasci","GCA_947562105.1","Lepidoptera",70.15,9474500,"C:94.5%[S:94.1%,D:0.4%],F:0.8%,M:4.7%,n:5286",94.5,"0.2.13",67,75.8065,"proto"
"Blastobasis_lacticolella","GCA_905147205.1","Lepidoptera",70.15,3371374,"C:86.1%[S:85.0%,D:1.1%],F:1.5%,M:12.4%,n:5286",86.1,"0.2.13",67,75.8065,"proto"
"Mus_musculus","GCA_964188535.1","Muridae",66.95,78831185,"C:93.9%[S:92.9%,D:1.0%],F:1.0%,M:5.1%,n:13798",93.9,"0.2.13",236,76.3285,"deutero"
"Strix_aluco","GCA_031877795.1","Neoaves",82.17,11872084,"C:93.6%[S:92.8%,D:0.8%],F:1.5%,M:4.9%,n:8338",93.6,"0.2.13",129,92.9825,"deutero"
"Aporia_crataegi","GCA_912999795.2","Lepidoptera",71.64,5261076,"C:96.7%[S:96.1%,D:0.6%],F:0.6%,M:2.7%,n:5286",96.7,"0.2.13",67,77.4194,"proto"
"Criorhina_berberina","GCA_917880715.1","Diptera",74.63,34124640,"C:95.1%[S:91.1%,D:4.0%],F:2.0%,M:2.9%,n:3285",95.1,"0.2.13",67,80.6452,"proto"
"Thecophora_atra","GCA_937641085.1","Diptera",56.72,2806050,"C:79.1%[S:74.9%,D:4.2%],F:1.6%,M:19.3%,n:3285",79.1,"0.2.13",67,61.2903,"proto"
"Spongilla_lacustris","GCA_949361645.1","Demospongiae",0,254100,"C:67.0%[S:66.0%,D:1.0%],F:8.1%,M:24.9%,n:954",67,"0.2.13",6,0,"combined"
"Amorpha_juglandis","GCA_949126905.1","Lepidoptera",73.13,15117775,"C:94.6%[S:91.3%,D:3.3%],F:2.3%,M:3.1%,n:5286",94.6,"0.2.13",67,79.0323,"proto"
"Ovis_aries","GCA_022432845.1","Laurasiatheria",77.88,73369510,"C:95.9%[S:94.2%,D:1.7%],F:1.4%,M:2.7%,n:13335",95.9,"0.2.13",217,88.9474,"deutero"
"Euclidia_mi","GCA_944739405.2","Lepidoptera",71.64,2774982,"C:94.2%[S:91.9%,D:2.3%],F:1.5%,M:4.3%,n:5286",94.2,"0.2.13",67,77.4194,"proto"
"Bombus_campestris","GCA_905333015.3","Endopterygota",70.31,6166019,"C:93.7%[S:93.2%,D:0.5%],F:2.2%,M:4.1%,n:5991",93.7,"0.2.13",64,73.7705,"proto"
"Homo_sapiens","GCA_018504085.1","Catarrhini",84.49,20228813,"C:98.9%[S:98.5%,D:0.4%],F:0.2%,M:0.9%,n:13780",98.9,"0.2.13",245,99.5192,"deutero"
"Montipora_efflorescens","GCA_014634505.1","Cnidaria",0,24965,"C:90.1%[S:88.5%,D:1.6%],F:4.9%,M:5.0%,n:954",90.1,"0.2.13",3,0,"combined"
"Allophyes_oxyacanthae","GCA_932294395.1","Lepidoptera",71.64,1653073,"C:93.0%[S:90.1%,D:2.9%],F:2.9%,M:4.1%,n:5286",93,"0.2.13",67,77.4194,"proto"
"Hippocampus_zosterae","GCA_025434085.3","Clupeocephala",77.19,22513697,"C:91.7%[S:89.6%,D:2.1%],F:1.8%,M:6.5%,n:3640",91.7,"0.2.13",114,87.1287,"deutero"
"Homo_sapiens","GCA_042028805.1","Catarrhini",74.29,107685214,"C:95.6%[S:95.0%,D:0.6%],F:0.5%,M:3.9%,n:13780",95.6,"0.2.13",245,87.5,"deutero"
"Taphrorychus_bicolor","GCA_951812265.1","Endopterygota",73.44,1227000,"C:90.6%[S:85.6%,D:5.0%],F:4.3%,M:5.1%,n:2124",90.6,"0.2.13",64,77.0492,"proto"
"Peromyscus_eremicus","GCA_949786435.1","Glires",71.82,1422290,"C:96.0%[S:94.9%,D:1.1%],F:0.9%,M:3.1%,n:13798",96,"0.2.13",220,82.7225,"deutero"
"Craniophora_ligustri","GCA_905163585.1","Lepidoptera",70.15,601847,"C:91.3%[S:90.4%,D:0.9%],F:0.8%,M:7.9%,n:5286",91.3,"0.2.13",67,75.8065,"proto"
"Diarsia_mendica","GCA_949316465.1","Lepidoptera",68.66,3632006,"C:95.2%[S:94.3%,D:0.9%],F:1.1%,M:3.7%,n:5286",95.2,"0.2.13",67,74.1935,"proto"
"Mastacembelus_armatus","GCA_019455525.1","Clupeocephala",85.09,9715001,"C:96.3%[S:95.6%,D:0.7%],F:1.5%,M:2.2%,n:3640",96.3,"0.2.13",114,96.0396,"deutero"
"Merzomyia_westermanni","GCA_949987695.1","Diptera",61.19,9319020,"C:91.5%[S:82.9%,D:8.6%],F:3.7%,M:4.8%,n:3285",91.5,"0.2.13",67,66.129,"proto"
"Lasioglossum_calceatum","GCA_963971175.1","Endopterygota",67.19,9359263,"C:92.6%[S:91.5%,D:1.1%],F:3.7%,M:3.7%,n:5991",92.6,"0.2.13",64,70.4918,"proto"
"Lasioglossum_calceatum","GCA_963971175.1","Endopterygota",67.19,9359263,"C:92.6%[S:91.5%,D:1.1%],F:3.7%,M:3.7%,n:5991",92.6,"0.2.13",64,70.4918,"proto"
"Lasioglossum_calceatum","GCA_963971175.1","Endopterygota",67.19,9359263,"C:92.6%[S:91.5%,D:1.1%],F:3.7%,M:3.7%,n:5991",92.6,"0.2.13",64,70.4918,"proto"
"Lasioglossum_calceatum","GCA_963971175.1","Endopterygota",67.19,9359263,"C:92.6%[S:91.5%,D:1.1%],F:3.7%,M:3.7%,n:5991",92.6,"0.2.13",64,70.4918,"proto"
"Pyrausta_nigrata","GCA_949316215.1","Lepidoptera",70.15,1370663,"C:91.2%[S:90.5%,D:0.7%],F:1.4%,M:7.4%,n:5286",91.2,"0.2.13",67,75.8065,"proto"
"Nebria_salina","GCA_944039245.1","Endopterygota",73.44,3131785,"C:93.9%[S:93.6%,D:0.3%],F:1.1%,M:5.0%,n:2124",93.9,"0.2.13",64,77.0492,"proto"
"Homo_sapiens","GCA_018503265.1","Catarrhini",84.08,25199424,"C:99.0%[S:98.5%,D:0.5%],F:0.2%,M:0.8%,n:13780",99,"0.2.13",245,99.0385,"deutero"
"Metellina_segmentata","GCA_947359465.1","Chelicerata",82.35,3433000,"C:96.2%[S:90.7%,D:5.5%],F:1.5%,M:2.3%,n:2934",96.2,"0.2.13",51,84,"proto"
"Drosophila_histrio","GCA_958299025.2","Drosophila",69.41,1027455,"C:97.5%[S:86.1%,D:11.4%],F:1.0%,M:1.5%,n:3285",97.5,"0.2.13",85,77.6316,"proto"
"Nothobranchius_kuhntae","GCA_006942095.1","Clupeocephala",81.58,22234,"C:78.6%[S:77.4%,D:1.2%],F:3.0%,M:18.4%,n:15213",78.6,"0.2.13",114,92.0792,"deutero"
"Philonicus_albiceps","GCA_963969385.1","Diptera",70.15,2495341,"C:96.0%[S:95.1%,D:0.9%],F:1.1%,M:2.9%,n:3285",96,"0.2.13",67,75.8065,"proto"
"Chelydra_serpentina","GCA_037349315.1","Archelosauria",88.14,47384726,"C:94.1%[S:91.3%,D:2.8%],F:1.4%,M:4.5%,n:7480",94.1,"0.2.13",118,97.1963,"deutero"
"Balanococcus_diminutus","GCA_959613365.1","Neoptera",56.45,6650884,"C:94.9%[S:92.3%,D:2.6%],F:0.5%,M:4.6%,n:2510",94.9,"0.2.13",62,59.322,"proto"
"Sisyra_nigra","GCA_958496155.1","Endopterygota",71.88,3121196,"C:96.2%[S:94.9%,D:1.3%],F:1.3%,M:2.5%,n:2124",96.2,"0.2.13",64,75.4098,"proto"
"Aricia_artaxerxes","GCA_937610355.1","Lepidoptera",56.72,602769,"C:67.7%[S:66.4%,D:1.3%],F:1.6%,M:30.7%,n:5286",67.7,"0.2.13",67,61.2903,"proto"
"Lampropteryx_suffumata","GCA_948098915.1","Lepidoptera",70.15,9512391,"C:94.4%[S:90.8%,D:3.6%],F:2.1%,M:3.5%,n:5286",94.4,"0.2.13",67,75.8065,"proto"
"Anarsia_innoxiella","GCA_947563765.1","Lepidoptera",73.13,5810225,"C:96.1%[S:93.8%,D:2.3%],F:1.5%,M:2.4%,n:5286",96.1,"0.2.13",67,79.0323,"proto"
"Mythimna_impura","GCA_905147275.1","Lepidoptera",71.64,9326425,"C:92.7%[S:90.8%,D:1.9%],F:1.0%,M:6.3%,n:5286",92.7,"0.2.13",67,77.4194,"proto"
"Glyphotaelius_pellucidus","GCA_936435175.1","Endopterygota",68.75,8185058,"C:94.6%[S:93.4%,D:1.2%],F:2.2%,M:3.2%,n:2124",94.6,"0.2.13",64,72.1311,"proto"
"Girardinichthys_multiradiatus","GCA_021462225.2","Clupeocephala",81.58,13818222,"C:74.0%[S:70.1%,D:3.9%],F:4.2%,M:21.8%,n:15213",74,"0.2.13",114,92.0792,"deutero"
"Gigantidas_platifrons","GCA_040955395.1","Mollusca",88.46,28064,"C:81.3%[S:79.9%,D:1.4%],F:4.7%,M:14.0%,n:5295",81.3,"0.2.13",52,88.4615,"proto"
"Gigantidas_platifrons","GCA_040955395.1","Mollusca",88.46,28064,"C:81.3%[S:79.9%,D:1.4%],F:4.7%,M:14.0%,n:5295",81.3,"0.2.13",52,88.4615,"proto"
"Gigantidas_platifrons","GCA_040955395.1","Mollusca",88.46,28064,"C:81.3%[S:79.9%,D:1.4%],F:4.7%,M:14.0%,n:5295",81.3,"0.2.13",52,88.4615,"proto"
"Gigantidas_platifrons","GCA_040955395.1","Mollusca",88.46,28064,"C:81.3%[S:79.9%,D:1.4%],F:4.7%,M:14.0%,n:5295",81.3,"0.2.13",52,88.4615,"proto"
"Oryzias_latipes","GCA_947076645.1","Clupeocephala",80.7,856586,"C:94.9%[S:94.2%,D:0.7%],F:1.7%,M:3.4%,n:3640",94.9,"0.2.13",114,91.0891,"deutero"
"Cornu_aspersum","GCA_964187895.1","Mollusca",82.69,1303995,"C:89.6%[S:73.7%,D:15.9%],F:2.6%,M:7.8%,n:5295",89.6,"0.2.13",52,82.6923,"proto"
"Eueides_isabella","GCA_019049475.1","Lepidoptera",79.1,2115984,"C:96.7%[S:94.2%,D:2.5%],F:0.8%,M:2.5%,n:5286",96.7,"0.2.13",67,85.4839,"proto"
"Mecyna_flavalis","GCA_949319885.1","Lepidoptera",74.63,14695975,"C:95.5%[S:94.9%,D:0.6%],F:0.9%,M:3.6%,n:5286",95.5,"0.2.13",67,80.6452,"proto"
"Eupithecia_insigniata","GCA_947859395.1","Lepidoptera",68.66,4947348,"C:93.0%[S:92.3%,D:0.7%],F:1.6%,M:5.4%,n:5286",93,"0.2.13",67,74.1935,"proto"
"Tachina_fera","GCA_905220375.1","Diptera",68.66,16231967,"C:97.3%[S:96.8%,D:0.5%],F:0.7%,M:2.0%,n:3285",97.3,"0.2.13",67,74.1935,"proto"
"Pammene_aurita","GCA_947086415.1","Lepidoptera",70.15,9236171,"C:92.6%[S:88.6%,D:4.0%],F:3.7%,M:3.7%,n:5286",92.6,"0.2.13",67,75.8065,"proto"
"Volucella_inanis","GCA_907269115.1","Diptera",68.66,1490783,"C:87.4%[S:86.5%,D:0.9%],F:1.8%,M:10.8%,n:3285",87.4,"0.2.13",67,74.1935,"proto"
"Oncorhynchus_mykiss","GCA_029834435.1","Clupeocephala",83.33,12246881,"C:97.0%[S:56.2%,D:40.8%],F:0.9%,M:2.1%,n:3640",97,"0.2.13",114,94.0594,"deutero"
"Mimas_tiliae","GCA_905333085.1","Lepidoptera",71.64,858650,"C:92.1%[S:89.9%,D:2.2%],F:2.6%,M:5.3%,n:5286",92.1,"0.2.13",67,77.4194,"proto"
"Anticlea_derivata","GCA_947579855.1","Lepidoptera",71.64,7458010,"C:94.0%[S:92.0%,D:2.0%],F:2.3%,M:3.7%,n:5286",94,"0.2.13",67,77.4194,"proto"
"Gallus_gallus","GCA_027408225.1","Neognathae",83.59,8326736,"C:97.4%[S:97.0%,D:0.4%],F:0.6%,M:2.0%,n:8338",97.4,"0.2.13",128,94.6903,"deutero"
"Acropora_palmata","GCA_025960835.1","Cnidaria",33.33,230835,"C:81.8%[S:0.5%,D:81.3%],F:7.9%,M:10.3%,n:954",81.8,"0.2.13",3,33.3333,"combined"
"Acleris_emargana","GCA_927399445.1","Lepidoptera",71.64,861355,"C:84.0%[S:80.7%,D:3.3%],F:5.0%,M:11.0%,n:5286",84,"0.2.13",67,77.4194,"proto"
"Hapalochlaena_maculosa","GCA_015501135.1","Coleoidea",80.77,1130,"C:69.9%[S:69.4%,D:0.5%],F:5.8%,M:24.3%,n:5295",69.9,"0.2.13",52,85.7143,"proto"
"Hapalochlaena_maculosa","GCA_015501135.1","Coleoidea",80.77,1130,"C:69.9%[S:69.4%,D:0.5%],F:5.8%,M:24.3%,n:5295",69.9,"0.2.13",52,85.7143,"proto"
"Hapalochlaena_maculosa","GCA_015501135.1","Coleoidea",80.77,1130,"C:69.9%[S:69.4%,D:0.5%],F:5.8%,M:24.3%,n:5295",69.9,"0.2.13",52,85.7143,"proto"
"Hapalochlaena_maculosa","GCA_015501135.1","Coleoidea",80.77,1130,"C:69.9%[S:69.4%,D:0.5%],F:5.8%,M:24.3%,n:5295",69.9,"0.2.13",52,85.7143,"proto"
"Synanthedon_vespiformis","GCA_918317495.1","Lepidoptera",70.15,10304072,"C:94.0%[S:91.4%,D:2.6%],F:2.3%,M:3.7%,n:5286",94,"0.2.13",67,75.8065,"proto"
"Homo_sapiens","GCA_018472845.1","Catarrhini",84.49,52814149,"C:99.1%[S:98.5%,D:0.6%],F:0.2%,M:0.7%,n:13780",99.1,"0.2.13",245,99.5192,"deutero"
"Volucella_bombylans","GCA_949129095.1","Diptera",74.63,2831328,"C:95.7%[S:92.7%,D:3.0%],F:0.9%,M:3.4%,n:3285",95.7,"0.2.13",67,80.6452,"proto"
"Conistra_vaccinii","GCA_948150665.1","Lepidoptera",71.64,16018841,"C:95.0%[S:94.2%,D:0.8%],F:1.1%,M:3.9%,n:5286",95,"0.2.13",67,77.4194,"proto"
"Rhamphomyia_laevipes","GCA_963920725.1","Diptera",67.16,1144504,"C:94.4%[S:90.0%,D:4.4%],F:1.9%,M:3.7%,n:3285",94.4,"0.2.13",67,72.5806,"proto"
"Amphiprion_ocellaris","GCA_022539595.1","Clupeocephala",84.21,812338,"C:97.4%[S:96.2%,D:1.2%],F:0.9%,M:1.7%,n:3640",97.4,"0.2.13",114,95.0495,"deutero"
"Amphilophus_citrinellus","GCA_013435755.1","Clupeocephala",85.96,3839513,"C:96.5%[S:94.5%,D:2.0%],F:0.8%,M:2.7%,n:3640",96.5,"0.2.13",114,97.0297,"deutero"
"Thecocarcelia_acutangulata","GCA_914767995.1","Diptera",67.16,32012514,"C:94.3%[S:90.4%,D:3.9%],F:2.7%,M:3.0%,n:3285",94.3,"0.2.13",67,72.5806,"proto"
"Apamea_anceps","GCA_951799955.1","Lepidoptera",70.15,9454351,"C:95.9%[S:95.4%,D:0.5%],F:1.0%,M:3.1%,n:5286",95.9,"0.2.13",67,75.8065,"proto"
"Patella_caerulea","GCA_036850965.1","Mollusca",88.46,48777860,"C:92.9%[S:89.2%,D:3.7%],F:1.6%,M:5.5%,n:5295",92.9,"0.2.13",52,88.4615,"proto"
"Pilophorus_perplexus","GCA_955831195.1","Neoptera",56.45,4796917,"C:96.2%[S:91.6%,D:4.6%],F:1.6%,M:2.2%,n:2510",96.2,"0.2.13",62,59.322,"proto"
"Acropora_digitifera","GCA_014634065.1","Cnidaria",33.33,1097941,"C:91.7%[S:91.0%,D:0.7%],F:4.7%,M:3.6%,n:954",91.7,"0.2.13",3,33.3333,"combined"
"Tachysurus_fulvidraco","GCA_022655615.1","Clupeocephala",76.32,3329536,"C:95.0%[S:93.2%,D:1.8%],F:1.1%,M:3.9%,n:3640",95,"0.2.13",114,86.1386,"deutero"
"Sylvia_borin","GCA_014839755.1","Neoaves",80.62,31914676,"C:88.7%[S:88.4%,D:0.3%],F:2.6%,M:8.7%,n:10844",88.7,"0.2.13",129,91.2281,"deutero"
"Bufo_gargarizans","GCA_014858855.1","Amphibia",78.57,1738317,"C:88.4%[S:84.1%,D:4.3%],F:2.6%,M:9.0%,n:5310",88.4,"0.2.13",112,87.1287,"deutero"
"Oegoconia_quadripuncta","GCA_949316235.1","Lepidoptera",74.63,6683120,"C:92.4%[S:88.7%,D:3.7%],F:3.5%,M:4.1%,n:5286",92.4,"0.2.13",67,80.6452,"proto"
"Eristalis_tenax","GCA_905231845.1","Diptera",71.64,2410441,"C:96.3%[S:95.6%,D:0.7%],F:0.7%,M:3.0%,n:3285",96.3,"0.2.13",67,77.4194,"proto"
"Discoglossus_pictus","GCA_027410445.1","Amphibia",83.04,3043591,"C:87.6%[S:85.5%,D:2.1%],F:2.5%,M:9.9%,n:5310",87.6,"0.2.13",112,92.0792,"deutero"
"Eupithecia_centaureata","GCA_944547425.1","Lepidoptera",65.67,1615577,"C:93.1%[S:90.5%,D:2.6%],F:3.0%,M:3.9%,n:5286",93.1,"0.2.13",67,70.9677,"proto"
"Andrena_hattorfiana","GCA_944738655.1","Endopterygota",68.75,10245246,"C:95.3%[S:95.0%,D:0.3%],F:1.4%,M:3.3%,n:5991",95.3,"0.2.13",64,72.1311,"proto"
"Ophonus_ardosiacus","GCA_943142095.1","Endopterygota",73.44,8331656,"C:95.2%[S:90.7%,D:4.5%],F:2.1%,M:2.7%,n:2124",95.2,"0.2.13",64,77.0492,"proto"
"Homo_sapiens","GCA_018505865.1","Catarrhini",84.08,24098322,"C:98.8%[S:98.2%,D:0.6%],F:0.2%,M:1.0%,n:13780",98.8,"0.2.13",245,99.0385,"deutero"
"Plectropomus_leopardus","GCA_011397275.1","Clupeocephala",84.21,1139749,"C:89.9%[S:88.1%,D:1.8%],F:1.5%,M:8.6%,n:3640",89.9,"0.2.13",114,95.0495,"deutero"
"Eupithecia_exiguata","GCA_947086465.1","Lepidoptera",65.67,5437668,"C:93.2%[S:92.6%,D:0.6%],F:1.6%,M:5.2%,n:5286",93.2,"0.2.13",67,70.9677,"proto"
"Homo_sapiens","GCA_018472825.1","Catarrhini",84.49,27014075,"C:98.9%[S:98.5%,D:0.4%],F:0.2%,M:0.9%,n:13780",98.9,"0.2.13",245,99.5192,"deutero"
"Chrysotoxum_bicinctum","GCA_911387755.1","Diptera",74.63,5739793,"C:96.1%[S:94.6%,D:1.5%],F:0.7%,M:3.2%,n:3285",96.1,"0.2.13",67,80.6452,"proto"
"Pammene_fasciana","GCA_911728525.2","Lepidoptera",71.64,4067785,"C:93.0%[S:90.0%,D:3.0%],F:3.1%,M:3.9%,n:5286",93,"0.2.13",67,77.4194,"proto"
"Silvanus_unidentatus","GCA_963930825.1","Endopterygota",73.44,2207987,"C:92.8%[S:92.2%,D:0.6%],F:1.3%,M:5.9%,n:2124",92.8,"0.2.13",64,77.0492,"proto"
"Sebastes_schlegelii","GCA_014673565.1","Clupeocephala",85.09,5473395,"C:95.4%[S:93.3%,D:2.1%],F:1.6%,M:3.0%,n:3640",95.4,"0.2.13",114,96.0396,"deutero"
"Andrena_chrysosceles","GCA_963855975.1","Endopterygota",67.19,3481507,"C:93.6%[S:93.3%,D:0.3%],F:2.8%,M:3.6%,n:5991",93.6,"0.2.13",64,70.4918,"proto"
"Nymphalis_polychloros","GCA_905220575.1","Lepidoptera",74.63,5147969,"C:92.6%[S:92.1%,D:0.5%],F:0.8%,M:6.6%,n:5286",92.6,"0.2.13",67,80.6452,"proto"
"Leistus_spinibarbis","GCA_933228875.1","Endopterygota",62.5,321871,"C:80.9%[S:76.6%,D:4.3%],F:1.8%,M:17.3%,n:2124",80.9,"0.2.13",64,65.5738,"proto"
"Caradrina_kadenii","GCA_947462355.1","Lepidoptera",68.66,15330137,"C:94.1%[S:93.6%,D:0.5%],F:1.5%,M:4.4%,n:5286",94.1,"0.2.13",67,74.1935,"proto"
"Astyanax_mexicanus","GCA_019721115.1","Clupeocephala",78.07,14827381,"C:98.0%[S:96.5%,D:1.5%],F:0.8%,M:1.2%,n:3640",98,"0.2.13",114,88.1188,"deutero"
"Dysidea_avara","GCA_963678975.2","Demospongiae",0,1714350,"C:84.0%[S:80.9%,D:3.1%],F:5.6%,M:10.4%,n:954",84,"0.2.13",6,0,"combined"
"Pieris_brassicae","GCA_905147105.1","Lepidoptera",70.15,21291167,"C:94.7%[S:94.3%,D:0.4%],F:0.6%,M:4.7%,n:5286",94.7,"0.2.13",67,75.8065,"proto"
"Microctonus_hyperodae","GCA_030347285.1","Endopterygota",67.19,9605,"C:87.9%[S:87.5%,D:0.4%],F:4.0%,M:8.1%,n:5991",87.9,"0.2.13",64,70.4918,"proto"
"Mimumesa_dahlbomi","GCA_917499265.1","Endopterygota",67.19,9606734,"C:91.8%[S:89.8%,D:2.0%],F:4.5%,M:3.7%,n:5991",91.8,"0.2.13",64,70.4918,"proto"
"Cheilosia_variabilis","GCA_951230905.1","Diptera",76.12,7889679,"C:94.0%[S:86.1%,D:7.9%],F:1.6%,M:4.4%,n:3285",94,"0.2.13",67,82.2581,"proto"
"Tenthredo_mesomela","GCA_943736025.1","Endopterygota",70.31,3419667,"C:95.9%[S:95.3%,D:0.6%],F:1.0%,M:3.1%,n:5991",95.9,"0.2.13",64,73.7705,"proto"
"Coilia_nasus","GCA_027475355.1","Clupeocephala",74.56,26648257,"C:93.9%[S:91.3%,D:2.6%],F:1.5%,M:4.6%,n:3640",93.9,"0.2.13",114,84.1584,"deutero"
"Platypus_cylindrus","GCA_949748235.1","Endopterygota",71.88,2446278,"C:95.3%[S:90.0%,D:5.3%],F:1.4%,M:3.3%,n:2124",95.3,"0.2.13",64,75.4098,"proto"
"Acropora_nasuta","GCA_014634205.1","Cnidaria",33.33,40130,"C:88.9%[S:0.4%,D:88.5%],F:4.2%,M:6.9%,n:954",88.9,"0.2.13",3,33.3333,"combined"
"Pedicia_rivosa","GCA_963082725.1","Diptera",68.66,2378111,"C:96.5%[S:89.6%,D:6.9%],F:0.5%,M:3.0%,n:3285",96.5,"0.2.13",67,74.1935,"proto"
"Limnephilus_lunatus","GCA_917563855.2","Endopterygota",68.75,18993099,"C:95.2%[S:93.9%,D:1.3%],F:1.9%,M:2.9%,n:2124",95.2,"0.2.13",64,72.1311,"proto"
"Onychomys_leucogaster","GCA_949786385.1","Glires",70.45,19200283,"C:96.7%[S:96.1%,D:0.6%],F:0.6%,M:2.7%,n:13798",96.7,"0.2.13",220,81.1518,"deutero"
"Phosphuga_atrata","GCA_944567605.1","Endopterygota",70.31,402671,"C:80.2%[S:75.2%,D:5.0%],F:7.6%,M:12.2%,n:2124",80.2,"0.2.13",64,73.7705,"proto"
"Meles_meles","GCA_922984935.2","Laurasiatheria",77.42,75210923,"C:96.8%[S:95.3%,D:1.5%],F:0.6%,M:2.6%,n:14502",96.8,"0.2.13",217,88.4211,"deutero"
"Hipposideros_galeritus","GCA_004027415.1","Laurasiatheria",75.12,33704,"C:67.5%[S:65.8%,D:1.7%],F:10.9%,M:21.6%,n:12234",67.5,"0.2.13",217,85.7895,"deutero"
"Sepiola_atlantica","GCA_963556195.1","Coleoidea",84.62,3845630,"C:74.5%[S:73.1%,D:1.4%],F:4.2%,M:21.3%,n:5295",74.5,"0.2.13",52,89.7959,"proto"
"Xestia_sexstrigata","GCA_941918905.2","Lepidoptera",71.64,12018096,"C:94.8%[S:94.3%,D:0.5%],F:1.2%,M:4.0%,n:5286",94.8,"0.2.13",67,77.4194,"proto"
"Eupeodes_luniger","GCA_951508365.1","Diptera",76.12,2181547,"C:94.7%[S:87.3%,D:7.4%],F:2.3%,M:3.0%,n:3285",94.7,"0.2.13",67,82.2581,"proto"
"Oryzias_latipes","GCA_947078855.1","Clupeocephala",80.7,1513901,"C:95.5%[S:94.6%,D:0.9%],F:1.6%,M:2.9%,n:3640",95.5,"0.2.13",114,91.0891,"deutero"
"Phyllopteryx_taeniolatus","GCA_024500385.1","Clupeocephala",75.44,9935855,"C:93.7%[S:92.6%,D:1.1%],F:2.2%,M:4.1%,n:3640",93.7,"0.2.13",114,85.1485,"deutero"
"Polyommatus_icarus","GCA_937595015.1","Lepidoptera",74.63,5516066,"C:95.4%[S:94.7%,D:0.7%],F:1.1%,M:3.5%,n:5286",95.4,"0.2.13",67,80.6452,"proto"
"Astatotilapia_calliptera","GCA_900246225.5","Clupeocephala",85.96,4438245,"C:95.6%[S:93.8%,D:1.8%],F:1.1%,M:3.3%,n:3640",95.6,"0.2.13",114,97.0297,"deutero"
"Myopa_testacea","GCA_949629155.1","Diptera",67.16,713800,"C:90.4%[S:79.8%,D:10.6%],F:2.4%,M:7.2%,n:3285",90.4,"0.2.13",67,72.5806,"proto"
"Vespa_crabro","GCA_910589515.1","Endopterygota",50,45968,"C:62.9%[S:58.6%,D:4.3%],F:3.5%,M:33.6%,n:5991",62.9,"0.2.13",64,52.459,"proto"
"Dascillus_cervinus","GCA_949768715.1","Endopterygota",75,8885058,"C:95.7%[S:93.2%,D:2.5%],F:0.6%,M:3.7%,n:2124",95.7,"0.2.13",64,78.6885,"proto"
"Sebastes_umbrosus","GCA_015220745.1","Clupeocephala",85.09,11445908,"C:96.2%[S:95.2%,D:1.0%],F:1.0%,M:2.8%,n:3640",96.2,"0.2.13",114,96.0396,"deutero"
"Euspilapteryx_auroguttella","GCA_951802225.1","Lepidoptera",68.66,2025000,"C:94.7%[S:94.1%,D:0.6%],F:1.0%,M:4.3%,n:5286",94.7,"0.2.13",67,74.1935,"proto"
"Pipistrellus_pipistrellus","GCA_903992545.1","Laurasiatheria",57.14,4446752,"C:88.1%[S:86.9%,D:1.2%],F:1.6%,M:10.3%,n:12234",88.1,"0.2.13",217,65.2632,"deutero"
"Watersipora_subatra","GCA_963576615.1","Lophotrochozoa",46.94,4547826,"C:93.5%[S:91.5%,D:2.0%],F:2.9%,M:3.6%,n:954",93.5,"0.2.13",49,46.9388,"proto"
"Pocillopora_meandrina","GCA_942486045.1","Cnidaria",33.33,4753879,"C:94.0%[S:86.5%,D:7.5%],F:2.6%,M:3.4%,n:954",94,"0.2.13",3,33.3333,"combined"
"Saccopteryx_leptura","GCA_036850995.1","Laurasiatheria",66.36,17812205,"C:96.6%[S:95.1%,D:1.5%],F:0.7%,M:2.7%,n:12234",96.6,"0.2.13",217,75.7895,"deutero"
"Saccopteryx_leptura","GCA_036850995.1","Laurasiatheria",66.36,17812205,"C:96.6%[S:95.1%,D:1.5%],F:0.7%,M:2.7%,n:12234",96.6,"0.2.13",217,75.7895,"deutero"
"Saccopteryx_leptura","GCA_036850995.1","Laurasiatheria",66.36,17812205,"C:96.6%[S:95.1%,D:1.5%],F:0.7%,M:2.7%,n:12234",96.6,"0.2.13",217,75.7895,"deutero"
"Saccopteryx_leptura","GCA_036850995.1","Laurasiatheria",66.36,17812205,"C:96.6%[S:95.1%,D:1.5%],F:0.7%,M:2.7%,n:12234",96.6,"0.2.13",217,75.7895,"deutero"
"Acrobasis_suavella","GCA_943193685.1","Lepidoptera",68.66,1054392,"C:73.0%[S:70.8%,D:2.2%],F:3.2%,M:23.8%,n:5286",73,"0.2.13",67,74.1935,"proto"
"Euclidia_mi","GCA_944738845.1","Lepidoptera",71.64,2192653,"C:97.2%[S:94.6%,D:2.6%],F:0.9%,M:1.9%,n:5286",97.2,"0.2.13",67,77.4194,"proto"
"Andrena_minutula","GCA_929113495.1","Endopterygota",68.75,12677561,"C:94.8%[S:94.5%,D:0.3%],F:1.4%,M:3.8%,n:5991",94.8,"0.2.13",64,72.1311,"proto"
"Pheosia_gnoma","GCA_905404115.1","Lepidoptera",71.64,7537178,"C:95.5%[S:95.1%,D:0.4%],F:0.9%,M:3.6%,n:5286",95.5,"0.2.13",67,77.4194,"proto"
"Doryrhamphus_excisus","GCA_037039965.1","Clupeocephala",75.44,19371520,"C:92.1%[S:91.0%,D:1.1%],F:1.4%,M:6.5%,n:3640",92.1,"0.2.13",114,85.1485,"deutero"
"Homo_sapiens","GCA_018469405.1","Catarrhini",84.49,56644858,"C:99.0%[S:98.5%,D:0.5%],F:0.2%,M:0.8%,n:13780",99,"0.2.13",245,99.5192,"deutero"
"Salmo_salar","GCA_021399835.1","Clupeocephala",82.46,4207077,"C:97.9%[S:55.0%,D:42.9%],F:0.7%,M:1.4%,n:3640",97.9,"0.2.13",114,93.0693,"deutero"
"Ovis_aries","GCA_017524585.1","Laurasiatheria",77.88,74601179,"C:96.6%[S:95.0%,D:1.6%],F:1.2%,M:2.2%,n:13335",96.6,"0.2.13",217,88.9474,"deutero"
"Melanophora_roralis","GCA_963583895.1","Diptera",68.66,3908477,"C:95.8%[S:91.7%,D:4.1%],F:2.5%,M:1.7%,n:3285",95.8,"0.2.13",67,74.1935,"proto"
"Athripsodes_cinereus","GCA_947579605.1","Endopterygota",64.06,948465,"C:89.9%[S:88.1%,D:1.8%],F:5.0%,M:5.1%,n:2124",89.9,"0.2.13",64,67.2131,"proto"
"Parambassis_ranga","GCA_900634625.1","Clupeocephala",85.09,5080925,"C:94.9%[S:93.2%,D:1.7%],F:1.6%,M:3.5%,n:3640",94.9,"0.2.13",114,96.0396,"deutero"
"Danio_aesculapii","GCA_903798145.1","Clupeocephala",85.09,1517104,"C:92.6%[S:90.1%,D:2.5%],F:2.0%,M:5.4%,n:3640",92.6,"0.2.13",114,96.0396,"deutero"
"Porites_lutea","GCA_958299795.1","Cnidaria",0,3486875,"C:94.7%[S:93.3%,D:1.4%],F:2.4%,M:2.9%,n:954",94.7,"0.2.13",3,0,"combined"
"Melinaea_marsaeus_rileyi","GCA_918361175.2","Lepidoptera",68.66,6317639,"C:91.0%[S:89.9%,D:1.1%],F:0.5%,M:8.5%,n:5286",91,"0.2.13",67,74.1935,"proto"
"Chrysoperla_carnea","GCA_905475395.1","Endopterygota",71.88,67795596,"C:96.1%[S:94.9%,D:1.2%],F:0.6%,M:3.3%,n:2124",96.1,"0.2.13",64,75.4098,"proto"
"Ophion_obscuratus","GCA_964007375.1","Endopterygota",62.5,505137,"C:89.3%[S:88.8%,D:0.5%],F:4.9%,M:5.8%,n:5991",89.3,"0.2.13",64,65.5738,"proto"
"Ophion_obscuratus","GCA_964007375.1","Endopterygota",62.5,505137,"C:89.3%[S:88.8%,D:0.5%],F:4.9%,M:5.8%,n:5991",89.3,"0.2.13",64,65.5738,"proto"
"Ophion_obscuratus","GCA_964007375.1","Endopterygota",62.5,505137,"C:89.3%[S:88.8%,D:0.5%],F:4.9%,M:5.8%,n:5991",89.3,"0.2.13",64,65.5738,"proto"
"Ophion_obscuratus","GCA_964007375.1","Endopterygota",62.5,505137,"C:89.3%[S:88.8%,D:0.5%],F:4.9%,M:5.8%,n:5991",89.3,"0.2.13",64,65.5738,"proto"
"Pristis_pectinata","GCA_009764475.2","Chondrichthyes",80.61,17009522,"C:91.6%[S:89.3%,D:2.3%],F:3.3%,M:5.1%,n:3354",91.6,"0.2.13",98,87.7778,"deutero"
"Homo_sapiens","GCA_018472725.1","Catarrhini",84.49,55592407,"C:98.8%[S:98.3%,D:0.5%],F:0.2%,M:1.0%,n:13780",98.8,"0.2.13",245,99.5192,"deutero"
"Agrotis_puta","GCA_943137145.1","Lepidoptera",71.64,678326,"C:96.2%[S:95.2%,D:1.0%],F:1.1%,M:2.7%,n:5286",96.2,"0.2.13",67,77.4194,"proto"
"Plectropomus_leopardus","GCA_026936395.1","Clupeocephala",85.96,33249682,"C:96.9%[S:95.9%,D:1.0%],F:0.8%,M:2.3%,n:3640",96.9,"0.2.13",114,97.0297,"deutero"
"Xylocampa_areola","GCA_935412865.1","Lepidoptera",67.16,700934,"C:87.2%[S:84.2%,D:3.0%],F:2.7%,M:10.1%,n:5286",87.2,"0.2.13",67,72.5806,"proto"
"Cosmia_pyralina","GCA_946251865.1","Lepidoptera",67.16,510488,"C:93.0%[S:91.5%,D:1.5%],F:1.6%,M:5.4%,n:5286",93,"0.2.13",67,72.5806,"proto"
"Electrophaes_corylata","GCA_947095555.1","Lepidoptera",68.66,3298091,"C:92.5%[S:89.4%,D:3.1%],F:2.2%,M:5.3%,n:5286",92.5,"0.2.13",67,74.1935,"proto"
"Cygnus_atratus","GCA_013377495.2","Neognathae",78.91,28995010,"C:93.7%[S:93.4%,D:0.3%],F:1.9%,M:4.4%,n:8338",93.7,"0.2.13",128,89.3805,"deutero"
"Acronicta_aceris","GCA_910591435.1","Lepidoptera",71.64,15394549,"C:93.8%[S:91.5%,D:2.3%],F:2.3%,M:3.9%,n:5286",93.8,"0.2.13",67,77.4194,"proto"
"Sciurus_vulgaris","GCA_902686455.2","Glires",80,16333633,"C:95.2%[S:92.2%,D:3.0%],F:1.5%,M:3.3%,n:12692",95.2,"0.2.13",220,92.1466,"deutero"
"Andrena_dorsata","GCA_929108735.1","Endopterygota",70.31,30063116,"C:95.4%[S:95.0%,D:0.4%],F:1.2%,M:3.4%,n:5991",95.4,"0.2.13",64,73.7705,"proto"
"Homo_sapiens","GCA_018467155.1","Catarrhini",84.08,81112077,"C:99.0%[S:98.6%,D:0.4%],F:0.2%,M:0.8%,n:13780",99,"0.2.13",245,99.0385,"deutero"
"Acomys_minous","GCA_964271855.1","Muridae",68.64,29281624,"C:97.7%[S:96.7%,D:1.0%],F:0.5%,M:1.8%,n:13798",97.7,"0.2.13",236,78.2609,"deutero"
"Acomys_minous","GCA_964271855.1","Muridae",68.64,29281624,"C:97.7%[S:96.7%,D:1.0%],F:0.5%,M:1.8%,n:13798",97.7,"0.2.13",236,78.2609,"deutero"
"Acomys_minous","GCA_964271855.1","Muridae",68.64,29281624,"C:97.7%[S:96.7%,D:1.0%],F:0.5%,M:1.8%,n:13798",97.7,"0.2.13",236,78.2609,"deutero"
"Acomys_minous","GCA_964271855.1","Muridae",68.64,29281624,"C:97.7%[S:96.7%,D:1.0%],F:0.5%,M:1.8%,n:13798",97.7,"0.2.13",236,78.2609,"deutero"
"Mythimna_lalbum","GCA_949319445.1","Lepidoptera",71.64,9459547,"C:92.2%[S:88.7%,D:3.5%],F:3.5%,M:4.3%,n:5286",92.2,"0.2.13",67,77.4194,"proto"
"Anguilla_rostrata","GCA_018555375.3","Neopterygii",81.98,5074093,"C:93.0%[S:84.7%,D:8.3%],F:2.3%,M:4.7%,n:3640",93,"0.2.13",111,92.8571,"deutero"
"Thumatha_senex","GCA_948477245.1","Lepidoptera",73.13,27325957,"C:90.0%[S:86.4%,D:3.6%],F:4.9%,M:5.1%,n:5286",90,"0.2.13",67,79.0323,"proto"
"Thecophora_atra","GCA_937620795.1","Diptera",68.66,7720000,"C:92.3%[S:87.0%,D:5.3%],F:2.3%,M:5.4%,n:3285",92.3,"0.2.13",67,74.1935,"proto"
"Plakobranchus_ocellatus","GCA_019648995.1","Mollusca",80.77,5479,"C:89.5%[S:88.2%,D:1.3%],F:2.1%,M:8.4%,n:5295",89.5,"0.2.13",52,80.7692,"proto"
"Plakobranchus_ocellatus","GCA_019648995.1","Mollusca",80.77,5479,"C:89.5%[S:88.2%,D:1.3%],F:2.1%,M:8.4%,n:5295",89.5,"0.2.13",52,80.7692,"proto"
"Plakobranchus_ocellatus","GCA_019648995.1","Mollusca",80.77,5479,"C:89.5%[S:88.2%,D:1.3%],F:2.1%,M:8.4%,n:5295",89.5,"0.2.13",52,80.7692,"proto"
"Plakobranchus_ocellatus","GCA_019648995.1","Mollusca",80.77,5479,"C:89.5%[S:88.2%,D:1.3%],F:2.1%,M:8.4%,n:5295",89.5,"0.2.13",52,80.7692,"proto"
"Ruditapes_philippinarum","GCA_026571515.2","Mollusca",78.85,183074,"C:84.1%[S:77.2%,D:6.9%],F:2.7%,M:13.2%,n:5295",84.1,"0.2.13",52,78.8462,"proto"
"Ruditapes_philippinarum","GCA_026571515.2","Mollusca",78.85,183074,"C:84.1%[S:77.2%,D:6.9%],F:2.7%,M:13.2%,n:5295",84.1,"0.2.13",52,78.8462,"proto"
"Ruditapes_philippinarum","GCA_026571515.2","Mollusca",78.85,183074,"C:84.1%[S:77.2%,D:6.9%],F:2.7%,M:13.2%,n:5295",84.1,"0.2.13",52,78.8462,"proto"
"Ruditapes_philippinarum","GCA_026571515.2","Mollusca",78.85,183074,"C:84.1%[S:77.2%,D:6.9%],F:2.7%,M:13.2%,n:5295",84.1,"0.2.13",52,78.8462,"proto"
"Orgyia_antiqua","GCA_916999025.1","Lepidoptera",71.64,32004277,"C:97.2%[S:96.5%,D:0.7%],F:0.7%,M:2.1%,n:5286",97.2,"0.2.13",67,77.4194,"proto"
"Germaria_angustata","GCA_963681545.1","Diptera",67.16,7508000,"C:96.1%[S:91.1%,D:5.0%],F:2.1%,M:1.8%,n:3285",96.1,"0.2.13",67,72.5806,"proto"
"Calliphora_vomitoria","GCA_942486065.1","Diptera",67.16,10783502,"C:97.9%[S:97.4%,D:0.5%],F:0.3%,M:1.8%,n:3285",97.9,"0.2.13",67,72.5806,"proto"
"Homo_sapiens","GCA_018504365.1","Catarrhini",84.49,32308382,"C:98.9%[S:98.5%,D:0.4%],F:0.2%,M:0.9%,n:13780",98.9,"0.2.13",245,99.5192,"deutero"
"Diabrotica_balteata","GCA_918026665.1","Endopterygota",70.31,1459540,"C:88.7%[S:87.2%,D:1.5%],F:3.8%,M:7.5%,n:2124",88.7,"0.2.13",64,73.7705,"proto"
"Cyrtodaria_siliqua","GCA_037043455.1","Mollusca",80.77,177195,"C:76.9%[S:65.2%,D:11.7%],F:4.3%,M:18.8%,n:5295",76.9,"0.2.13",52,80.7692,"proto"
"Osmia_bicornis_bicornis","GCA_907164935.1","Endopterygota",68.75,9077890,"C:93.8%[S:93.7%,D:0.1%],F:2.1%,M:4.1%,n:5991",93.8,"0.2.13",64,72.1311,"proto"
"Phalera_bucephala","GCA_905147805.2","Lepidoptera",71.64,660869,"C:90.1%[S:88.7%,D:1.4%],F:1.0%,M:8.9%,n:5286",90.1,"0.2.13",67,77.4194,"proto"
"Amphipyra_tragopoginis","GCA_905220435.1","Lepidoptera",73.13,23469271,"C:96.6%[S:96.0%,D:0.6%],F:0.9%,M:2.5%,n:5286",96.6,"0.2.13",67,79.0323,"proto"
"Bos_taurus","GCA_040286185.1","Laurasiatheria",82.49,111091738,"C:96.9%[S:93.1%,D:3.8%],F:1.1%,M:2.0%,n:13335",96.9,"0.2.13",217,94.2105,"deutero"
"Gymnosoma_rotundatum","GCA_916610175.2","Diptera",68.66,1467052,"C:93.9%[S:92.9%,D:1.0%],F:0.8%,M:5.3%,n:3285",93.9,"0.2.13",67,74.1935,"proto"
"Iphiclides_podalirius","GCA_933534255.1","Lepidoptera",70.15,5183580,"C:94.1%[S:93.7%,D:0.4%],F:1.5%,M:4.4%,n:5286",94.1,"0.2.13",67,75.8065,"proto"
"Salmo_salar","GCA_931346935.2","Clupeocephala",82.46,19218354,"C:91.3%[S:51.3%,D:40.0%],F:4.0%,M:4.7%,n:3640",91.3,"0.2.13",114,93.0693,"deutero"
"Platycheirus_rosarum","GCA_963971375.1","Diptera",73.13,4627859,"C:94.3%[S:93.0%,D:1.3%],F:1.9%,M:3.8%,n:3285",94.3,"0.2.13",67,79.0323,"proto"
"Platycheirus_rosarum","GCA_963971375.1","Diptera",73.13,4627859,"C:94.3%[S:93.0%,D:1.3%],F:1.9%,M:3.8%,n:3285",94.3,"0.2.13",67,79.0323,"proto"
"Platycheirus_rosarum","GCA_963971375.1","Diptera",73.13,4627859,"C:94.3%[S:93.0%,D:1.3%],F:1.9%,M:3.8%,n:3285",94.3,"0.2.13",67,79.0323,"proto"
"Platycheirus_rosarum","GCA_963971375.1","Diptera",73.13,4627859,"C:94.3%[S:93.0%,D:1.3%],F:1.9%,M:3.8%,n:3285",94.3,"0.2.13",67,79.0323,"proto"
"Amblyteles_armatorius","GCA_933228735.1","Endopterygota",65.62,4858240,"C:93.3%[S:92.9%,D:0.4%],F:1.1%,M:5.6%,n:5991",93.3,"0.2.13",64,68.8525,"proto"
"Andrena_haemorrhoa","GCA_910592295.1","Endopterygota",70.31,13237341,"C:93.3%[S:93.1%,D:0.2%],F:2.7%,M:4.0%,n:5991",93.3,"0.2.13",64,73.7705,"proto"
"Rana_temporaria","GCA_905171775.1","Amphibia",78.57,6264810,"C:93.4%[S:91.0%,D:2.4%],F:1.5%,M:5.1%,n:5310",93.4,"0.2.13",112,87.1287,"deutero"
